fips_code,covid_rate,social_score
1005,0.0031596856517864375,139.79999999999998
1011,0.010593010593010594,57.41129032258062
1013,0.005039078568490334,120.71612903225804
1019,0.004848068407390441,234.5
1023,0.0035745492096274523,63.349677419354826
1025,0.0190500381000762,92.16225806451611
1027,0.012240272006044578,100.00064516129034
1029,0.006103286384976526,116.10193548387095
1035,0.006463909836744841,63.456774193548384
1039,0.003670814326972388,183.0
1041,0.008713331397037467,100.83483870967738
1049,0.006026876232293429,457.5
1053,0.007397701525946551,195.70645161290327
1057,0.007422402159244264,129.87096774193552
1059,0.012020917033352464,249.03225806451613
1063,0.004808285045000617,46.199999999999974
1075,0.005939876856211518,110.47129032258067
1087,0.00531326101394731,149.31612903225803
1091,0.006414674229974023,92.93548387096772
1093,0.006496347908041334,207.5
1099,0.002845704914870014,96.31451612903223
1105,0.006836265829877844,48.50999999999997
1111,0.004136959774667723,187.05161290322584
1119,0.0028969180011265794,62.85935483870966
1123,0.0032699977704560654,290.5
1129,0.01231165012862918,55.051935483870956
1131,0.007905138339920948,43.399032258064494
1133,0.00537475136484828,196.79709677419356
2013,0.00029967036260113877,1.5518949248709184
2016,0.0003549875754348598,2.616774193548387
2050,0.0021755683672359406,1.0503225806451613
2060,0.004784688995215311,7.759474624354592
2068,0.0,0.3879737312177296
2070,0.0008136696501220504,1.1639211936531888
2100,0.0003952569169960474,4.267711043395026
2110,0.0027522361919059234,45.16516129032258
2122,0.001992914083259522,13.6
2130,0.0008632472483993957,8.932903225806447
2150,0.0006154793045083859,6.848709677419352
2164,0.0,0.3879737312177296
2180,0.0023990403838464614,0.8399999999999997
2185,0.0026444263628966637,0.28290322580645155
2188,0.004986222280540612,0.44322580645161286
2195,0.0003061849357011635,4.655684774612755
2220,0.0020016484163428707,9.369999999999996
2240,0.0005802988539097636,0.9841935483870963
2261,0.0031514888067811346,0.9899999999999993
2282,0.018998272884283247,0.3879737312177296
2290,0.00497131931166348,0.0
4001,0.004785288021478153,21.11999999999999
4009,0.006771892782655715,31.772903225806456
4011,0.0003158559696778269,14.141290322580643
4012,0.0013738866780367634,15.179999999999989
5001,0.005375729154752373,82.25032258064513
5003,0.008037849112275525,101.25161290322579
5005,0.0018124582657636174,372.8087096774194
5009,0.005556742893780722,311.89516129032256
5011,0.014587011056396915,58.52419354838706
5013,0.0023125843129697438,28.214516129032248
5015,0.004862579281183933,201.8258064516129
5017,0.045068195295512946,60.862258064516105
5019,0.0036290322580645163,129.7393548387097
5021,0.0054979039241289255,107.70967741935482
5023,0.003250531722781813,230.41516129032257
5027,0.004732062923647525,156.66870967741932
5029,0.0034539000287825005,182.19193548387094
5037,0.007430415981484865,132.3709677419355
5039,0.010129833071764873,40.25999999999998
5041,0.008890062494498724,71.52516129032254
5043,0.008178275426752292,104.66612903225808
5047,0.0034998588766581994,115.45096774193553
5049,0.003446341267932997,65.33999999999996
5057,0.006037525543377299,135.7364516129032
5061,0.010149977276170277,87.71225806451616
5063,0.0114738929279577,238.91612903225808
5065,0.004329004329004329,77.42322580645158
5067,0.007536335905257491,122.3032258064516
5071,0.005756640830762285,179.01870967741934
5073,0.0030193236714975845,47.56935483870965
5075,0.004266731683530416,130.23999999999998
5077,0.013661510669526929,56.755161290322555
5083,0.010528277275691791,117.53161290322586
5089,0.001317838744459087,116.99999999999996
5095,0.006715415609610506,53.6
5097,0.008457600712219007,40.653548387096755
5099,0.003999030538051382,49.40451612903225
5101,0.003740487553205211,33.06935483870966
5103,0.003549739115558977,153.30967741935478
5109,0.009236797910057847,80.11225806451608
5113,0.004958926066920457,102.61935483870964
5115,0.009567361718067175,380.0
5117,0.006946167204167701,45.949032258064506
5121,0.008185766789174742,120.10451612903223
5127,0.004377006127808579,41.09225806451611
5129,0.00951655881233346,40.748709677419335
5133,0.013406244487563944,110.76580645161296
5135,0.0028666437335167984,124.45612903225802
5137,0.01127458819766512,87.58838709677416
5139,0.006799027971666408,198.43032258064517
5141,0.004110003022061046,107.04516129032254
5147,0.0014240506329113924,40.91999999999998
6003,0.0,6.207579699483674
6005,0.004150734554236265,268.3929032258063
6009,0.0024180372508441346,180.09774193548387
6011,0.0056620411194133755,74.4
6015,0.0012584495901049907,116.898064516129
6021,0.004508153418096009,85.6
6023,0.0011434220038655041,151.52967741935487
6027,0.007151172459670714,7.2
6035,0.0027802309227095805,30.8
6043,0.0010463291286403535,41.57999999999998
6049,0.0011310937676733402,8.249999999999995
6051,0.0013846579894765993,15.055161290322577
6063,0.0004253735311320253,25.739999999999984
6091,0.0013311148086522463,11.154193548387092
6093,0.0014929143985851765,28.8
6105,0.0006512006512006512,13.940322580645153
8003,0.0008624407072013799,89.94903225806448
8007,0.0011404946895716018,30.17387096774194
8009,0.0005585032113934655,4.9499999999999975
8011,0.0010758472296933835,14.18999999999999
8015,0.0014737669483199057,61.94064516129035
8017,0.0005461496450027307,3.299999999999998
8021,0.0009750152346130408,21.11999999999999
8023,0.002572678157962439,9.569999999999993
8025,0.00016498927569707968,24.419999999999987
8027,0.0013812154696132596,19.139999999999986
8029,0.0019896027212630766,108.66225806451614
8033,0.00048661800486618007,7.371500893136862
8037,0.002829829303245234,120.6
8045,0.002547410133031418,77.32419354838709
8049,0.0013346892080844032,26.451612903225808
8051,0.0025770243958309473,15.419032258064508
8053,0.0,3.103789849741837
8055,0.00043497172683775554,13.859999999999992
8057,0.0007183908045977011,3.4917635809595664
8061,0.0,2.639999999999999
8063,0.004508947442581373,12.539999999999992
8065,0.0012304663467454166,65.27161290322579
8071,0.00034468495794843514,12.8
8073,0.00035081564637782847,8.4
8075,0.0018296220268642063,51.759999999999984
8079,0.0013003901170351106,3.103789849741837
8081,0.0007528419784687194,9.51387096774193
8083,0.0006492762479471413,41.57999999999998
8089,0.001641317430791115,60.46516129032258
8091,0.0026252019386106625,27.536129032258057
8095,0.0,21.324193548387086
8097,0.0017448077897225193,64.74774193548387
8099,0.0031219191587249424,25.409999999999986
8103,0.002688172043010753,6.929999999999996
8105,0.0006212833939824266,43.229999999999976
8107,0.001365161089008503,39.93548387096774
8109,0.0005861664712778429,6.269999999999996
8111,0.005494505494505495,6.983527161919133
8113,0.002445286709866732,16.27258064516129
8115,0.00044483985765124553,14.18999999999999
8117,0.0013221115088194511,204.47741935483873
8121,0.0012224938875305623,6.269999999999996
8125,9.981036031540073e-05,13.859999999999992
12007,0.01464487074926421,485.0
12013,0.020489188231123716,90.13354838709681
12029,0.02775466539878759,76.28870967741932
12037,0.03595876288659794,82.21935483870972
12043,0.004851205560784882,52.79999999999997
12047,0.008940948156362628,99.49935483870969
12059,0.010195238823469439,180.4903225806451
12063,0.016589822036454517,259.285806451613
12067,0.13084777962479222,53.78999999999997
12075,0.00809580030359251,156.59677419354836
12077,0.0075412975819966485,32.22580645161289
12079,0.014275671875844914,116.00903225806447
12121,0.029448184253776707,295.85903225806453
12123,0.040335666929389405,90.7896774193548
12125,0.024873662794513356,281.54322580645163
12133,0.020060456169277274,190.08387096774194
13001,0.018002828238877406,166.0645161290323
13003,0.015064298836497245,86.44999999999999
13005,0.010121820136151916,209.37967741935483
13007,0.005595786701777485,32.54806451612902
13011,0.0073827596963710095,396.5
13017,0.017005988023952097,352.5
13019,0.00639274114553797,191.59903225806454
13023,0.017478443253320906,301.3290322580645
13037,0.006139925674583939,79.17838709677414
13043,0.013144496899009534,221.6777419354839
13049,0.015905017921146954,62.8
13053,0.0511598056294123,204.8729032258065
13061,0.013761467889908258,53.47451612903223
13065,0.017981263221517076,27.88548387096773
13069,0.011415894437640099,368.5
13075,0.00671685002895194,379.0
13091,0.006745935452560059,192.60645161290321
13093,0.00351008215085885,132.1209677419355
13099,0.0070657507360157015,77.33064516129033
13101,0.0037443834248627058,31.634516129032242
13105,0.007971241012816505,282.92645161290324
13107,0.016205952486090257,151.541935483871
13109,0.015299418058944997,267.4045161290323
13111,0.006873377119291278,306.0
13119,0.008736990877553643,422.5
13123,0.008479709267110842,330.85838709677415
13125,0.004039044092898014,72.0006451612903
13131,0.011082693947144074,252.29032258064515
13133,0.010860074219602707,193.84354838709675
13141,0.00934137400969611,65.22580645161287
13147,0.005991223049036444,542.5
13155,0.007327952421410365,95.36483870967741
13161,0.01931855772411512,214.46709677419358
13163,0.015883348522327822,138.14838709677417
13165,0.010258183494698018,83.53548387096772
13167,0.012547962252411076,113.23967741935483
13175,0.013376519581037312,300.0
13187,0.012198750371913121,529.5
13193,0.002548853016142736,125.35741935483865
13201,0.015215110178384051,75.53
13205,0.004848373965146595,200.9235483870967
13209,0.010139555167902312,141.21580645161296
13237,0.011166870111668701,303.8270967741936
13239,0.0008699434536755111,54.13741935483869
13241,0.005368500904475696,208.0774193548387
13243,0.008114488049572145,59.39999999999996
13251,0.009021910353716169,78.80838709677423
13253,0.018541409147095178,156.29870967741937
13257,0.011687560270009643,730.5
13259,0.016613804561244526,42.79354838709675
13263,0.00516545601291364,57.07258064516127
13265,0.004554326610279766,34.141688347160205
13267,0.011152416356877323,231.16258064516123
13269,0.010972568578553617,83.05677419354839
13271,0.006116015132408575,132.19322580645166
13277,0.006913689597480563,774.5
13279,0.017890421170331718,374.0
13281,0.00847387222729916,314.5
13283,0.01724387769888422,124.0887096774194
13287,0.0068879148403256105,111.36741935483876
13289,0.008990147783251232,100.55612903225806
13291,0.011545836563175716,330.21677419354836
13299,0.007975597470196452,202.71225806451613
13301,0.01218119527978683,68.708064516129
13303,0.010503582997938549,132.9522580645161
13307,0.0007671653241273494,44.21999999999998
13309,0.008274984086569064,82.82999999999996
13311,0.007305669199298656,564.0
13315,0.007064273306311523,81.48225806451609
13317,0.005011762299273806,75.7464516129032
13319,0.013290149653786018,70.61999999999995
15001,0.0012356522904229503,162.87096774193554
15007,0.0001383259790021164,419.18774193548387
16003,0.0016301816488122963,9.569999999999993
16007,0.003918367346938775,20.12999999999999
16009,0.006560550656055065,38.903225806451594
16013,0.001650666782502932,32.4
16021,0.0008166598611678236,28.37999999999998
16023,0.004235656526761648,4.289999999999997
16025,0.0027124773960217,3.879737312177296
16029,0.0023759608665269044,12.869999999999992
16031,0.004993757802746567,29.369999999999983
16033,0.023668639053254437,2.3278423873063776
16035,0.0006852444038373687,11.879999999999994
16037,0.006720741599073001,2.9699999999999984
16047,0.006588049278608604,69.95999999999995
16049,0.0007799844003119938,6.269999999999996
16053,0.00766016713091922,159.07258064516122
16059,0.007225613554254391,5.489354838709675
16061,-0.0002605523710265763,26.399999999999984
16063,0.003168095415579575,14.106774193548379
16067,0.006369124007795047,112.92419354838707
16071,0.0028691238137276537,11.879999999999994
16077,0.010154927743783362,18.479999999999986
16079,0.010091600683123739,16.16999999999999
16081,0.005682754076758359,76.03806451612901
16083,0.005594051428439881,184.2716129032258
16085,0.0033356741573033707,8.561612903225804
16087,0.009319207376888365,23.099999999999987
17001,0.005776724994269122,391.74032258064517
17003,0.001562228779725742,114.82258064516124
17009,0.0010641532380662815,79.15709677419353
17011,0.007570185117077357,173.89741935483863
17015,0.006361412093673541,123.10903225806454
17017,0.008808759364452128,129.86032258064523
17023,0.003238132245320899,141.0212903225806
17025,0.0051577669902912624,134.84354838709675
17029,0.011991070899429091,530.0
17033,0.0026249531258370385,191.92161290322576
17035,0.00873119078580717,114.11967741935486
17041,0.00611353711790393,224.20645161290318
17045,0.0033797564244507894,128.52451612903224
17047,0.004222048475371384,106.28451612903226
17049,0.013290990355210539,357.5
17051,0.0054368203974503185,134.36516129032253
17055,0.005900855234084588,484.0
17059,0.004349627174813587,56.755161290322555
17061,0.007556480838923587,84.47999999999996
17065,0.0032035485460818135,71.64677419354841
17067,0.006211881635419019,79.52999999999996
17069,0.0005234231876472127,80.50354838709673
17071,0.005416792055371652,63.939032258064486
17075,0.0021391163236704285,113.86516129032256
17079,0.008220603537981269,64.67999999999996
17081,0.007456745568410997,340.0
17085,0.003108076289145279,149.46225806451616
17087,0.005073689296931626,136.36451612903232
17101,0.006187013649700217,168.9896774193549
17109,0.0026952361700694023,254.02322580645156
17125,0.0032936597050677446,94.49806451612903
17127,0.0023235550392099913,298.99999999999994
17135,0.004012106707960864,190.1148387096774
17139,0.0075167229846217504,164.11032258064523
17145,0.009083954867087397,238.30967741935487
17149,0.003791530107319581,69.68322580645163
17151,0.0028728752693320567,39.92999999999998
17153,0.005810684161199625,103.16612903225801
17155,0.0022652029970378113,136.3306451612904
17157,0.010131520986722044,287.6206451612904
17159,0.0032875652678398763,206.7325806451613
17165,0.0026393086714060704,328.0
17169,0.0008865248226950354,57.87129032258063
17171,0.007473237729751565,74.82483870967744
17173,0.006841083479707868,126.94516129032257
17175,0.003182328715836765,68.63999999999996
17181,0.009007386056566384,185.88612903225803
17185,0.006857638888888889,237.64354838709676
17187,0.0046900973640465445,140.17999999999998
17189,0.004176568013249802,111.89935483870964
17191,0.004378661732963305,101.04999999999997
17193,0.00494939794636921,130.4309677419355
18009,0.001956114985541759,335.63161290322586
18025,0.0022690744067315875,126.13354838709678
18027,0.007795868189859375,355.661935483871
18037,0.005475477349307376,489.0516129032258
18045,0.002018842530282638,191.13677419354835
18047,0.0036470691624923106,286.73516129032254
18049,0.0035546210073095024,261.6380645161291
18051,0.003654297513295107,343.5
18055,0.004323037403671449,290.71774193548384
18075,0.0023977294969661383,243.40258064516124
18083,0.006011914521506258,372.5
18087,0.0016155904478214772,454.2967741935484
18101,0.007313505607020965,110.78064516129037
18117,0.004173877634123995,237.91548387096776
18121,0.00200743933400248,146.5645161290323
18123,0.0013563566174552664,249.24774193548387
18131,0.0023476078685339594,113.13387096774198
18135,0.0028785728765457126,249.90387096774188
18137,0.0021183448665442733,311.12193548387097
18139,0.0032567396417586395,181.53096774193543
18147,0.0023672140849238053,237.9406451612903
18149,0.0023483365949119373,342.6387096774193
18151,0.002485980227785165,553.5
18155,0.002232350479025207,173.62548387096777
18159,0.006007393715341959,300.27483870967734
18171,0.0022988505747126436,78.99451612903223
18177,0.0037338352255479328,857.5
18181,0.004107542942494399,240.06451612903223
19001,0.004054809843400447,49.86290322580648
19003,0.001943364797334814,33.70967741935482
19005,0.0021918608898955213,73.91999999999994
19007,0.0036214389183969096,112.70677419354833
19009,0.0020014556040756915,45.53999999999998
19019,0.003305785123966942,158.52032258064514
19021,0.002242609582059123,150.22451612903222
19023,0.006717916753237759,84.47999999999996
19025,0.004964832436905255,58.62258064516127
19027,0.010662038184973965,182.6458064516129
19029,0.005453412277968215,93.78032258064518
19031,0.001986363880388683,118.64741935483876
19033,0.00607773851590106,387.74806451612903
19035,0.0038273253226524255,76.58838709677421
19037,0.00519567585686751,84.69709677419351
19039,0.007131452900478978,86.41612903225807
19041,0.004245754245754246,136.6625806451613
19043,0.00490056413470853,79.59580645161289
19047,0.007669441141498217,101.61354838709673
19051,0.003777777777777778,59.21612903225805
19053,0.002922490470139771,52.675161290322556
19055,0.00775968490976427,134.38677419354835
19057,0.01088100187338004,483.56225806451613
19059,0.0030710395179047397,217.1632258064516
19063,0.004669852302345786,89.65806451612906
19065,0.0032061068702290076,102.49870967741936
19067,0.006776627029791587,117.25483870967749
19069,0.008540218470705064,61.90709677419351
19071,0.003879310344827586,53.87870967741937
19073,0.0016876687668766876,56.55354838709678
19079,0.0029107154944831787,101.69290322580649
19081,0.004045155221072436,73.18064516129033
19083,0.00409592781669239,113.96000000000006
19087,0.008770171394206676,228.258064516129
19089,0.009390696658659096,67.44193548387094
19091,0.006905210295040804,80.99548387096777
19093,0.0020408163265306124,55.389677419354804
19095,0.0017301038062283738,125.00999999999999
19097,0.004063995061474356,116.34580645161296
19101,0.0023503689532659196,178.39451612903224
19107,0.0034159672067148156,61.42322580645159
19109,0.003105380409100115,55.27741935483871
19111,0.009893929940279883,333.53419354838707
19115,0.0016311735387403716,95.58096774193545
19117,0.006279069767441861,72.85064516129033
19119,0.004338579327945555,66.6622580645161
19123,0.003892283322018556,191.32129032258067
19125,0.010134423961747812,299.33677419354837
19131,0.0029283959947099944,80.50000000000001
19133,0.002089378990133488,44.91967741935483
19135,0.005709095627351758,66.77419354838712
19137,0.0035292931330039327,108.05548387096773
19141,0.006180469715698393,90.27903225806455
19143,0.0036925142665323934,53.1464516129032
19145,0.002846362613358046,110.26000000000006
19147,0.004726536124240378,59.635161290322586
19151,0.0027194440247771566,41.909999999999975
19157,0.0024859489840034586,148.3716129032258
19159,0.002043318348998774,31.80387096774192
19161,0.0036004526283304186,60.561290322580625
19165,0.005238344683080147,75.15677419354843
19167,0.00883660880791852,197.69161290322583
19171,0.005280645544084491,82.4496774193548
19173,0.0032674399607907204,39.42354838709676
19175,0.002205702148517278,146.18580645161293
19177,0.010079500283929585,51.47999999999997
19179,0.007377963338957363,411.7016129032258
19185,0.005433938829374321,40.25999999999998
19187,0.009024064171122994,262.93064516129033
19189,0.008595711802202047,103.94161290322585
19191,0.0071031964383972785,112.45645161290328
19195,0.0027096599376778214,64.78387096774193
19197,0.006368412673141219,82.59483870967745
20001,0.0005659309564233164,115.84354838709675
20003,0.0008908119114278443,45.929032258064495
20007,0.00045177320984865596,13.191290322580642
20009,0.00678847123627759,141.1432258064516
20011,0.001169671116003853,108.47516129032256
20013,0.004600585529067336,62.943548387096804
20017,0.0222809667673716,11.810322580645156
20019,0.0012307692307692308,18.69967741935483
20021,0.008676463212799038,157.17161290322574
20023,0.001881821603312006,8.422258064516129
20025,0.0015045135406218655,7.545483870967738
20027,0.0017495626093476631,44.32645161290321
20029,0.0034145231049396768,48.00870967741937
20031,0.0017117006969067123,46.97774193548387
20033,0.0035294117647058825,7.285161290322579
20039,0.0010611956137247967,10.591935483870962
20041,0.0021661431820643342,99.51354838709676
20047,0.005360972122944961,16.16999999999999
20049,0.0,14.84999999999999
20051,0.010191573564949392,157.6941935483871
20053,0.0011471648639790233,30.02999999999998
20055,0.004168152027860805,123.26129032258059
20057,0.009012760641304024,140.2890322580645
20063,0.0030349013657056147,8.249999999999995
20065,0.0036261079774375505,9.569999999999993
20067,0.009370629370629371,44.353548387096765
20069,0.00584502338009352,22.76999999999999
20071,0.0016233766233766235,5.187096774193546
20073,0.001671681711802073,19.2416129032258
20075,0.0019692792437967705,8.857741935483867
20077,0.01913171449595291,24.314516129032246
20081,0.0007560483870967742,24.419999999999987
20083,0.0011148272017837235,7.174838709677417
20089,0.0017367141368530739,10.89096774193548
20093,0.0036477331943720686,14.734838709677414
20097,0.0008080808080808081,11.482258064516124
20099,0.0038739932714853707,142.42903225806447
20101,0.0013029315960912053,7.734193548387093
20105,0.00033760972316002703,14.84999999999999
20109,0.0,8.479354838709675
20113,0.002907995235092145,150.12903225806448
20115,0.0013463480309660047,43.9606451612903
20117,0.0008241475224065107,36.88774193548385
20119,0.0061988594098685845,15.509999999999991
20123,0.0008362602441879914,29.85387096774192
20125,0.0032360426026579532,249.01645161290324
20127,0.0019572953736654805,27.556451612903214
20129,0.00038654812524159255,14.633548387096768
20131,0.0007819372495357248,48.78387096774194
20133,0.002061598050852752,123.52419354838705
20135,0.0061818181818181816,9.401612903225802
20137,0.00018653236336504383,21.44999999999999
20141,0.0,14.023548387096767
20143,0.002279102384291725,28.049999999999983
20145,0.03102588088556283,30.18193548387095
20147,0.0007642338555598013,25.66193548387097
20151,0.0009821038847664775,55.569354838709664
20153,0.0003952569169960474,7.7496774193548355
20157,0.0019413287316652286,22.814516129032253
20159,0.0017825311942959,45.60096774193546
20163,0.002845528455284553,19.02774193548386
20165,0.003952569169960474,14.55677419354838
20167,0.0011668611435239206,32.67032258064515
20169,0.0026003245795219827,386.0
20171,0.01389176860874974,21.96870967741935
20175,0.00896023893970506,155.9912903225806
20179,0.001190003966679889,9.569999999999993
20181,0.0006760182524928173,22.910322580645165
20183,0.00027909572983533354,14.106774193548379
20185,0.006737247353224254,18.371612903225795
20187,0.0024925224327018943,10.889999999999993
20189,0.004557885141294439,25.764193548387087
20193,0.0027002700270027003,30.8174193548387
20195,0.007491972886193364,11.219999999999994
20199,0.002635046113306983,5.011612903225806
20201,0.0012948575656677765,20.94677419354838
20203,0.00047192071731949034,9.869999999999997
20205,0.00093841642228739,54.130645161290296
20207,0.00031867431485022306,21.779999999999987
21001,0.0030725966045203625,209.37419354838715
21007,0.0015212981744421906,113.45225806451612
21013,0.004917025199754148,382.2312903225806
21021,0.0026280771789753826,789.0
21025,0.002454473475851148,115.25612903225803
21027,0.0024417639302632224,147.30967741935478
21033,0.0026672942653173295,179.25741935483876
21035,0.006102407630573575,483.0
21039,0.00819327731092437,88.76999999999994
21041,0.004609161885053147,418.8722580645161
21043,0.0008209874239653692,300.7190322580645
21045,0.006126616746085773,119.39645161290316
21051,0.003617908647806643,208.6487096774193
21053,0.004697592483852026,198.48419354838717
21055,0.0029525323642970703,89.14612903225803
21057,0.008315693982461446,80.63709677419357
21063,0.0023945723027803643,109.90161290322575
21065,0.0021976463916064085,247.52903225806446
21069,0.0012344832316027708,171.578064516129
21071,0.0018264070358818736,477.2338709677419
21075,0.011894789747026303,121.98322580645167
21079,0.00311332503113325,271.95000000000016
21083,0.004078784951430258,336.5
21085,0.0031785673742763085,232.4316129032258
21087,0.011790512750205649,142.47548387096782
21095,0.004075355632449058,266.81774193548375
21097,0.002012072434607646,290.43870967741935
21099,0.0028368794326241137,193.48193548387093
21105,0.007534246575342466,66.65999999999995
21107,0.002640648077697713,433.0
21109,0.006452096931502739,136.59774193548392
21115,0.004011177212907878,445.1367741935484
21119,0.0034445495069566393,164.25000000000006
21121,0.005233584845079467,402.3870967741936
21125,0.003255882788219624,678.0
21127,0.0007181562969249853,160.19354838709674
21129,0.001215723355396461,124.00838709677411
21131,0.001518679761061051,95.9709677419355
21133,0.001252725838630353,293.6787096774193
21135,0.009792843691148776,94.1545161290322
21137,0.0017515988431300665,321.2593548387096
21139,0.001631498803567544,112.18580645161292
21141,0.004538410449413327,227.79290322580647
21143,0.0010962241169305725,178.43806451612903
21145,0.0028279678375982146,1318.0
21147,0.0035401311589576927,149.31967741935486
21153,0.004029273908395691,149.80645161290326
21155,0.003735796191563327,269.236129032258
21157,0.0021864951768488746,522.0
21159,0.0023224653863331843,193.7809677419355
21165,0.0006164278008938204,102.29999999999994
21167,0.0019149227191902613,409.70129032258063
21169,0.0034753251911428854,121.47451612903228
21171,0.004976525821596244,122.35064516129036
21175,0.0013524682545645803,139.05322580645156
21177,0.001665469270459147,324.1722580645162
21181,0.00027514100976750583,120.77999999999993
21183,0.0019588230390931065,177.0683870967742
21187,0.003577653426291166,108.94741935483873
21189,0.0056625141562853904,73.77709677419352
21193,0.004270517897352279,401.2387096774193
21195,0.00181422351233672,408.47032258064513
21197,0.0026701189416619467,320.20645161290315
21199,0.004616876221548501,479.0
21201,0.0014231499051233396,88.45801071764235
21203,0.003713686732554657,237.8554838709677
21205,0.0037612428454619788,417.0
21207,0.004463538470122189,327.4722580645161
21213,0.003822959293560198,370.0
21217,0.003997050719857192,459.10967741935485
21219,0.008784773060029283,112.03838709677414
21225,0.002920520130728044,194.41548387096768
21229,0.005539479123604796,142.72967741935489
21231,0.0022131510352628734,162.4148387096775
21233,0.0015453562046051615,136.35806451612896
21235,0.0022887712331789104,405.42451612903227
21237,0.0025150202598854267,108.58935483870962
22003,0.01603777266164592,139.016129032258
22007,0.005938513544378968,261.84387096774196
22009,0.009416102032682344,219.10483870967738
22013,0.0049845177856657355,58.29580645161287
22021,0.008973583383746724,77.44741935483867
22025,0.012850221192332,48.225483870967714
22027,0.01021059349074665,74.50451612903221
22029,0.008930889454281115,131.94580645161284
22035,0.005830053927998834,60.00774193548384
22039,0.012576733043868842,239.62064516129027
22041,0.015038720959280539,151.64903225806455
22049,0.008130081300813009,118.18258064516124
22053,0.006885998469778117,234.3645161290323
22059,0.010878323932312651,97.88709677419352
22065,0.02191580677563693,80.60387096774193
22081,0.016702203269367447,94.65677419354837
22083,0.008647251764238147,178.19967741935488
22085,0.00942053257410819,115.16129032258061
22107,0.02076603599446239,28.54161290322579
22115,0.00613548672752957,172.8516129032258
22123,0.006278855032317636,149.72612903225803
22127,0.012514384349827387,53.64935483870966
23003,8.947878607113563e-05,42.781935483870974
23007,0.00026490943408722143,60.43064516129032
23009,0.0003273501009329478,156.8948387096774
23013,7.542995071909886e-05,506.44645161290316
23015,8.662008431021539e-05,338.73677419354834
23017,0.000172488141440276,114.42838709677417
23021,0.0002978850163836759,14.264516129032252
23025,0.0003367403533792885,53.071290322580644
23027,0.00017625582273700114,228.15870967741932
23029,0.0002549475764046018,42.23999999999998
24011,0.002604322576782614,477.4354838709678
24023,0.0006203901564761839,211.95000000000002
24029,0.0015961281021521986,321.2303225806451
25007,0.0,801.0
25019,0.0,1131.0
26001,0.0005766458433445459,53.459999999999965
26003,0.0009881422924901185,37.35967741935486
26007,0.0002464354867100863,238.4470967741935
26009,0.0010289830217801406,192.80000000000004
26011,0.0012766243364912989,197.24129032258062
26013,0.00036545255207698867,32.66999999999998
26019,0.0011257458065968705,249.0748387096774
26029,0.001147534712925066,286.5799999999999
26031,0.001661655325209685,174.2632258064516
26033,0.0007496853998768374,102.62451612903222
26035,0.0013247172859450727,246.42322580645163
26039,0.001425618361964502,91.65129032258069
26041,0.0023753632908562485,137.94612903225803
26043,0.0008320456436467372,148.58580645161285
26047,0.002005087535537932,346.79419354838717
26051,0.0010609454202522692,182.17290322580655
26053,0.004364937388193203,50.8041935483871
26055,0.0017402887590237195,936.5
26061,0.0007566416321040242,154.09935483870964
26063,0.001775281624221297,148.81935483870973
26069,0.0005571695785410117,211.4941935483871
26071,0.001626604012289897,32.74354838709676
26079,0.0009424548176072736,129.21096774193543
26083,-0.0004725897920604915,15.518949248709184
26085,0.0010967687505272926,67.25193548387094
26089,0.0012407518036854923,294.758064516129
26095,0.00032107882485150104,24.181290322580633
26097,0.0015742198351699232,51.86290322580645
26101,0.000936558351657301,176.95741935483875
26103,0.0017541492376197544,167.42870967741936
26105,0.0008578094976667581,282.141935483871
26109,0.007199297629499561,92.0
26113,0.0003968778939013097,88.48677419354836
26119,0.0004288164665523156,60.91774193548386
26123,0.001041241322988975,272.0451612903226
26127,0.0015113159783881815,216.64064516129034
26129,0.0003810068104967376,175.73387096774192
26131,0.005244755244755245,17.15999999999999
26133,0.0005541346973572037,175.63870967741929
26135,0.0006067224851352991,50.68741935483869
26137,0.000526998540619426,229.05354838709675
26141,0.0004764930114358323,66.98999999999997
26143,0.0012073774928181855,223.0412903225807
26151,0.000801554529997571,190.6167741935483
26153,0.0008648381517173215,23.759999999999987
26157,0.002947650492870131,314.0909677419356
26165,0.0011596443757247777,283.89677419354837
27001,0.0013219186705275086,29.369999999999983
27005,0.0018592220317810767,107.5645161290322
27007,0.002903280495041112,74.05451612903224
27011,0.002604688439190543,34.774838709677404
27021,0.0017126162732126666,57.491612903225786
27023,0.003559322033898305,71.31032258064513
27029,0.0005670220004536176,28.70999999999998
27031,0.0007321984257733846,11.879999999999994
27033,0.003215434083601286,60.389999999999965
27043,0.0027100271002710027,67.71483870967738
27047,0.001585152405799016,203.03483870967744
27051,0.001841929002009377,35.87419354838708
27057,0.0008375599087990321,80.05903225806453
27061,0.0016175493020163972,69.3990322580645
27063,0.002843794434288036,48.17999999999997
27065,0.0025708514415131297,104.6364516129032
27069,0.0009306654257794323,13.212580645161283
27071,0.0016354567012838335,13.940322580645153
27073,0.0013589008002415823,31.34999999999998
27075,0.0017855464711963162,17.260645161290316
27077,0.0016042780748663102,8.810000000000002
27081,0.0028373825146302536,36.299999999999976
27083,0.004357383999371908,163.36709677419356
27087,0.0023520897412701285,29.75709677419354
27089,0.0009640102827763496,17.489999999999988
27091,0.0017273789564598893,123.72161290322576
27093,0.0010765653259839807,135.28548387096777
27097,0.001078296291858863,123.99516129032253
27101,0.002562850866487674,40.91999999999998
27105,0.005871746266586528,125.38709677419348
27107,0.0018823529411764706,26.069999999999986
27113,0.0012748778242085133,94.99290322580642
27115,0.0010480408397849825,86.44193548387095
27117,0.004930966469428008,67.44838709677417
27121,0.002311316561472131,54.33161290322579
27125,0.0032059186189889025,30.859677419354824
27127,0.002109426499670402,60.03580645161288
27129,0.00192466318394281,52.79999999999997
27133,0.0034353193773483627,71.2577419354839
27135,0.002044180679195516,36.660000000000004
27147,0.0030560178995334116,425.5
27149,0.003263640999490056,58.54096774193548
27151,0.00151090006475286,43.04903225806449
27153,0.0014596172559195588,86.28096774193544
27155,0.0033752684872660325,19.859999999999996
27159,0.001900306972664815,89.80064516129035
27161,0.007414571244358479,184.29935483870963
27165,0.01321464623290814,91.13225806451614
27173,0.004119888763003399,45.53999999999998
28001,0.007363242433128075,342.0199999999999
28003,0.007983113684951155,463.0
28007,0.005337295036865852,118.15548387096771
28011,0.018773671150581168,187.45161290322582
28013,0.007241835526773902,109.1564516129032
28015,0.005227706846285312,56.42419354838707
28017,0.010056715196164415,151.44870967741937
28019,0.0037758830694275274,72.32129032258065
28021,0.004672897196261682,64.62870967741932
28023,0.010617077408146195,103.3574193548387
28025,0.0056947608200455585,243.22483870967747
28027,0.015910323630446574,205.98387096774192
28031,0.007673320455033269,213.15516129032255
28037,0.008297679242836769,49.563870967741934
28039,0.006530612244897959,235.08645161290323
28041,0.005299573089945532,66.26903225806448
28043,0.0072743038828403505,259.5
28051,0.012698412698412698,84.47548387096771
28053,0.009176587301587302,73.91999999999994
28055,0.058025621703089676,13.191106861402806
28057,0.011115861479264643,218.65032258064514
28061,0.00689739363974852,91.28903225806455
28063,0.004721030042918455,49.16999999999997
28065,0.010064701653486701,100.78258064516125
28069,0.004824471361116814,44.879999999999974
28075,0.005935919055649241,570.5
28077,0.00810424280947084,125.80645161290317
28079,0.005398051435091723,181.2309677419355
28081,0.011880237838850134,921.5
28083,0.014938083241670511,264.23709677419356
28087,0.0058708080894274255,591.5
28091,0.008139014365360355,246.92451612903224
28095,0.010268920912288664,241.5
28097,0.01370843989769821,122.06967741935486
28099,0.00837969640772031,260.5
28101,0.007184318203444667,178.05419354838713
28103,0.010367668234616493,54.77999999999997
28105,0.008066630366830016,520.0
28107,0.01219583528310716,253.0093548387097
28115,0.011189158948219058,301.0
28117,0.012178619756427604,304.5
28119,0.016342756183745585,67.25193548387094
28123,0.00519129569051344,215.8348387096774
28125,0.025919925943068734,37.76709677419353
28129,0.0062829856747926615,91.15129032258065
28131,0.009380453752181502,193.06451612903226
28133,0.01461569095977698,180.37096774193546
28135,0.01672822072561373,78.53999999999995
28139,0.0119464001816943,240.02129032258068
28141,0.013259041428055512,222.80322580645162
28145,0.013118167621030713,326.5
28147,0.009729805403891923,135.91806451612908
28151,0.012981393336218087,345.25677419354844
28153,0.005846504483971659,110.82322580645162
28155,0.012694808545773558,107.1238709677419
28157,0.011471610660486674,47.332258064516104
28159,0.007518796992481203,145.35999999999999
28161,0.004707631318136769,115.74322580645159
29001,0.003827486880006313,218.37129032258062
29005,0.0033054637371184134,34.45419354838708
29009,0.0038279918410684846,213.31580645161287
29011,0.0032329419771992512,90.63870967741933
29015,0.00437175333024739,102.45548387096778
29023,0.0032958237205141486,308.0
29029,0.0052478134110787176,335.5
29033,0.001958751008180666,44.565806451612886
29035,0.0031761952524239387,41.70096774193548
29039,0.001184751550630706,126.94516129032255
29041,0.0018852679773767843,34.31999999999998
29045,0.004707959393850228,46.89387096774191
29053,0.008244395505110396,137.38064516129026
29055,0.005811036789297659,143.72709677419348
29057,0.0021161222060573997,52.19516129032256
29061,0.001087219135056777,50.46774193548386
29065,0.0019264110961279136,89.03741935483869
29067,0.003337125521425863,67.52516129032259
29069,0.008650578421612714,293.78419354838707
29073,0.00516795865633075,109.44387096774196
29075,0.002130573733069548,45.12161290322579
29079,0.0025380710659898475,85.79741935483875
29081,0.0016762452107279694,52.959999999999994
29083,0.0021077712609970673,150.60645161290321
29085,0.005029337803855826,86.60451612903225
29087,0.012718600953895072,34.979999999999976
29089,0.007499250074992501,72.6938709677419
29091,0.003415011092554279,208.99870967741933
29093,0.003654320987654321,63.316451612903194
29103,0.007325082091437232,26.58387096774192
29109,0.004484421848520401,302.34064516129035
29111,0.0033756137479541734,69.52709677419352
29115,0.0014261744966442952,75.25451612903228
29117,0.0015104748144742892,127.79032258064512
29121,0.0017860686644175431,83.67032258064513
29123,0.01042356055592323,90.75258064516133
29125,0.004024376221685639,57.41999999999996
29127,0.011636873466526464,328.86225806451614
29129,0.0033176665745092617,27.068709677419346
29131,0.0063624653577423005,207.381935483871
29133,0.007966616084977238,129.13000000000005
29137,0.006362795002313744,45.05548387096772
29139,0.0019911695957059994,76.41677419354836
29141,0.002811848548019586,140.5961290322581
29143,0.013996252049660343,132.97645161290325
29149,0.0035141039035046064,45.27290322580643
29153,0.0021800741225201656,43.399032258064494
29155,0.008541600759253401,159.17096774193544
29157,0.010085702341137124,193.5483870967742
29161,0.0030960446907320575,336.0
29163,0.004207190470986778,116.63225806451611
29169,0.0040678997091641795,474.7274193548387
29171,0.0031942078364565587,31.49419354838708
29173,0.008924240954505771,77.96903225806454
29179,0.0007974481658692185,27.389999999999986
29181,0.0035370258880192654,79.70064516129032
29185,0.0010641694157709908,48.745161290322564
29186,0.003520733206661451,158.28129032258062
29197,0.0019313304721030042,46.68387096774192
29199,0.0012239902080783353,36.41516129032256
29203,0.0011021307861866275,27.719999999999985
29205,0.005396290050590219,41.909999999999975
29207,0.0029974160206718346,177.30322580645162
29211,0.006404992609623912,34.31999999999998
29215,0.0025986298133711316,89.25548387096774
29217,0.0018479793804405972,110.07999999999998
29221,0.007399919126566922,143.93806451612903
29223,0.004194826380797017,58.73999999999997
29227,0.001987083954297069,25.31903225806451
29229,0.0018043632784733993,119.03612903225803
30001,0.0026446630699248916,5.609999999999997
30003,0.02650349125309708,8.579999999999995
30005,0.001197425535099536,4.340322580645161
30007,0.000962000962000962,15.509999999999991
30011,0.0,1.1639211936531888
30015,0.000709849157054126,4.746774193548386
30017,0.0012278547623223997,12.340000000000002
30019,0.000591715976331361,4.655684774612755
30021,0.0034831069313827935,12.392903225806446
30023,0.0014223194748358861,39.30387096774193
30025,0.0,5.034193548387097
30027,0.0022624434389140274,8.282903225806452
30029,0.003487274338670212,75.23774193548383
30031,0.001957460195396473,160.45935483870963
30033,0.000794912559618442,1.1639211936531888
30035,0.005962335490438449,13.456451612903221
30037,0.0,3.103789849741837
30039,0.0038472920982539215,5.939999999999997
30041,0.002547925260859015,15.734193548387097
30043,0.0013910481957286637,22.76999999999999
30045,0.0014947683109118087,3.4667741935483867
30047,0.0012147875763346247,63.68999999999996
30049,0.0010657909897453623,75.14806451612903
30051,0.002139495079161318,6.207579699483674
30053,0.001051051051051051,17.297419354838706
30055,0.006610576923076923,2.715816118524107
30057,0.002325581395348837,6.726774193548385
30059,0.0,3.103789849741837
30061,0.00045485558335228563,11.549999999999994
30065,0.002158428663932657,7.455483870967742
30067,0.0009635071660845478,18.479999999999986
30069,0.0,1.1639211936531888
30071,0.028072837632776935,2.4954838709677416
30073,0.0011842327863305702,12.392903225806446
30075,0.0005945303210463733,1.939868656088648
30077,0.0011611030478955006,9.899999999999995
30079,0.0009285051067780873,2.715816118524107
30081,0.0009587727708533077,67.2
30083,0.0012033694344163659,13.35709677419355
30085,0.0022719011268629587,14.434838709677413
30087,0.02730222669799709,5.777419354838707
30089,0.0018162304961611491,13.52999999999999
30091,0.0006044122091266244,6.5225806451612875
30093,0.0014606902477445223,204.67999999999995
30095,0.001866832607342875,16.829999999999988
30097,0.004013914905004014,6.599999999999996
30099,0.0004880429477794046,8.909999999999995
30101,0.0033783783783783786,9.239999999999993
30103,0.0014367816091954023,2.715816118524107
30105,0.003921038399134667,4.862903225806449
30107,0.0,5.819605968265944
30109,0.0041279669762641896,4.267711043395026
31003,0.0011114639568116863,25.589032258064503
31005,0.0021598272138228943,2.3278423873063776
31007,0.0,3.4917635809595664
31009,0.0,2.715816118524107
31011,0.0036594761171032356,26.399999999999984
31013,0.0013910785495687657,34.17580645161289
31015,0.004689942678478374,12.869999999999992
31017,0.0010152284263959391,8.429032258064513
31021,0.007276668214893946,46.380645161290296
31023,0.004740518962075849,47.519999999999975
31027,0.003213520590335634,39.36774193548385
31029,0.0012742099898063201,14.519999999999992
31031,0.0029882228862717526,3.299999999999998
31033,0.0002244668911335578,35.22580645161289
31035,0.0016121231662098985,36.958064516129014
31037,0.0034550378186572043,85.46612903225802
31039,0.0029391815509834953,54.5548387096774
31041,0.002876496241996845,13.859999999999992
31045,0.007917103271626499,21.354193548387087
31047,0.0026700572155117608,103.19999999999997
31049,0.0011148272017837235,14.747096774193544
31051,0.0008871540099361249,41.41741935483869
31057,0.004134672179562906,7.047096774193546
31059,0.0016477480776272428,33.659999999999975
31061,0.0036925142665323934,18.371612903225795
31063,0.0011419870574800152,9.239999999999993
31065,0.0029940119760479044,22.102258064516125
31069,0.001633097441480675,3.936774193548385
31071,0.0015236160487557136,11.461935483870965
31073,0.004522613065326633,14.617741935483863
31075,0.0,3.103789849741837
31077,0.001697792869269949,14.588709677419345
31083,0.0014792899408284023,20.57999999999999
31085,0.0,5.431632237048214
31087,0.0003620564808110065,13.212580645161283
31089,0.0012913479686103109,14.18999999999999
31091,0.0,3.879737312177296
31095,0.000709622480840193,47.477419354838716
31097,0.0023663971603234074,45.33193548387095
31099,0.012779060816012317,41.2548387096774
31101,0.0034851879512073688,33.205483870967726
31103,0.0012406947890818859,4.267711043395026
31105,0.0,13.199999999999992
31107,0.0043206913106096975,25.305483870967734
31111,0.005012315976399152,63.44193548387095
31113,0.004010695187165776,5.043658505830485
31115,0.0030120481927710845,4.267711043395026
31117,0.004048582995951417,2.3278423873063776
31119,0.005356277956636941,303.9106451612903
31123,0.0017233950883239983,11.414516129032254
31125,0.0008525149190110827,27.88548387096773
31127,0.008749282845668388,62.8741935483871
31129,0.0012054001928640309,25.589032258064503
31131,0.0044966275293529855,112.97032258064513
31133,0.001148105625717566,21.11999999999999
31135,0.005188516084399862,11.088387096774188
31137,0.003763559884879345,72.77096774193546
31139,0.006015668718522663,42.07387096774191
31141,0.003167015237526143,237.458064516129
31143,0.0017264530980241703,40.351935483870946
31145,0.0004662439388287952,66.66709677419352
31147,0.0017800381436745073,52.41548387096773
31149,0.005158437730287398,4.446774193548386
31151,0.0037260967379077617,106.05064516129029
31157,0.002077601212869897,245.48387096774192
31161,0.002668699961875715,7.174838709677417
31163,0.002999000333222259,18.371612903225795
31165,0.0008576329331046312,2.3278423873063776
31167,0.0013513513513513514,48.9890322580645
31169,0.0003997601439136518,29.50161290322579
31171,0.002770083102493075,3.4917635809595664
31173,0.003183831672203765,55.12774193548386
31175,0.0021645021645021645,24.604838709677406
31179,0.0020245071923281834,95.41000000000001
31181,0.0011471178663607685,21.779999999999987
31183,0.001277139208173691,5.431632237048214
31185,0.0032166094012720226,115.0283870967742
32007,0.006479972715904354,11.2
32009,0.0,0.7759474624354592
32011,0.001971414489896501,1.649999999999999
32013,0.0008912126433367002,6.8
32015,0.0018076644974692696,3.629999999999998
32017,0.0005788153579008296,1.5919354838709674
32021,0.00022197558268590456,4.122258064516128
32027,0.0013382899628252788,3.629999999999998
32033,0.0012526096033402922,4.4
33003,0.00038846861582498464,249.37290322580645
33007,6.336533282641067e-05,73.6
33009,0.00012237723338450927,237.93096774193552
33019,0.00020859407592824363,376.2780645161291
35003,0.0002835270768358378,1.59516129032258
35005,0.006082179060589646,42.99096774193549
35007,0.0005024704798593083,11.780322580645157
35009,0.004473587449442333,151.69290322580642
35011,0.0,2.877096774193547
35015,0.004276428327061239,51.599999999999994
35017,0.0005926364915919697,28.90774193548387
35019,0.00023255813953488373,5.888709677419354
35021,0.0016,1.1639211936531888
35023,0.0030967127203430206,4.6199999999999966
35025,0.007401153792036021,59.084516129032245
35027,0.003678724708767627,16.054838709677423
35031,0.0030125968584920203,52.4
35033,0.0,8.169354838709673
35037,0.00387737792317945,12.4
35041,0.0033513513513513515,32.321612903225805
35051,0.0008340283569641367,9.457741935483867
35053,0.00024042796177195408,8.80548387096774
35055,0.0006417504507532928,47.2741935483871
35059,0.0014781966001478197,3.9599999999999973
36003,0.00032544314508255406,198.23096774193542
36017,0.00044484928082699597,255.70806451612907
36019,0.00029819220972852087,356.2051612903225
36025,0.0002945508100147275,110.74935483870962
36031,0.002006235597126203,73.2590322580645
36033,0.00015992963096237656,129.56096774193546
36039,0.0003814529117572264,327.9664516129031
36041,0.001585144927536232,8.60774193548387
36049,0.0005704289625798601,69.46548387096772
36077,0.0005378784058628747,265.25290322580634
36097,0.0002807884539787724,228.64903225806452
36105,0.0006495916852264291,360.9667741935484
36121,0.0003512381143530947,300.2254838709676
37005,0.012211547095268026,178.20161290322585
37007,0.005726908287654422,214.08483870967734
37009,0.0031614160202918795,312.36129032258066
37011,0.0031896109813749503,345.1354838709678
37015,0.010714097218557027,100.31999999999994
37017,0.0046757533158119915,176.75032258064513
37033,0.002919837196956291,223.2
37039,0.007059974835733259,292.3577419354839
37041,0.0071720576633436135,392.7425806451612
37043,0.002136942391594693,202.76612903225802
37047,0.0053145492541615625,287.40000000000003
37061,0.0028940603666944725,309.2351612903224
37075,0.0037910200213244877,99.98999999999994
37079,0.005553182400683468,297.1100000000001
37091,0.011656882206360603,297.86419354838705
37095,0.011950577273647964,30.982258064516117
37113,0.0026493390596240727,315.41548387096776
37117,0.004946524064171123,225.2467741935483
37121,-0.0010024057738572574,316.57290322580644
37123,0.011629190740808891,244.59032258064505
37131,0.0015911307293537955,164.8
37149,0.004584057131827832,361.62483870967736
37153,0.004394476789578175,489.1432258064516
37163,0.003116588751947868,296.32225806451606
37173,0.001962020881507953,122.32741935483871
37177,0.00398406374501992,37.28999999999998
37185,0.0025340834220262533,166.1022580645161
37187,0.005440414507772021,125.89032258064509
37189,0.0032575609235096213,817.0
37199,-0.00011068681166638995,246.93870967741935
38001,0.0009025270758122744,9.31136954922551
38003,0.007777244359097456,24.133548387096766
38005,0.020930913348946135,15.74709677419354
38007,0.003232758620689655,2.715816118524107
38009,0.002706144539955428,12.869999999999992
38011,0.002976190476190476,8.857741935483867
38013,0.003309692671394799,5.742580645161288
38019,0.000531632110579479,8.561612903225804
38021,0.003078817733990148,15.085483870967735
38023,0.0017667844522968198,5.063225806451611
38025,0.004746835443037975,5.80064516129032
38027,0.008307826847398338,12.172258064516125
38029,0.0037025609379821045,7.734193548387093
38031,0.006230529595015576,17.18225806451612
38033,0.017603634298693924,6.595553430701403
38037,0.0021987686895338612,5.431632237048214
38039,0.00582698341550874,13.191106861402806
38041,0.007202881152460984,7.0045161290322575
38043,0.009274193548387096,5.870322580645159
38045,0.0014829461196243204,11.60129032258064
38047,0.0037837837837837837,6.5225806451612875
38049,0.004177545691906005,9.569999999999993
38051,0.010412494993992792,9.046129032258062
38053,0.0032614483493077742,9.044193548387097
38055,0.013756613756613757,13.778709677419348
38057,0.001832172957127153,27.775161290322576
38061,0.006069227121858701,16.39354838709678
38063,0.005904828065300452,10.43612903225806
38065,0.002041858090862685,10.08731701166097
38067,0.0011762976032936333,21.65225806451612
38069,0.003522012578616352,14.18999999999999
38071,0.0072922996787915615,39.236129032258056
38073,0.002874664622460713,20.424193548387088
38075,0.0008594757198109154,9.149677419354832
38079,0.006419300225733634,61.450967741935486
38081,0.002308876346844536,13.020967741935484
38083,0.003041825095057034,5.431632237048214
38085,0.015130023640661938,11.240645161290322
38087,0.004,2.3278423873063776
38089,0.01603734637492458,78.53064516129031
38091,0.004232804232804233,10.863264474096429
38093,0.005312982998454405,38.18387096774194
38095,0.0009136592051164915,6.94774193548387
38097,0.0036087605774016924,30.838064516129016
38099,0.00422892585283338,34.8
38101,0.0048491299655534364,141.35225806451612
38103,0.003390714658320292,10.698387096774187
38105,0.005453723163691505,45.18580645161289
39001,0.0014441475918838904,209.3235483870967
39065,0.002263669695520485,336.3261290322581
39067,0.0006648936170212766,131.29096774193542
39069,0.0042583129674887065,338.3438709677419
39071,0.0016681726558698826,394.0
39075,0.0007279344858962694,498.26451612903224
39079,0.0032702927837596025,395.0
39105,0.004540096913607195,203.89645161290332
39107,0.007990867579908675,441.5
39111,0.0010253405595429912,104.68741935483867
39115,0.0018610421836228288,119.45999999999994
39121,0.00041597337770382697,125.71354838709675
39125,0.0011246786632390746,173.6622580645162
39131,0.0015483220509866051,326.0
39135,0.004720904065358838,498.5
39137,0.004341277575972358,348.0435483870968
39163,0.0006878104700038212,110.10387096774188
39171,0.0011174097895999128,445.2696774193549
39175,0.0030773470512584973,269.57032258064515
40001,0.0073893845183382895,141.15483870967748
40003,0.001578393546124167,21.617741935483863
40005,0.003706934147405146,62.53709677419353
40007,0.0015063076633402373,10.229999999999995
40009,0.003705567500800586,122.0258064516129
40011,0.003181673560292714,43.98483870967741
40015,0.007440372713997636,97.51483870967738
40019,0.002535802623100746,289.0
40023,0.005793347873500545,72.89000000000003
40025,0.006083294337856809,4.264838709677417
40029,0.005277525022747953,38.098387096774175
40035,0.003535567812190638,85.47258064516127
40039,0.004861566044891907,139.0
40041,0.0034876421214164476,281.0
40043,0.0028624003271314658,16.33548387096774
40045,0.0007774034724021767,11.219999999999994
40047,0.010645964360587002,286.0
40049,0.0023095521634008158,171.33419354838708
40053,0.0032310177705977385,14.84999999999999
40055,0.0014005602240896359,32.97225806451612
40057,0.006407840180927252,17.715483870967734
40059,0.0032537960954446853,11.549999999999994
40061,0.010216203373722975,97.52516129032257
40063,0.008660290684539499,58.318064516129006
40065,0.005218100285364859,163.12032258064517
40067,0.0011662779073642118,27.88548387096773
40069,0.004420387911592241,62.790322580645174
40071,0.002342781018880059,252.51032258064515
40073,0.010212496035521726,78.65161290322582
40075,0.0022967386311437757,31.289999999999992
40077,0.004864489228630994,54.992903225806465
40085,0.004193894469911245,91.5
40089,0.006396198830409356,78.93322580645159
40091,0.004796897325984895,157.80387096774194
40093,0.003408048236990431,27.089354838709674
40095,0.002185340499675152,213.5
40097,0.003479318734793187,315.0
40099,0.002131741632914091,162.0
40103,0.0025154972599047707,67.5832258064516
40105,0.004763795156808257,76.02
40107,0.00400233469523889,66.02677419354836
40121,0.009392037384890273,172.32967741935485
40123,0.0020112840873471945,260.0
40127,0.003334534967555876,27.389999999999986
40129,0.0013954786491766676,10.498064516129027
40133,0.005606397889356089,194.73999999999998
40139,0.005604764049442026,40.59548387096774
40141,0.0020689655172413794,30.359999999999978
40149,0.0016489556614144375,38.42967741935482
40151,0.0011372682815876266,23.126129032258056
40153,0.003216070456682005,77.75999999999999
41001,0.002604812701562888,17.489999999999988
41011,0.0004962240451563881,175.0741935483871
41015,0.0002617230098146129,55.06516129032258
41021,0.0,5.279999999999998
41023,0.0008334490901514099,5.279999999999998
41025,0.0005410523468145543,2.3099999999999983
41031,0.006407656744261497,48.8
41035,0.0006008382426214133,45.016774193548386
41037,-0.0002541619011310205,3.299999999999998
41041,0.0015011408670589648,230.7548387096774
41055,0.0044943820224719105,6.929999999999996
41057,0.0005178280810770825,96.47548387096772
41061,0.0011552077510713621,50.4
41063,0.000416204217536071,7.259999999999996
41069,0.0,3.103789849741837
42009,0.0008770464416972937,210.60774193548383
42023,0.0006746120980436249,41.49677419354836
42031,0.00059836620011447,299.05548387096775
42047,0.0007021063189568707,174.0735483870968
42053,0.0006899406651028012,59.37967741935481
42057,0.0008258774948382657,111.86999999999993
42059,0.0009107719482239947,288.9599999999999
42065,0.0009211283822682787,317.6622580645161
42067,0.0010095707305253806,220.7032258064515
42083,0.00022153846153846155,192.35225806451606
42105,0.0003025535519787002,53.129999999999974
42109,0.0017586446051719013,604.0
42113,0.0,46.91322580645159
42115,0.0014382067050188454,215.38999999999996
42117,0.0003449040427681013,153.72903225806448
42127,0.0003309904402172855,336.9935483870968
45005,0.013927255985267036,84.14999999999995
45009,0.008602303426702687,166.72193548387094
45011,0.010303843573277101,177.29290322580644
45025,0.007250821467688937,265.13709677419354
45027,0.0067565565268928734,280.56774193548387
45029,0.004007750086259522,167.1432258064516
45033,0.00721808458282752,387.3135483870969
45049,0.011653313911143482,159.19129032258058
45061,0.009686237223674827,194.55935483870962
45065,0.006446158723449224,96.25645161290322
45067,0.006458557588805167,310.3058064516129
45089,0.011195995785036881,155.74709677419347
46003,0.0018175209014903672,12.466451612903219
46005,0.0028721617081233406,56.001290322580644
46007,0.005349182763744428,9.401612903225802
46009,0.0056513548761049125,41.411290322580626
46011,0.005929811557430795,196.55999999999997
46013,0.0071577538041659155,94.95677419354837
46015,0.004908438738908816,21.11999999999999
46017,0.0020387359836901123,15.906922979926913
46019,0.0035477994055038834,14.84999999999999
46021,0.002180232558139535,7.759474624354592
46023,0.0024752475247524753,27.229354838709664
46025,0.0008029978586723769,12.794516129032251
46029,0.00717626477203756,189.6
46031,0.00783162016642193,5.021935483870966
46035,0.0025284450063211127,221.39870967741933
46037,0.0029498525073746312,18.263225806451604
46039,0.008273960009193289,23.099999999999987
46041,0.003564154786150713,6.261935483870966
46043,0.003765833618623759,23.099999999999987
46045,0.004700966309741447,11.810322580645156
46047,0.004171011470281543,13.52999999999999
46049,0.0026098303610265334,9.31136954922551
46051,0.003403289846851957,35.709677419354826
46053,0.0035842293906810036,13.426451612903225
46055,0.0026329647182727752,4.267711043395026
46057,0.006975989617131733,38.42967741935482
46059,0.0025070510811657787,7.780645161290319
46061,0.0008688097306689834,25.409999999999986
46063,0.0015408320493066256,1.939868656088648
46065,0.002852904256533151,98.67741935483869
46067,0.0020573309559731175,29.69999999999998
46069,0.0030745580322828594,6.595553430701403
46071,0.0011961722488038277,5.279999999999998
46073,0.0004967709885742673,15.130975517491454
46075,0.0011074197120708748,3.879737312177296
46077,0.0022271714922048997,20.33999999999999
46079,0.003047589278737204,68.75129032258063
46085,0.004760645331922771,7.5899999999999945
46089,0.0016813787305590584,7.146451612903223
46091,0.0022289766970618034,18.371612903225795
46095,0.0,6.207579699483674
46097,0.0009025270758122744,13.534838709677414
46101,0.0016727493917274938,41.24999999999998
46105,0.0034904013961605585,3.14516129032258
46107,0.006967022758941012,8.387419354838707
46109,0.0029824898980180875,30.18193548387095
46111,0.0008532423208191126,13.52999999999999
46115,0.005175658720200753,14.18999999999999
46117,0.0022595222724338285,6.929999999999996
46119,0.0050323508267433505,5.431632237048214
46121,0.0011791294094526874,22.146774193548378
46123,0.0003675794890645102,11.482258064516124
46129,0.004599816007359705,25.26096774193547
46135,0.005698255457175418,204.65548387096777
46137,0.01451378809869376,5.431632237048214
47005,0.010952970297029702,195.2464516129033
47007,0.007700477960701009,113.50645161290325
47017,0.016062232146072677,221.10967741935482
47025,0.005006414468537814,362.13387096774187
47027,0.007091267235718976,117.91354838709682
47039,0.013118408642716283,140.91354838709677
47041,0.00849194729136164,302.5403225806451
47045,0.012083209989504561,374.0
47049,0.008206014144577013,154.33548387096772
47053,0.011763987544013189,412.0
47055,0.0041067064892750475,228.56806451612903
47061,0.003872793624785879,163.39999999999995
47067,0.0031722054380664655,100.71580645161285
47069,0.01908183632734531,175.43999999999994
47071,0.012240760954311555,219.8261290322581
47075,0.022018030513176145,142.16258064516128
47077,0.016289077782124694,267.0
47079,0.008749420312258463,285.27419354838713
47083,0.004755517619802463,155.22677419354847
47085,0.003713270907329674,163.46709677419355
47091,0.016359343377557903,217.00354838709683
47095,0.014395667046750285,174.03096774193557
47097,0.012249834198104007,274.55
47101,0.0069285947179654386,209.3825806451613
47103,0.005179537915381482,292.5
47109,0.009690978438545965,218.35677419354835
47121,0.0056351634197391726,229.9251612903227
47123,0.008937587281125793,349.3225806451613
47127,0.007860665844636251,224.09806451612903
47131,0.015032092853104527,290.86967741935484
47133,0.013938222202239108,244.8125806451613
47135,0.00507677067855374,65.98741935483872
47137,0.00832012678288431,111.61548387096778
47151,0.0029001268805510243,178.12193548387089
47161,0.0022602989427633977,120.20967741935482
47175,0.0069822888283378745,67.77580645161288
47181,0.06435554489294068,78.35612903225804
47183,0.01839294287085934,298.1932258064516
47185,0.013823368074602304,329.5012903225807
48001,0.005300077942322681,273.93548387096774
48005,0.004601280055353745,544.0
48011,0.003179650238473768,6.929999999999996
48017,0.006571428571428572,28.70999999999998
48023,0.002849814762040467,13.773870967741932
48031,0.002430642863129662,60.91870967741934
48033,0.0,2.715816118524107
48035,0.005084292213005084,74.17903225806452
48043,0.0011952624144300772,4.388709677419354
48045,0.000646830530401035,6.983527161919133
48047,0.01846891301282955,25.11193548387096
48049,0.0031428269596450453,201.5
48053,0.002637316997196553,214.58387096774194
48063,0.0064915228348862075,300.9812903225806
48067,0.0035968827016585624,147.1935483870968
48069,0.00796812749003984,29.69999999999998
48075,0.0032849712565015056,43.690645161290306
48079,0.005608131791097091,13.199999999999992
48081,0.00354295837023915,11.879999999999994
48083,0.004892966360856269,28.0
48087,0.0030821917808219177,10.634516129032253
48089,0.009584515888894059,94.71
48093,-0.0011734506784011735,54.16870967741938
48095,0.011371973587674248,13.859999999999992
48101,0.002861230329041488,5.5551612903225775
48103,-0.0004169272461955389,16.998709677419356
48105,0.002598152424942263,4.214516129032257
48107,0.005054906745685899,22.10999999999999
48109,0.0036849378166743437,1.9799999999999986
48111,0.004116920543433511,18.0
48115,0.005813953488372093,61.89806451612904
48119,0.0005627462014631402,70.74193548387095
48123,0.015674603174603174,94.4596774193548
48125,0.010402532790592492,8.909999999999995
48127,0.005827736072698538,23.9274193548387
48129,0.0036607687614399025,13.199999999999992
48131,0.00976965133996594,21.141290322580634
48133,0.004248366013071895,87.92129032258065
48137,0.005175983436853002,2.9351612903225797
48147,0.010446584445570761,184.23193548387098
48149,0.0037481259370314842,117.43161290322581
48151,0.008877284595300261,14.349677419354833
48153,0.002976190476190476,21.324193548387086
48155,0.0008658008658008658,6.122903225806449
48159,0.0026107226107226107,180.24322580645162
48161,0.012476543084647766,97.17999999999998
48163,0.008618142420959322,60.358709677419355
48165,0.00595570444816676,48.49838709677418
48169,0.0009632364745545031,24.24774193548386
48171,0.0010004446420631393,111.66290322580646
48173,0.0,4.592903225806449
48177,0.009598310697317272,80.03999999999998
48185,0.005020775623268698,145.33999999999995
48191,0.002699055330634278,12.539999999999992
48193,0.005436709608793287,40.997419354838705
48195,0.007964437858862753,19.657741935483863
48197,0.001779811848461734,19.95483870967741
48205,0.0034074605451936872,13.52999999999999
48207,0.003534817956875221,20.94677419354838
48211,0.003665881120712228,13.887096774193541
48217,0.001719010068487544,177.4509677419355
48225,0.004353883664228492,80.74870967741934
48229,0.003888661481784691,1.741935483870968
48235,0.0013020833333333333,4.669354838709675
48237,0.009177392277560157,32.925483870967724
48239,0.012330623306233062,73.53870967741933
48241,0.003011624306904219,171.0
48243,0.0,3.216129032258063
48247,0.005192307692307692,14.539677419354838
48255,0.030382667777706557,82.07419354838709
48261,0.0049504950495049506,1.1639211936531888
48263,0.006561679790026247,3.4917635809595664
48267,0.0006917223887479825,12.209999999999994
48269,0.0,1.1639211936531888
48271,0.0013635124079629125,8.328387096774192
48275,0.006277292576419214,14.519999999999992
48277,0.0037305200665877776,274.5
48279,0.005894671527185294,45.71806451612901
48283,0.0010638297872340426,18.4
48285,0.0044159968244517215,73.24483870967745
48287,0.0026103602297117,114.2012903225806
48289,0.00293036083658929,67.05419354838709
48293,0.010922899688526689,113.9361290322581
48295,0.003093102381688834,11.549999999999994
48297,0.010076185795035636,45.68903225806451
48299,0.0006882312456985547,88.87645161290318
48301,0.0,0.3879737312177296
48307,0.008892785571142285,32.4832258064516
48311,0.010767160161507403,2.3278423873063776
48313,0.003290394847381686,144.13709677419354
48315,0.0017251877410188756,102.31129032258067
48319,0.007955077211043519,13.940322580645153
48323,0.021610299376724228,182.32
48327,0.0018709073900841909,8.12096774193548
48331,0.00515650807718648,104.0196774193548
48333,0.004104247896572953,21.779999999999987
48335,0.0028086600351082502,33.59129032258063
48337,0.003431224139671006,96.2206451612903
48341,0.0052531041069723014,108.56612903225809
48343,0.005247013238618018,226.38193548387096
48345,0.0016666666666666668,4.655684774612755
48347,0.005030366235200295,331.54
48357,0.0027450183001220007,46.870645161290305
48359,0.000946969696969697,4.6199999999999966
48365,0.0019832715357420024,141.02709677419352
48369,0.007600208224882873,38.60999999999998
48371,0.00556152436326866,13.2
48373,0.0023757132007867117,213.19677419354838
48377,0.0013424821002386634,6.3548387096774155
48379,0.001118747003356241,230.32258064516125
48383,0.007274616783580151,9.457741935483867
48385,0.008111239860950173,15.328064516129027
48387,0.0009149130832570906,40.91999999999998
48389,0.0025037556334501754,20.8
48391,0.011945883707541738,38.2141935483871
48393,0.00234192037470726,3.879737312177296
48399,0.00837879968823071,32.54838709677418
48403,0.003130335799658509,78.70322580645164
48405,0.00449192667233216,55.32548387096771
48407,0.002044422883675803,169.51774193548394
48411,0.0028075970272502066,17.889677419354832
48413,0.0014321518080916578,8.278064516129032
48415,0.006765251751182423,79.86709677419353
48417,0.0018376722817764165,12.138387096774188
48419,0.00237398116641608,139.04516129032254
48421,0.005294506949040371,10.889999999999993
48429,0.008648302370275465,35.86225806451611
48431,0.001549186676994578,3.936774193548385
48433,0.0044444444444444444,5.2490322580645135
48435,0.004766949152542373,9.239999999999993
48437,0.00243341895362985,29.039999999999985
48443,0.001288659793814433,1.5518949248709184
48445,0.007214071492259058,55.83806451612904
48447,0.0006662225183211193,5.80064516129032
48449,0.00650381679389313,398.0
48455,0.0033444816053511705,88.26774193548383
48457,0.0029069767441860465,100.67096774193544
48461,0.0010937927262783702,8.70096774193548
48465,0.01052524222335543,59.10000000000001
48467,0.003322141721152147,312.0
48475,0.0019169861643607267,52.067096774193544
48483,0.002175632911392405,19.469999999999988
48495,0.0033707865168539327,27.72096774193547
48499,0.0025033487779705307,325.0
48501,0.007804430161827155,32.350645161290316
48503,0.006163242642976125,93.57645161290324
48507,0.007685810810810811,27.145161290322584
49001,0.0,10.4
49007,0.0,55.94193548387098
49009,0.0,5.819605968265944
49013,0.0,18.809999999999988
49015,0.0,8.072580645161286
49017,0.0,3.299999999999998
49019,0.0,8.249999999999995
49025,0.0,5.939999999999997
49027,0.0,7.6
49031,0.0,8.147448355572322
49033,0.0,7.373548387096774
49037,0.003527567285079697,6.2332258064516095
49039,0.0,57.63709677419352
49041,0.0,43.6
49047,0.0,28.917419354838714
49055,0.0,3.629999999999998
50001,0.0002719090736057862,158.70967741935485
50005,0.00023338779048444637,161.21258064516132
50009,0.00032451728054518905,29.69516129032257
50015,0.00011828720132481665,211.13677419354835
50017,0.00017305828603073514,166.09129032258065
50019,3.698635203609868e-05,154.53774193548387
50025,0.0005210553739756525,247.10225806451612
50027,0.00016345210853220007,239.09516129032252
51001,0.0021970540908528282,342.09870967741944
51005,0.0006056527590847914,120.44999999999993
51017,0.0,29.197741935483858
51021,0.006369426751592357,63.276451612903195
51025,0.0059146078491775,101.04387096774188
51027,0.0013330794134450582,161.16032258064516
51035,0.0029874794400993588,273.8235483870966
51037,0.0015993265993265993,86.42419354838707
51049,0.003221908981071285,110.88580645161284
51051,0.003142897052660986,196.12387096774188
51057,0.0048388569341732855,187.87999999999988
51077,0.004244372990353698,115.15064516129027
51081,0.025758645024700072,138.02096774193544
51083,0.0023591165108666806,190.48999999999995
51091,0.0013698630136986301,21.726528948192858
51097,0.00199288256227758,71.03870967741932
51099,0.0029438068266507676,648.4525806451613
51103,0.003961143072715269,330.4161290322581
51105,0.004696238739700294,243.7354838709677
51109,0.00226117953765529,310.0812903225807
51111,0.003115775664152181,98.09129032258059
51113,0.0023376819244400873,142.57258064516122
51117,0.006963742766534802,234.1690322580645
51119,0.0027405027405027404,336.1287096774194
51131,0.0010247651579846286,240.98225806451617
51133,0.002149648615130219,223.66935483870978
51135,0.0017069327731092437,178.02580645161294
51137,0.0014844403659820247,462.17354838709684
51139,0.0012969625972721948,354.33322580645165
51141,0.006587914584279873,130.83774193548385
51147,0.007236207350232436,313.09806451612906
51159,0.0018840740330267095,166.24548387096772
51163,0.0008417135515881805,162.7964516129032
51167,0.004776950274580606,265.8419354838709
51171,0.002338591342626559,404.25000000000006
51173,0.005514217379750199,320.83935483870977
51175,0.006636038795303726,101.69999999999995
51181,0.005138586110246029,82.51064516129028
51185,0.0026604261608572486,423.84774193548395
51193,0.0016652789342214821,281.57000000000005
51195,0.006687531765775887,499.40903225806454
51197,0.00209175847162181,303.22741935483873
51530,0.0043223217042297,4915.2
51580,0.002347417840375587,5401.2696774193555
51595,0.012719790497568275,4299.0
51620,0.02246767917660349,5229.0
51640,0.010241058767921854,4248.686129032259
51678,0.00201450443190975,13282.703225806454
51720,0.0037678975131876413,2645.5
53009,0.0015259081092964012,171.9570967741935
53019,0.0017044709584371313,11.154193548387092
53023,0.0008988764044943821,12.415159398967347
53025,0.01128585022459149,141.57870967741928
53031,0.0005896775394928773,54.77999999999997
53039,0.0033890746934225197,35.96999999999998
53043,0.0019197367218210075,15.179999999999989
53047,0.007267476268257462,31.2
53049,0.0012015486627208402,77.6774193548387
53055,5.687635081333182e-05,344.36741935483883
53069,0.0002228163992869875,49.82999999999997
54001,0.00024329420351560123,208.0393548387096
54007,7.164863509350147e-05,97.01806451612903
54013,0.0005626670417780279,88.50483870967737
54017,0.00023674242424242425,83.81516129032254
54021,0.000255656397801355,84.47838709677416
54023,0.006396957123098202,82.01612903225802
54025,0.0005770007501009751,147.28258064516123
54031,0.0013792102206736353,89.63645161290327
54033,0.0012786963244914953,830.5
54035,0.0015747480403135498,276.9629032258064
54041,0.00037719243100521783,192.20967741935485
54047,0.0024965955515206537,136.94999999999993
54059,0.005379098360655738,243.5787096774193
54063,0.00783427495291902,94.37999999999995
54065,0.0006709908297919928,358.5374193548387
54067,0.0008164598301763554,177.5922580645161
54071,0.001004448270914048,36.41516129032256
54073,0.0010723860589812334,219.84677419354847
54075,0.00012125621438098702,26.25
54083,0.0005924377069175815,121.1422580645161
54085,0.00020933640360058616,74.44161290322579
54087,0.0012419637638807716,101.37193548387091
54089,0.000954426151276545,130.36838709677417
54093,0.00029244041526538966,55.66129032258062
54095,0.0003492026539401699,117.77516129032252
54097,0.00020681667769688948,329.20258064516133
54101,0.0004929751047572097,54.130645161290296
54103,0.00026551609691337537,198.64193548387087
54109,0.0022555653623614787,181.9548387096774
55001,0.002126607319485658,121.59387096774196
55003,0.0012209227605706207,51.049999999999976
55005,0.0031385377066572365,249.52516129032256
55007,0.0017956903431763766,33.46258064516127
55011,0.0017650218709231833,67.44193548387094
55013,0.0017516543402101986,62.40387096774193
55019,0.0020992695692183816,94.70999999999994
55023,0.00285165209844399,109.26451612903229
55029,0.0015902848055515397,284.4696774193548
55037,0.004190919674039581,30.02999999999998
55041,0.002221235006663705,30.18193548387095
55047,0.0021149473906836567,202.7048387096775
55051,0.008967821346931599,25.589032258064503
55053,0.0014532771399505887,86.40580645161288
55057,0.0029977142428897967,151.32387096774187
55065,0.004920492049204921,89.83935483870965
55067,0.002084527593934025,79.85451612903228
55077,0.0014126107615256196,121.35290322580649
55081,0.0016647568806347696,230.07999999999996
55085,0.003680292175867397,149.72612903225803
55091,0.0008233841086867024,113.94645161290327
55095,0.0013703949021309642,211.86709677419347
55099,0.0012733128604598906,37.07129032258063
55103,0.0013911430558775793,100.71580645161285
55107,0.0007053180984624065,53.459999999999965
55113,0.007609614687764223,52.67225806451613
55119,0.00280194661554343,70.23354838709673
55121,0.003710074538770279,138.31064516129032
55123,0.0016871066121601453,131.84258064516132
55125,0.003424194638432079,91.20967741935486
55129,0.0027989821882951653,67.0322580645161
55135,0.006138458521278682,328.5654838709677
55137,0.002250132962402324,146.18354838709678
56003,0.0006785411365564037,12.138387096774188
56005,0.001683174726484107,38.307096774193546
56007,0.007837837837837838,6.599999999999996
56009,7.234843003906815e-05,13.168064516129032
56011,0.0006592827004219409,8.314516129032254
56013,0.0035149384885764497,17.6
56015,0.0035576413594731664,19.79999999999999
56017,0.002492635395422615,7.827096774193545
56019,0.0005920663114268798,6.929999999999996
56023,0.0011598587997982855,14.434838709677413
56027,0.00042444821731748726,2.9699999999999984
56029,0.0016784270740563129,16.4
56031,0.00023829381627546765,13.859999999999992
56033,0.0029850746268656717,46.0
56035,0.0014240667276980978,6.929999999999996
56037,0.0014642325768131686,16.8
56039,0.004048755540402319,18.173870967741934
56041,0.0021754177790962127,40.69322580645161
56043,0.007687379884689302,12.000645161290317
56045,0.0008661758336942399,9.783870967741931
