fips_code,preparedness_score,county_health,social_score
1005,0.9684728264244928,0.424805729,4.745454545454546
1011,1.068544967472688,0.393450819,3.299999999999998
1013,1.0059111654245494,0.418964841,4.748484848484848
1019,1.0422262940907008,0.440690048,5.0
1023,1.0149450757026355,0.428070858,4.133333333333333
1025,1.0073861696480564,0.42638184200000007,4.303030303030301
1027,1.0416006826634143,0.47341078700000006,4.254545454545454
1029,0.9591091004002088,0.48518358500000003,4.345454545454545
1035,1.0979404356000568,0.407422638,4.227272727272727
1039,1.0478021491120681,0.48302592,5.0
1041,1.045969878502806,0.473368342,4.53030303030303
1049,1.0045470930035416,0.47738804700000004,5.0
1053,1.037689924159573,0.461705633,4.945454545454545
1057,1.0863975376802595,0.501350204,4.787878787878788
1059,1.0554204781627903,0.482719283,4.99090909090909
1063,1.01418593176154,0.376404494,3.3121212121212102
1075,0.952733860342556,0.455756685,4.578787878787881
1087,0.893105480259281,0.421056067,4.312121212121212
1091,1.002442087603683,0.42739800399999994,4.351515151515151
1093,1.0239304225448542,0.479007634,5.0
1099,1.0184422838838207,0.43185669299999996,4.281818181818181
1105,0.8835616438356164,0.383856627,3.299999999999998
1111,0.996244864634892,0.45201949500000005,4.845454545454546
1119,1.0583181269580573,0.46557759600000004,4.0
1123,1.0269778072528384,0.505353586,5.0
1129,0.9624298063086829,0.45663065599999997,3.306060606060605
1131,0.9336346325019617,0.41137990599999996,3.263636363636362
1133,0.9989494526908849,0.47692144299999994,4.9818181818181815
2013,0.9790209790209791,0.613959234,3.903896949954491
2016,0.9756307339449541,0.60747296,1.9151515151515146
2050,0.9833764822761026,0.523984924,2.7787878787878784
2060,0.9353233830845771,0.587323944,3.903896949954491
2068,0.935251798561151,0.6519402990000001,3.903896949954491
2070,1.0956433636154916,0.542957335,3.903896949954491
2100,0.8940092165898618,0.617073171,3.903896949954491
2110,1.0177524260783315,0.6679982600000001,3.890909090909092
2122,0.9747882706362155,0.601598022,4.0
2130,1.000857167242108,0.546135355,3.263636363636362
2150,1.0377488328021371,0.637087027,3.033333333333332
2164,0.9362606232294618,0.532627866,3.903896949954491
2180,0.9920624733935325,0.506344596,1.8424242424242423
2185,1.0274482803099172,0.566469211,2.5727272727272723
2188,1.0036966165616275,0.495669688,2.4969696969696966
2195,1.1100251393947207,0.616620933,3.903896949954491
2220,1.0747827703826662,0.673192993,2.9272727272727264
2240,0.9462447579107892,0.545788964,3.299999999999998
2261,1.06439728691555,0.57138786,3.299999999999998
2282,0.9327354260089686,0.548780488,3.903896949954491
2290,0.9119858469703671,0.5262070750000001,3.903896949954491
4001,0.9963300418102774,0.520286807,3.28181818181818
4009,1.0143935712231111,0.534497031,3.9727272727272736
4011,0.9504006930907516,0.576671986,3.154545454545454
4012,1.0141718386337957,0.455177127,3.299999999999998
5001,1.1515052237335768,0.47528295,4.29090909090909
5003,0.9778766878793305,0.45130625999999996,4.29090909090909
5005,1.0467453869088186,0.510617789,5.0
5009,1.118599555707795,0.5159760449999999,5.0
5011,1.0394032729230316,0.46982862700000005,3.293939393939392
5013,0.9462547608971646,0.48552078499999995,3.263636363636362
5015,1.0157206858514767,0.5463489479999999,4.836363636363635
5017,0.9826675166723849,0.457280237,3.4212121212121205
5019,0.9847807744938456,0.5603848520000001,4.615151515151514
5021,1.0157988771939137,0.5078750320000001,4.299999999999999
5023,0.9666228648834265,0.50276844,5.0
5027,0.987386011773601,0.488160291,4.669696969696971
5029,0.987517397478027,0.49966005299999994,4.890909090909091
5037,0.9824011110768471,0.468050117,4.781818181818181
5039,1.0944196401518251,0.44891092600000004,3.299999999999998
5041,1.105030191805409,0.414622752,4.299999999999999
5043,0.9988926395521159,0.5295712,4.706060606060605
5047,0.9976165878216692,0.506697729,4.139393939393939
5049,1.0340378415784437,0.466454657,3.3121212121212102
5057,1.0415331840910997,0.471237292,4.409090909090908
5061,1.063263564613647,0.49761880599999997,3.833333333333334
5063,1.02769567177916,0.553438857,5.0
5065,0.9968394852919447,0.49219450899999995,3.336363636363635
5067,0.9216472303206997,0.474534624,4.3606060606060595
5071,1.0153899383860747,0.5032546579999999,4.660606060606061
5073,0.9051094890510949,0.45946441700000007,3.263636363636362
5075,0.995448422533813,0.5075663029999999,4.372727272727271
5077,0.9097881665449233,0.42063708099999997,3.263636363636362
5083,1.0152012480297066,0.517855045,3.71818181818182
5089,0.9339767156862745,0.481184771,4.299999999999999
5095,0.9210332103321033,0.43436754200000005,4.054545454545454
5097,0.9234516353514266,0.4952642420000001,3.421212121212121
5099,0.9311023622047244,0.43016759799999993,3.6212121212121224
5101,0.9547134935304991,0.457559892,3.28181818181818
5103,1.028417817557502,0.45852673,4.348484848484848
5109,0.9321428571428572,0.504885605,4.390909090909091
5113,1.0099879296807206,0.489471644,4.281818181818181
5115,0.9847769646381497,0.5149623160000001,5.0
5117,0.9416976278936839,0.49373162000000004,3.57878787878788
5121,0.9631833567942686,0.48426203200000006,4.5121212121212135
5127,1.0541800116788806,0.49526694399999993,3.299999999999998
5129,0.9362154500354358,0.49905243200000005,3.384848484848484
5133,0.9344444444444444,0.55311863,3.71818181818182
5135,0.9274520162000353,0.466362186,4.533333333333333
5137,1.0125162456016363,0.428784415,4.366666666666665
5139,1.0168865150802469,0.541320228,4.972727272727273
5141,0.9885528579952373,0.49529190200000006,4.457575757575756
5147,0.9359848484848485,0.464785954,3.3242424242424224
6003,0.8927789934354486,0.56277533,3.903896949954491
6005,0.9538427442965157,0.55920404,4.303030303030301
6009,0.9551033140837967,0.6045510940000001,4.1
6011,0.8940209115825805,0.587531807,3.9727272727272736
6015,0.9697576703857013,0.5710840079999999,4.045454545454546
6021,0.9555075510495398,0.593619501,3.9909090909090907
6023,0.9774968562210746,0.6432493260000001,3.978787878787879
6027,1.0016031673199175,0.5920592760000001,4.0
6035,0.9726998328428974,0.610847856,4.0
6043,0.9624561745386853,0.611691593,3.227272727272726
6049,1.056737860555756,0.560050927,3.299999999999998
6051,0.9255483811660519,0.64310256,3.28181818181818
6063,1.0361394635278907,0.6266393699999999,3.28181818181818
6091,0.9330143540669856,0.585560431,3.2636363636363614
6093,0.9647782394815252,0.592463204,4.0
6105,1.0208937683954953,0.5545935550000001,3.299999999999998
8003,1.0441737338083548,0.63025807,4.290909090909091
8007,0.9817359129958381,0.6586879429999999,3.403030303030302
8009,1.2076217405636116,0.575997125,3.245454545454544
8011,0.9596730245231607,0.5984015979999999,3.299999999999998
8015,0.9752973881462589,0.6411446700000001,3.6878787878787898
8017,1.2696228893643422,0.636168692,3.263636363636362
8021,1.0555492741127828,0.589397432,3.299999999999998
8023,0.9323349972268442,0.527384021,3.299999999999998
8025,0.9547945205479452,0.5788048729999999,3.28181818181818
8027,0.9621828626136908,0.641133755,3.299999999999998
8029,0.9959155027221888,0.622758119,4.072727272727272
8033,0.9537521815008726,0.6015672089999999,3.903896949954491
8037,0.9547570393081543,0.723148471,4.484848484848484
8045,0.9820067166513499,0.676540337,4.2363636363636346
8049,0.9905577761086876,0.701997522,3.590909090909092
8051,1.0073162227296175,0.7320991969999999,3.2696969696969678
8053,0.9696969696969697,0.649635036,3.903896949954491
8055,1.0345918656064055,0.5819316800000001,3.299999999999998
8057,0.9714867617107943,0.60862069,3.903896949954491
8061,1.746648006240536,0.625698324,3.28181818181818
8063,1.089750156578712,0.5927381620000001,3.299999999999998
8065,0.9708366678212954,0.645377615,3.4696969696969693
8071,1.0079800797011291,0.586447011,4.0
8073,1.0980441863089543,0.6167932110000001,4.0
8075,1.0080720278671238,0.6158672220000001,4.145454545454545
8079,0.9460227272727273,0.655068079,3.903896949954491
8081,1.0327193698205288,0.647492323,3.299999999999998
8083,0.9889291120308723,0.630477404,3.299999999999998
8089,1.0199220506573956,0.5713878189999999,3.9909090909090907
8091,0.9428571428571428,0.671718406,3.6636363636363654
8095,1.4208582711174185,0.6430340560000001,3.28181818181818
8097,0.9902559242610262,0.726551227,4.157575757575757
8099,1.0484370900731297,0.605916242,3.293939393939392
8103,1.2101661517712923,0.6662525880000001,3.299999999999998
8105,1.0106826710111265,0.627471264,3.299999999999998
8107,0.9834142069389188,0.731245552,4.145454545454544
8109,0.9289923394225104,0.562104872,3.299999999999998
8111,0.966728280961183,0.653153153,3.903896949954491
8113,0.9308894230769231,0.7002813560000001,3.409090909090909
8115,1.208894922349027,0.6221374049999999,3.299999999999998
8117,0.9882145797589528,0.728445454,4.99090909090909
8121,0.9698181818181818,0.632534878,3.28181818181818
8125,1.1329003237162765,0.6413623310000001,3.299999999999998
12007,0.9921562057114042,0.4631324,4.99090909090909
12013,1.015141197522608,0.484866672,3.4636363636363634
12029,0.9563723806252147,0.495938529,3.3606060606060595
12037,1.0444808508653263,0.5212225829999999,4.8515151515151524
12043,0.9543047656403216,0.455771213,3.299999999999998
12047,0.9382657869934025,0.517538568,3.757575757575759
12059,0.9998038182070034,0.4529892529999999,4.527272727272727
12063,0.9970337293052816,0.47778568499999996,4.99090909090909
12067,0.9660281893747741,0.507398362,3.28181818181818
12075,0.9520597885526796,0.468854757,4.303030303030301
12077,0.9590389917290272,0.48437725,3.1969696969696955
12079,1.0032181719904003,0.48054798200000004,4.28181818181818
12121,0.9766551504438264,0.46952446700000006,4.9818181818181815
12123,1.0170178357507689,0.46663963899999994,4.324242424242423
12125,1.4046918807180475,0.48488120999999995,3.8757575757575777
12133,0.9981766166657161,0.46920953600000004,4.687878787878788
13001,1.0027674494370935,0.49443766600000005,4.657575757575757
13003,0.9659035557720409,0.495747465,3.5606060606060614
13005,1.0550245908839004,0.499820036,4.645454545454546
13007,0.939622641509434,0.493183641,3.154545454545454
13011,0.9627980922098569,0.5547118639999999,5.0
13017,1.0176472652780562,0.43717877799999993,5.0
13019,1.0764179985315836,0.49722355500000004,4.36969696969697
13023,1.001094178304177,0.5362106090000001,5.0
13037,0.9508272058823529,0.45067735200000003,3.2151515151515135
13043,1.1064430487197212,0.454221019,4.972727272727273
13049,0.9644424934152765,0.48606338299999996,4.018181818181818
13053,0.9414316702819957,0.643824128,4.624242424242425
13061,0.8734873487348735,0.409743367,3.3878787878787864
13065,1.077954372462868,0.458123108,3.28181818181818
13069,1.0075177148058614,0.5267975060000001,4.99090909090909
13075,1.0463941788119522,0.516211803,5.0
13091,1.0265592856595835,0.466423052,4.518181818181818
13093,0.9267503035208418,0.461585903,3.7393939393939415
13099,1.0163496220435368,0.459734167,3.663636363636365
13101,0.963596249310535,0.519768234,3.28181818181818
13105,0.99133766530515,0.493103218,4.909090909090908
13107,1.0184144335981304,0.472104769,4.603030303030304
13109,1.1750708191770716,0.48032097799999995,4.642424242424243
13111,1.0182868541304209,0.5471506420000001,5.0
13119,1.0422419692575726,0.523505578,5.0
13123,0.9634091114935242,0.541509434,5.0
13125,0.9694137638062872,0.503412969,3.3484848484848473
13131,1.0037868706019673,0.491967116,4.742424242424241
13133,1.0654628730000968,0.477702139,4.927272727272727
13141,0.9094931617055511,0.4303941029999999,3.263636363636362
13147,0.9528988934077367,0.520651542,5.0
13155,1.1219828917896038,0.478337158,3.5303030303030303
13161,1.024978931402633,0.49076087,4.748484848484847
13163,1.0383486941493352,0.46086072499999997,4.312121212121212
13165,1.0320253969580364,0.46698454,3.6030303030303044
13167,0.9542364016736402,0.4519157570000001,3.6515151515151527
13175,1.029528297772146,0.506318095,5.0
13187,1.2201978495489452,0.5884670620000001,5.0
13193,1.0188979454576237,0.45332834,3.3181818181818166
13201,1.1486947170186967,0.517304189,3.6878787878787898
13205,0.9824783536660042,0.47371488500000003,4.4696969696969715
13209,0.9494120864096254,0.542892157,3.6757575757575776
13237,0.9405688049993624,0.50879102,5.0
13239,0.9425717852684145,0.41515474899999993,3.306060606060605
13241,1.0190633848355286,0.514240845,4.99090909090909
13243,1.1003618410047098,0.417554168,3.336363636363635
13251,1.0002082222632473,0.501499591,3.3848484848484834
13253,1.2184077454001336,0.4656140879999999,4.8545454545454545
13257,1.0071155183463412,0.534521928,5.0
13259,0.9461292897047087,0.465321101,3.299999999999998
13263,0.935026138909634,0.45053272499999997,3.263636363636362
13265,0.9367088607594937,0.437874251,3.903896949954491
13267,1.0032880446452548,0.534699926,4.363636363636363
13269,0.9395900755124056,0.44513813,3.5969696969696967
13271,0.9055683122847302,0.4413374320000001,3.6757575757575776
13277,1.082122642115869,0.5122254589999999,5.0
13279,1.0174486884331932,0.505714575,5.0
13281,1.0374139878285458,0.558047366,5.0
13283,0.9455205811138014,0.520508925,3.6757575757575776
13287,0.9193758127438232,0.46966666700000004,3.754545454545456
13289,0.9334319526627219,0.45132475399999994,3.9909090909090907
13291,1.0191522905905313,0.5572390570000001,5.0
13299,1.0240785126569496,0.507375719,5.0
13301,0.944177449168207,0.45031055899999994,3.3121212121212102
13303,1.0640208431461173,0.506817613,4.290909090909091
13307,0.9452332657200812,0.451735616,3.28181818181818
13309,0.9380413057961359,0.493039621,3.299999999999998
13311,0.9674453280318092,0.556969924,5.0
13315,0.9390667180871577,0.4870430029999999,3.299999999999998
13317,1.0484612107508162,0.4663585,3.360606060606059
13319,0.9553617239610056,0.48388944600000006,3.299999999999998
15001,0.9011047708967189,0.620021597,3.6818181818181834
15007,0.8321547658163744,0.6563564129999999,4.051515151515151
16003,0.9192872117400419,0.5194508010000001,3.28181818181818
16007,1.1324534637825168,0.584931198,3.3606060606060595
16009,1.020300290633743,0.536404369,3.299999999999998
16013,0.9780483957425579,0.649480438,3.9696969696969697
16021,1.010351479940882,0.592576467,3.299999999999998
16023,1.1713247283444501,0.616624685,3.299999999999998
16025,0.9602649006622517,0.516203704,3.903896949954491
16029,1.1145428006034601,0.593650794,3.28181818181818
16031,1.028960820056506,0.581389639,3.299999999999998
16033,0.9596977329974811,0.5504587160000001,3.903896949954491
16035,1.0478899764722578,0.500205451,3.299999999999998
16037,0.954073482428115,0.5824144760000001,3.299999999999998
16047,1.0150249437452183,0.582834331,3.299999999999998
16049,1.0462736215361164,0.6017805949999999,3.299999999999998
16053,1.0029544756235698,0.574093015,4.299999999999999
16059,1.0390395534799162,0.547659509,3.299999999999998
16061,0.9290578887627696,0.503180449,3.209090909090908
16063,0.9510513615994485,0.550774075,3.28181818181818
16067,0.9999066200875798,0.547654155,4.299999999999999
16071,1.0733750994157396,0.5504815160000001,3.299999999999998
16077,1.033038717372453,0.565437184,3.299999999999998
16079,0.9940983038174029,0.542986425,3.28181818181818
16081,0.9970577190722284,0.6542098670000001,3.663636363636365
16083,1.0396480134271355,0.597333504,4.715151515151516
16085,1.0289392369245671,0.6117686099999999,3.2333333333333316
16087,1.021932361207012,0.49834563499999995,3.263636363636362
17001,1.0492116344576765,0.529600094,5.0
17003,0.9020408163265305,0.422565423,3.263636363636362
17009,0.9675546448087432,0.530915684,3.5000000000000004
17011,1.0106274142355125,0.5261431599999999,4.324242424242424
17015,0.9434543749162535,0.514342664,3.6696969696969712
17017,0.9430348665902766,0.512631128,3.700000000000002
17023,0.9381954685614694,0.519326476,4.336363636363635
17025,0.9885283643687035,0.515813179,4.524242424242424
17029,1.002251321354723,0.555574215,5.0
17033,0.9942687096638395,0.5430771270000001,4.4060606060606045
17035,0.9509820102327117,0.524845459,3.6757575757575776
17041,0.9472349556227445,0.5367370650000001,4.712121212121213
17045,1.0055722865016001,0.525036179,4.284848484848484
17047,0.9370496776640121,0.524299254,3.5666666666666673
17049,1.0235071642210132,0.585504137,4.99090909090909
17051,0.9822118269123598,0.5081365760000001,4.3151515151515145
17055,0.93525343530606,0.474193227,5.0
17059,0.9168912848158131,0.483266733,3.299999999999998
17061,1.0205751688946063,0.517137293,3.299999999999998
17065,1.0811927172015063,0.5470246510000001,3.6878787878787898
17067,0.9897262739552094,0.538128987,3.299999999999998
17069,1.193845635068734,0.4865625,3.3969696969696965
17071,0.9484823169033695,0.5010920999999999,3.3484848484848473
17075,0.9955521966063348,0.491497227,4.299999999999999
17079,0.9480925578486554,0.5334414270000001,3.3121212121212107
17081,1.0768274755856009,0.492902744,5.0
17085,0.9732072709475785,0.54683267,3.9848484848484858
17087,0.9233558994197292,0.52014183,3.757575757575759
17101,0.9978616532721011,0.500273032,3.772727272727274
17109,1.0026151677892368,0.5787672610000001,4.457575757575757
17125,1.0094874304762376,0.513772567,3.700000000000002
17127,0.9980570903582209,0.5053773239999999,4.684848484848485
17135,1.007935596684694,0.498337853,4.551515151515151
17139,0.9524436833091819,0.536983057,3.754545454545456
17145,1.014968721829787,0.494463648,4.733333333333334
17149,1.0201221334058406,0.5061443299999999,3.469696969696969
17151,0.9315726290516206,0.520670089,3.299999999999998
17153,0.9017721518987342,0.44957983200000007,3.28181818181818
17155,0.9303291786513264,0.546524297,3.663636363636365
17157,1.1862382203390411,0.496506196,4.981818181818182
17159,1.0739765322889354,0.520214965,4.721212121212121
17165,1.0336553347279325,0.50982591,5.0
17169,1.1095341814952095,0.506546355,3.3363636363636346
17171,0.9544204322200392,0.532228838,3.3969696969696956
17173,1.0059464583231614,0.5234224220000001,4.375757575757575
17175,0.9350042480883602,0.5274647889999999,3.227272727272726
17181,0.999624748624344,0.502217878,4.3151515151515145
17185,1.0367945691595797,0.528398927,4.657575757575758
17187,1.0073538520187995,0.520905399,4.299999999999999
17189,1.037656227347715,0.543173968,4.312121212121212
17191,1.0026202927166066,0.5238434729999999,4.290909090909091
17193,0.94036274208423,0.49601948100000004,4.493939393939393
18009,1.0365865494291235,0.5158041360000001,3.9151515151515173
18025,0.9466777754634451,0.46323795700000003,3.800000000000001
18027,1.0092663554921697,0.548239812,4.945454545454545
18037,1.1260763842282664,0.5824454910000001,5.0
18045,0.9578026501994082,0.535007432,4.451515151515151
18047,0.9587028576547523,0.528420451,4.809090909090909
18049,1.0028881626615678,0.516307173,4.718181818181818
18051,1.0000846305390285,0.542234545,5.0
18055,0.9920661062810973,0.48501220600000006,4.803030303030302
18075,1.0114722440473332,0.509281418,4.333333333333332
18083,1.1772570572030743,0.512355905,5.0
18087,0.9937948921798475,0.56178675,4.745454545454545
18101,0.9652141387694034,0.502141597,3.663636363636365
18117,0.9858509100180314,0.478159851,4.927272727272727
18121,0.9568638880792771,0.505346386,3.787878787878789
18123,1.007441632563494,0.5371462650000001,4.83030303030303
18131,1.039573685005853,0.512899897,3.700000000000002
18135,0.9920493135848011,0.518834992,4.506060606060607
18137,1.0222185746423755,0.5410235210000001,4.787878787878787
18139,1.0208564811371146,0.521050179,4.299999999999999
18147,0.9577372604020571,0.547365771,4.978787878787879
18149,0.950484577392601,0.485315712,4.412121212121212
18151,0.974538395887677,0.48490916399999995,4.99090909090909
18155,0.9412369015820834,0.47720515399999996,3.6454545454545473
18159,1.0291091830392665,0.5269740679999999,4.972727272727272
18171,1.090416877643165,0.53417603,3.3121212121212102
18177,1.060330541893626,0.5294494860000001,5.0
18181,1.0040383333777774,0.512279563,5.0
19001,1.1208099308700503,0.563143631,3.71818181818182
19003,1.2639128359488394,0.516857838,3.451515151515151
19005,1.0670454381162138,0.534120983,3.3969696969696965
19007,1.0213605296217767,0.472938011,4.439393939393939
19009,1.1664128168814836,0.521570418,3.3484848484848473
19019,1.0128157429980564,0.53663518,4.303030303030304
19021,1.0245400047790334,0.55218037,4.330303030303029
19023,0.9680185084376701,0.543663472,3.3121212121212102
19025,1.023104357777263,0.5315126050000001,3.493939393939394
19027,1.0906957495533143,0.5791652970000001,4.99090909090909
19029,1.0527865822058806,0.5433635370000001,4.109090909090909
19031,0.9678822017985967,0.530461751,3.772727272727274
19033,1.0721007713875517,0.54197706,5.0
19035,1.0679454092011933,0.5722354000000001,3.6515151515151527
19037,0.9922703198176791,0.57623784,3.5909090909090917
19039,1.0730530663228253,0.555412555,3.9393939393939403
19041,1.1169139277160254,0.585162634,4.663636363636363
19043,1.067434512661037,0.547541694,3.493939393939394
19047,1.0254405363726211,0.531671212,4.3151515151515145
19051,1.0835220883534136,0.559811617,3.342424242424241
19053,1.0409127285473194,0.5758559139999999,3.3484848484848473
19055,1.0335794643166016,0.538579537,4.569696969696969
19057,1.0238720025609203,0.5220559149999999,5.0
19059,1.0899522811206837,0.55658132,5.0
19063,1.082719726868605,0.5339144650000001,3.445454545454545
19065,1.0693505449742127,0.5440005139999999,3.696969696969698
19067,1.0213371642735507,0.52858675,3.6878787878787898
19069,1.0779097142846157,0.493118971,3.384848484848484
19071,1.1256750258165105,0.527644674,3.8545454545454567
19073,1.090078376564285,0.48124004100000006,3.6151515151515166
19079,1.0367921583669908,0.5726022660000001,3.77878787878788
19081,1.0649698301745887,0.556456421,3.721212121212123
19083,1.0117347438492355,0.528849715,3.6878787878787898
19087,1.0152161105446167,0.5630204029999999,4.909090909090909
19089,1.0583539414209753,0.557533652,3.3424242424242414
19091,1.0542396266280625,0.53856674,3.603030303030304
19093,1.1268552405764738,0.5594985539999999,3.4818181818181824
19095,1.03790927957311,0.564079787,4.463636363636363
19097,1.010154329430234,0.556982981,3.706060606060608
19101,1.0104878955769427,0.604457901,4.484848484848484
19107,1.0649245783728523,0.532047214,3.5181818181818194
19109,1.0454395255058615,0.533419244,3.6666666666666674
19111,1.044878409497154,0.547163465,4.972727272727272
19115,0.9631104953238656,0.546338077,3.4575757575757575
19117,1.093078217303522,0.536838933,3.4939393939393932
19119,1.0269304948766496,0.562145558,3.518181818181819
19123,1.012377182123697,0.604577507,4.824242424242423
19125,1.0257858034205214,0.575347835,5.0
19131,1.0803583115124658,0.529171312,3.5060606060606068
19133,1.0903585577932968,0.522401301,3.5484848484848492
19135,1.0975854578085786,0.5301245370000001,3.6878787878787898
19137,1.176267110585108,0.529822746,4.290909090909091
19141,,0.5758437620000001,3.6757575757575776
19143,1.1593034601463745,0.521417699,3.299999999999998
19145,1.0703744181703232,0.49682926799999994,3.80909090909091
19147,1.0864413012958494,0.530760302,3.663636363636365
19151,1.1375070657723354,0.524056967,3.299999999999998
19157,1.0388199629769292,0.568344846,4.703030303030303
19159,1.1338825213857011,0.5267034989999999,3.3545454545454536
19161,1.084437649018442,0.5049714970000001,3.5484848484848484
19165,1.0663225190768428,0.562451253,3.621212121212123
19167,1.0981988668807063,0.6465300679999999,4.533333333333334
19171,0.957277582092944,0.515005067,3.3424242424242414
19173,0.9735413839891451,0.512880068,3.3878787878787864
19175,1.0375784226241218,0.513468539,4.954545454545454
19177,1.1159350961454373,0.5032293779999999,3.336363636363635
19179,1.0322613227782258,0.557124001,4.99090909090909
19185,1.129254404781096,0.4526800670000001,3.299999999999998
19187,1.0177120962356516,0.5683443100000001,4.99090909090909
19189,0.9534400332571191,0.5507988779999999,3.74848484848485
19191,1.021807621412789,0.616482843,3.71818181818182
19195,0.9645790554414785,0.562658549,3.651515151515153
19197,1.1377753505290995,0.48787564799999994,3.663636363636365
20001,1.0354189767026152,0.49533872,4.336363636363635
20003,1.0274002411771157,0.5019554500000001,3.184848484848484
20007,1.3343295474375008,0.516241299,3.1181818181818173
20009,1.0704439658072178,0.5089931670000001,4.484848484848484
20011,0.9439964157706093,0.489852144,4.7272727272727275
20013,1.0733826204237789,0.49567883999999995,3.700000000000002
20017,0.9388418998048146,0.497623574,3.1969696969696955
20019,1.1848959429196395,0.473783478,3.2333333333333316
20021,1.0601893607557957,0.503213242,4.336363636363636
20023,1.2828318094268194,0.49163879600000004,3.227272727272726
20025,1.7932916527359857,0.508541393,3.178787878787878
20027,1.0589577734296292,0.5281321560000001,3.42121212121212
20029,1.0788464720350832,0.525896414,3.663636363636365
20031,1.0844888696020394,0.5480814039999999,3.6606060606060624
20033,1.2752463191682366,0.552138035,2.869696969696969
20039,1.3505415937482546,0.511024643,3.124242424242423
20041,1.0458987054993343,0.497128449,4.29090909090909
20047,1.1600702352461127,0.49679487200000005,3.299999999999998
20049,0.9563758389261745,0.468193384,3.299999999999998
20051,1.2913646879568876,0.5867981520000001,5.0
20053,1.100705480746827,0.509586875,3.299999999999998
20055,1.0278306801922439,0.49728229,4.3606060606060595
20057,1.0454491329006599,0.503949314,4.43030303030303
20063,1.3853341597384001,0.535750252,3.299999999999998
20065,1.2785296107281066,0.49452191200000006,3.2696969696969678
20067,1.1449020979020978,0.516440244,3.1969696969696955
20069,0.979951397326853,0.5562558360000001,3.28181818181818
20071,1.640971307115867,0.534140969,3.263636363636362
20073,1.1325280818378087,0.500633179,3.2515151515151497
20075,1.4098028809292826,0.504843918,3.28181818181818
20077,1.1483310891887188,0.525399129,3.263636363636362
20081,1.1142852372984753,0.5306406690000001,3.299999999999998
20083,1.5785306820554805,0.533807829,3.0939393939393933
20089,1.3454934538363221,0.47697654200000006,3.178787878787878
20093,1.2561309861688343,0.47732952500000003,3.2272727272727257
20097,1.2952594372967623,0.521627188,3.2333333333333316
20099,1.0117168400146892,0.512918534,4.272727272727272
20101,1.669628664495114,0.513580247,3.1303030303030295
20105,1.1520998656246448,0.526023891,3.263636363636362
20109,1.3649992652182776,0.5386753129999999,3.2696969696969678
20113,1.1095223898499702,0.572571481,4.5272727272727264
20115,1.0769909118731706,0.526757273,3.28181818181818
20117,1.0833696589700808,0.503983795,3.275757575757574
20119,1.1722649362328998,0.5225283629999999,3.178787878787878
20123,1.153298982374397,0.547805809,3.1545454545454534
20125,0.9847311893969375,0.517092097,4.448484848484847
20127,1.1484881305707548,0.49601275899999997,3.3242424242424224
20129,1.4836128304191036,0.497524752,3.2515151515151497
20131,1.1594110648185971,0.570250133,3.6272727272727283
20133,1.0197401339578103,0.498502745,4.3666666666666645
20135,1.5517933270295825,0.47906348499999996,3.263636363636362
20137,1.170546910233624,0.509794989,3.28181818181818
20141,1.2875337196659635,0.515370705,3.28181818181818
20143,1.1495791110453952,0.520044543,3.263636363636362
20145,1.133026077811498,0.500273573,3.28181818181818
20147,1.1751692855943652,0.523312288,4.027272727272727
20151,1.1416862713544333,0.565180467,4.278787878787878
20153,1.2922243445683352,0.542885974,3.263636363636362
20157,1.198109687517176,0.521374459,3.275757575757574
20159,1.0764134123138045,0.51880516,3.263636363636362
20163,1.1243031616804522,0.5428644760000001,3.263636363636362
20165,1.2249869948914212,0.5324887620000001,3.1909090909090896
20167,1.0826687661396133,0.5174579720000001,4.109090909090909
20169,1.053034816443144,0.5358270350000001,4.99090909090909
20171,1.200642107371489,0.54863052,3.2818181818181804
20175,1.059089881339585,0.528612736,4.390909090909091
20179,1.2973799567236055,0.517405063,3.28181818181818
20181,1.1486494564576988,0.5278024910000001,4.00909090909091
20183,1.2041952662145514,0.47403276399999994,3.28181818181818
20185,1.2167619742261684,0.512347609,3.2151515151515135
20187,1.3830591558657361,0.517029973,3.245454545454544
20189,1.1182797616688465,0.503795547,3.245454545454544
20193,1.00874505486641,0.55542393,4.254545454545454
20195,1.3537813538880117,0.5364151770000001,3.299999999999998
20199,0.9825581395348837,0.547555556,3.1484848484848476
20201,1.3783075112975605,0.547160846,3.2151515151515135
20203,1.4909425952370738,0.519922879,3.0333333333333323
20205,1.1477230404466559,0.49125741200000006,3.28181818181818
20207,0.9374588545095457,0.5005973720000001,3.28181818181818
21001,0.9449639736317645,0.5001633029999999,4.43030303030303
21007,0.9478997069358515,0.499840967,3.4818181818181815
21013,1.078057050772517,0.406394876,4.945454545454545
21021,1.1360579062019056,0.48100477500000005,5.0
21025,0.9991519269488017,0.395201896,4.0
21027,0.9949059351377266,0.441972798,4.29090909090909
21033,1.0318379748028743,0.478419453,4.836363636363637
21035,1.0213301640117012,0.519534419,5.0
21039,0.9624639076034649,0.4578019,3.384848484848484
21041,1.049283205444927,0.44993072200000006,4.99090909090909
21043,0.9250861398243859,0.421178382,4.469696969696968
21045,1.0200086793508558,0.442456914,3.299999999999998
21051,1.0055203017336818,0.390027107,4.3606060606060595
21053,1.1416544432317604,0.42828257299999994,3.884848484848485
21055,1.2025067578700797,0.42034825200000003,3.487878787878788
21057,1.1250564009334727,0.40417784600000006,3.663636363636365
21063,0.9323144104803494,0.440371457,3.299999999999998
21065,1.0202208032366318,0.41710750500000005,4.299999999999999
21069,1.006930570527571,0.45651181899999993,4.281818181818181
21071,1.0661722592375464,0.411372073,4.936363636363637
21075,0.9363277393879565,0.4041439929999999,3.706060606060608
21079,0.950920245398773,0.503462351,3.754545454545456
21083,1.0083659455124971,0.467014378,5.0
21085,1.0028717118279344,0.42276987200000005,4.748484848484848
21087,1.0564366385715158,0.45062364099999996,3.663636363636365
21095,0.9601105685630478,0.33845927100000006,4.299999999999999
21097,1.0442323000404514,0.50185567,4.915151515151515
21099,1.014056168141257,0.444475583,4.548484848484849
21105,0.9563882063882064,0.43364068200000006,3.299999999999998
21107,1.0933075553173501,0.437672018,5.0
21109,0.9257251287611818,0.42579403299999996,3.3242424242424224
21115,0.9934182937125091,0.436846615,4.99090909090909
21119,0.9200100933636134,0.39370860899999993,3.518181818181818
21121,0.98289742625162,0.44051192299999997,4.99090909090909
21125,1.0078914716530332,0.45172362,5.0
21127,1.0352956066473555,0.389342537,4.272727272727272
21129,0.9480106100795755,0.401619148,3.299999999999998
21131,1.022819736007328,0.401836247,3.3303030303030288
21133,0.9820166632883371,0.3582750579999999,3.8575757575757583
21135,0.9296287308905605,0.3990772779999999,3.3121212121212102
21137,0.9774839546482719,0.44205253899999997,4.357575757575757
21139,1.0551671513119703,0.47356977899999997,3.9484848484848487
21141,1.0193467090917248,0.47689035,4.775757575757576
21143,0.950976778474014,0.48984660299999994,4.963636363636363
21145,1.1064917911074352,0.48447609299999994,5.0
21147,0.9437199725463281,0.35875229399999997,3.360606060606059
21153,0.8646215405135045,0.380649865,3.396969696969696
21155,1.036888121425001,0.446166395,4.636363636363637
21157,0.9882451141283457,0.517643734,5.0
21159,0.9000745712155108,0.396572558,3.524242424242425
21165,0.9354234908750585,0.404906809,3.299999999999998
21167,0.9930605002693398,0.47548124999999997,4.706060606060607
21169,0.9407912687585266,0.42859006099999997,3.4939393939393932
21171,1.171685981205551,0.45408532200000007,3.700000000000002
21175,1.029279491409851,0.45631246000000003,3.469696969696968
21177,0.9804063928281224,0.463447598,4.863636363636363
21181,0.9530950861518825,0.424880909,3.3242424242424224
21183,0.9913551025615158,0.46195264,4.3606060606060595
21187,0.9519270617488603,0.48312883399999995,3.5121212121212118
21189,0.9339080459770115,0.39214553899999993,3.227272727272726
21193,1.2516161132070422,0.39372389100000005,4.787878787878787
21195,1.318838951737019,0.40962894299999997,4.945454545454545
21197,0.9397383658588891,0.448633764,4.778787878787878
21199,1.1042950466912116,0.476497512,5.0
21201,0.9548969072164949,0.47256637200000007,3.903896949954491
21203,1.0078363348033264,0.460304183,4.524242424242424
21205,1.0990258055495947,0.524342869,5.0
21207,0.97442161452694,0.482368306,4.945454545454545
21213,1.0088200496969562,0.48197397399999997,5.0
21217,1.038138345669284,0.476664655,5.0
21219,0.9617054875641532,0.41270369100000004,3.5424242424242425
21225,1.0318028383975546,0.45410668899999995,4.39090909090909
21229,0.9616683552853765,0.457636324,3.6878787878787898
21231,1.0006066851400566,0.3996194679999999,3.736363636363638
21233,0.9558407246650311,0.46420023899999996,3.433333333333333
21235,1.2979494579622153,0.496677986,5.0
21237,0.9449838187702265,0.39098968700000003,3.299999999999998
22003,0.9833498469841347,0.524122038,4.339393939393939
22007,0.9425961714761267,0.4935458079999999,3.7939393939393953
22009,0.9678310931237323,0.479250898,4.512121212121212
22013,0.9999577043780221,0.41831204,3.28181818181818
22021,1.2887109225337339,0.443762247,4.281818181818181
22025,0.9253135689851768,0.446194573,3.3121212121212102
22027,1.0038425639756665,0.410719755,3.3242424242424224
22029,1.0754964134012934,0.41795457599999997,4.463636363636364
22035,1.0406826693211222,0.35168772400000003,3.245454545454544
22039,1.1140885116412085,0.47079709599999997,4.418181818181818
22041,1.00162599230202,0.44574056799999995,4.696969696969697
22049,1.0187120263299234,0.46745085399999997,4.324242424242424
22053,0.9594743363405542,0.503430641,4.963636363636364
22059,1.115758632524547,0.468168377,4.412121212121211
22065,1.0426275087115435,0.42281484999999996,4.284848484848484
22081,1.0668659052864746,0.442511929,4.136363636363637
22083,1.006819817671892,0.44795299,4.909090909090909
22085,1.0347581408142055,0.45523851000000004,4.336363636363635
22107,0.9258992805755396,0.35203488399999994,3.2515151515151497
22115,0.969681560183064,0.555852005,4.445454545454544
22123,1.0393567056660082,0.477216239,4.754545454545454
22127,1.0260924415418353,0.471520688,3.4090909090909087
23003,1.04377055429943,0.47903798899999994,3.963636363636364
23007,0.9857514838405341,0.607979888,3.1545454545454534
23009,1.021644026308095,0.580764407,4.3606060606060595
23013,1.005173079170294,0.587977975,4.675757575757575
23015,0.9815372718634074,0.5967634829999999,4.412121212121211
23017,0.9658651890110522,0.565625399,4.036363636363636
23021,1.078549493850145,0.5225450899999999,3.299999999999998
23025,0.9794000078692848,0.533551315,3.9727272727272736
23027,0.977515626777202,0.5795240589999999,4.306060606060605
23029,1.0077942508288893,0.527512523,3.28181818181818
24011,0.9447557558776952,0.46560617400000004,4.739393939393939
24023,0.9641551253897387,0.5583266629999999,4.778787878787878
24029,1.0178164860419892,0.560458418,4.3969696969696965
25007,0.996471192573126,0.6592592589999999,5.0
25019,1.0114922768507668,0.671743756,5.0
26001,0.9214803700925231,0.495132743,3.3121212121212102
26003,0.9841238471673255,0.51169704,3.6757575757575776
26007,1.021534983804023,0.53830183,4.499999999999998
26009,0.9307933002024664,0.5051762,4.3090909090909095
26011,1.0137200631516627,0.48249248499999997,4.539393939393938
26013,1.004112385361015,0.493515955,3.299999999999998
26019,0.9544679200534263,0.583298884,4.8909090909090915
26029,0.9796193916118817,0.530132933,4.978787878787879
26031,0.9333272193690388,0.485270588,5.0
26033,0.9759057494545782,0.48469321100000007,4.145454545454545
26035,0.9828035527853353,0.45805797700000006,4.551515151515151
26039,1.0298269256733068,0.490056943,3.772727272727274
26041,1.0043250509135209,0.512428829,4.312121212121211
26043,1.0057449538416205,0.517793594,4.324242424242424
26047,1.0848852743570374,0.5716036090000001,5.0
26051,0.9651631903647191,0.5021623989999999,3.71818181818182
26053,1.0320354833955165,0.4841014370000001,3.3303030303030283
26055,0.9990672067390411,0.624852728,5.0
26061,1.027196335411538,0.6011109960000001,4.072727272727272
26063,1.0406531790302083,0.5119828310000001,3.8151515151515167
26069,0.9652517691912361,0.479782567,4.4727272727272736
26071,1.0140712961289502,0.46942077399999993,3.263636363636362
26079,0.9333207569601475,0.5132447979999999,4.312121212121211
26083,0.9383116883116883,0.497777778,3.903896949954491
26085,0.8983792127604837,0.424784093,3.3484848484848473
26089,0.9447825308752461,0.560348131,5.0
26095,1.1082075010937384,0.489515822,3.299999999999998
26097,1.0327803956053585,0.46385741,4.957575757575757
26101,1.0049338206801834,0.5161369920000001,3.9757575757575765
26103,1.0646089438621316,0.53833162,4.348484848484848
26105,0.9846608571933626,0.48128042700000007,5.0
26109,0.946423739514747,0.517764068,4.0
26113,0.9379432624113475,0.51138414,3.439393939393939
26119,0.899049491969846,0.45625396799999995,3.3727272727272717
26123,0.981553466163979,0.500607373,4.6060606060606055
26127,0.9584310388648604,0.502896082,4.5
26129,1.1114585043592948,0.46098875399999995,4.760606060606062
26131,1.1043503891188406,0.474204388,3.299999999999998
26133,0.9848567268943085,0.507721156,4.299999999999999
26135,0.9134426229508197,0.47449745,3.3242424242424224
26137,0.9667367252497786,0.5241570720000001,4.99090909090909
26141,0.9217426381605486,0.46560104700000005,3.3121212121212102
26143,0.9035956227201668,0.421453117,4.884848484848486
26151,1.0068060029742776,0.5191089689999999,4.299999999999999
26153,1.0029265232458542,0.470588235,3.299999999999998
26157,0.9717511460484088,0.504451465,4.384848484848484
26165,1.0892190932901245,0.500447384,5.0
27001,1.013324112668621,0.5411507099999999,3.2696969696969678
27005,1.020861160381992,0.588645112,4.357575757575757
27007,1.0118054965350762,0.5766007179999999,4.227272727272727
27011,1.3515574038315226,0.5255270510000001,3.19090909090909
27021,0.9429827004703701,0.5567537379999999,4.163636363636364
27023,1.0575451186939917,0.5646116720000001,3.324242424242422
27029,1.1941424054266847,0.5266415090000001,3.28181818181818
27031,1.1005407587915506,0.569352708,3.299999999999998
27033,1.0583813312265231,0.565074522,3.299999999999998
27043,1.0318403595385257,0.5613969560000001,3.245454545454544
27047,1.1166715805762681,0.566962595,4.493939393939394
27051,1.053390573959757,0.561305562,3.2515151515151497
27057,1.0055096846630462,0.583685118,3.6878787878787898
27061,1.0091463969575012,0.5430354239999999,4.072727272727273
27063,1.0233327653715858,0.547548578,3.263636363636362
27065,1.017220838862077,0.583628214,3.487878787878788
27069,1.1560445936734673,0.551362683,3.28181818181818
27071,1.0126061566088955,0.567076167,3.263636363636362
27073,1.1728192813182463,0.5569977429999999,3.299999999999998
27075,1.0304805933218073,0.572171501,3.3242424242424224
27077,1.1743623477184737,0.55997371,2.6696969696969695
27081,1.3105156283176966,0.538550058,3.299999999999998
27083,1.051959463737831,0.571999579,4.363636363636362
27087,0.9930329315616919,0.49191196000000004,3.1969696969696955
27089,1.0272705918609721,0.5691371679999999,3.28181818181818
27091,1.098200206948475,0.5741326959999999,4.29090909090909
27093,1.0109983840265444,0.565110845,3.663636363636365
27097,0.994009567616928,0.588239924,4.29090909090909
27101,1.0646578104896254,0.5319609970000001,3.263636363636362
27105,1.0637392930309224,0.576758794,4.299999999999999
27107,1.0371185633131756,0.552888527,3.263636363636362
27113,1.0435654622396013,0.5541860679999999,4.263636363636364
27115,0.9598579827700848,0.5220600639999999,4.109090909090909
27117,1.0655272345914382,0.577559231,3.2575757575757565
27121,1.036081097911232,0.6101000910000001,3.342424242424241
27125,0.9682242990654205,0.5776458950000001,3.1606060606060598
27127,1.0293287189628653,0.572835847,3.1787878787878774
27129,1.0179581726582918,0.56791663,3.299999999999998
27133,1.090891271832308,0.549528975,3.4636363636363634
27135,1.0364518439036443,0.574484738,3.9030303030303033
27147,0.9946258905944855,0.589327062,5.0
27149,1.0866124556327132,0.6175516029999999,3.306060606060605
27151,1.1376498276227385,0.534874008,3.209090909090908
27153,1.0188403055012247,0.550720769,3.275757575757574
27155,1.2215663875860256,0.539961759,3.245454545454544
27159,1.2494071837254042,0.5308075379999999,3.4696969696969697
27161,0.9935880152472899,0.6195417510000001,3.8151515151515167
27165,1.1639681980032917,0.5585151260000001,3.606060606060606
27173,1.1929806299485233,0.546049119,3.299999999999998
28001,1.033841016871178,0.43576785799999995,4.921212121212122
28003,1.1268776031694043,0.477891932,5.0
28007,0.9848412303728216,0.44033760200000005,4.424242424242423
28011,0.9930064953379835,0.466233876,4.848484848484849
28013,1.0118835023794415,0.42486437600000004,4.299999999999999
28015,0.9323843416370107,0.5022921570000001,3.263636363636362
28017,1.025784380502851,0.455221568,4.56969696969697
28019,1.04657823537957,0.443295788,3.3969696969696956
28021,0.9838884307264922,0.40089963500000003,3.263636363636362
28023,0.9969108476650973,0.446042574,4.303030303030302
28025,0.9750536681664745,0.42580258400000004,4.945454545454545
28027,1.003273346793651,0.40387291999999997,4.339393939393939
28031,0.9913406098740893,0.43147601,4.766666666666666
28037,1.0651737015320228,0.46890672,3.348484848484847
28039,0.987105823565124,0.49440089600000003,4.99090909090909
28041,0.9363469253972061,0.463642184,3.3121212121212102
28043,1.0527115165995586,0.46069309999999997,5.0
28051,0.919112282708774,0.40293402200000006,3.299999999999998
28053,0.8638949671772429,0.35040916499999997,3.3121212121212102
28055,0.9205882352941177,0.37283736999999995,3.903896949954491
28057,0.9511941848390446,0.513001466,5.0
28061,0.9722678466398994,0.42994030799999994,3.5545454545454547
28063,0.8987908924704693,0.35697399500000004,3.227272727272726
28065,1.0056976186893596,0.41523450500000003,3.299999999999998
28069,1.0252496543384153,0.409090909,3.293939393939392
28075,1.2049189359186645,0.528666285,5.0
28077,1.010608750924077,0.45600425099999997,4.272727272727272
28079,0.9807563725119625,0.42320415899999997,4.469696969696969
28081,1.0691188907699538,0.504414075,5.0
28083,0.9846544495397419,0.45178997600000004,4.87878787878788
28087,1.0109807193148692,0.497912966,5.0
28091,0.9999811992450972,0.39648365500000005,4.942424242424243
28095,1.0239967755281627,0.4565249,5.0
28097,1.0376934500040733,0.44735146299999995,4.533333333333333
28099,1.0330742490414917,0.430542341,4.972727272727272
28101,0.9894215294405434,0.466699925,4.587878787878788
28103,0.9885496299142977,0.42166708500000005,3.3303030303030288
28105,0.9693717204931118,0.545768948,4.912121212121212
28107,0.9696460027873257,0.407233132,5.0
28115,0.9795744661800068,0.46766190399999996,5.0
28117,1.0198217514123415,0.42019791900000003,5.0
28119,0.8895814781834372,0.371418075,3.299999999999998
28123,0.9888051773478622,0.42955027999999995,4.742424242424242
28125,1.091027966080126,0.36705811499999996,3.2515151515151497
28129,1.002332578261478,0.463806971,3.357575757575756
28131,0.9923697178343529,0.4972559120000001,4.9
28133,1.0197920459880678,0.396537099,4.29090909090909
28135,0.9640063590282766,0.44386121,3.263636363636362
28139,0.9956756992239162,0.45874706600000004,4.96060606060606
28141,1.0640060886370204,0.489918827,4.945454545454545
28145,1.023783203865715,0.49965078900000004,5.0
28147,0.998404048672118,0.40075241799999994,3.6515151515151527
28151,1.0685228010125043,0.436446251,4.9818181818181815
28153,0.9980558551505381,0.428422357,4.303030303030301
28155,1.133253916937794,0.493036958,4.303030303030303
28157,0.8614627285513361,0.38787003600000003,3.263636363636362
28159,0.9523573833745933,0.43249590799999993,4.706060606060606
28161,1.0458581272540581,0.427620632,4.324242424242424
29001,1.0763723538985381,0.586201895,4.609090909090909
29005,1.1333917210455648,0.541364296,3.3242424242424224
29009,1.0127710977118178,0.48156424600000003,4.809090909090909
29011,1.0604575265771221,0.5098927820000001,4.299999999999999
29015,0.9433674882304071,0.48087774299999997,3.9454545454545458
29023,1.0477674432779738,0.48377110999999995,5.0
29029,1.065561633067618,0.524188415,5.0
29033,1.0930950386230627,0.507728894,3.336363636363635
29035,0.962801741195093,0.504747518,3.493939393939394
29039,1.2727824287358054,0.49721034,4.375757575757575
29041,0.9752448313384113,0.5004345560000001,3.28181818181818
29045,0.9677522349936143,0.511085844,3.3121212121212102
29053,0.9678487650062094,0.54201286,4.6030303030303035
29055,1.002783305010836,0.47968269399999997,4.406060606060605
29057,0.9733257661748014,0.500415904,3.136363636363636
29061,0.97535383113714,0.505889947,3.42121212121212
29065,1.0366184758113095,0.499415693,4.299999999999999
29067,0.9630744531406783,0.45599770399999995,4.154545454545454
29069,0.9469723796033994,0.46020002700000007,5.0
29073,1.0407515900047102,0.5285200409999999,3.7000000000000015
29075,1.142674892706854,0.5236567759999999,3.3606060606060595
29079,1.084299526517046,0.52620406,3.6878787878787898
29081,1.1023231504798616,0.456896552,4.312121212121211
29083,1.0622197778368365,0.473436489,4.863636363636363
29085,0.9688149688149689,0.451117318,3.6696969696969695
29087,0.97898493259318,0.504153538,3.28181818181818
29089,0.9725136382710868,0.533887629,3.28181818181818
29091,1.0620475320859806,0.502685355,4.945454545454545
29093,1.0590634453204986,0.459234402,3.3121212121212102
29103,0.975792507204611,0.5231023100000001,3.263636363636362
29109,0.9916316537888278,0.516136902,4.945454545454545
29111,0.9715331435542903,0.511064827,3.336363636363635
29115,1.049180535849979,0.5176572859999999,3.700000000000002
29117,1.04675795516348,0.54466522,4.727272727272728
29121,1.0425805884067936,0.48651887399999993,4.324242424242423
29123,1.0442398421901193,0.5204953029999999,3.7393939393939415
29125,0.9688311688311688,0.5133781660000001,3.336363636363635
29127,1.0431563315391439,0.5567151260000001,5.0
29129,0.9807692307692307,0.516222062,3.28181818181818
29131,0.9675956464379947,0.515758575,5.0
29133,0.9630931458699473,0.44853779000000005,3.8393939393939402
29137,0.9634703196347032,0.487664352,3.2878787878787863
29139,0.9707291112293773,0.510328743,3.5060606060606068
29141,0.9633421817722159,0.48035156999999995,4.348484848484849
29143,0.9579326923076923,0.44182721299999994,4.887878787878789
29149,0.9567608097975506,0.468822737,3.3121212121212102
29153,0.955404607206143,0.41930639000000003,3.3121212121212102
29155,1.0566819738870654,0.42402183799999993,4.29090909090909
29157,1.0292153876528498,0.529427793,4.812121212121213
29161,1.076008561102641,0.5750112970000001,5.0
29163,1.0253098546666037,0.520717849,4.333333333333332
29169,0.9625447535114293,0.60433531,4.99090909090909
29171,1.1415950189110249,0.5116153429999999,3.336363636363635
29173,0.9748337228114327,0.521404641,3.757575757575759
29179,0.957997311827957,0.47605801700000006,3.299999999999998
29181,0.9445560466050623,0.441119504,3.6393939393939405
29185,,0.45230810200000005,3.4151515151515146
29186,1.0281842164870274,0.5320531129999999,4.503030303030302
29197,0.9652448657187993,0.5071158870000001,3.2151515151515144
29199,1.200459022504039,0.49586069099999996,3.263636363636362
29203,0.9555555555555555,0.473094868,3.299999999999998
29205,0.9761827079934747,0.522534291,3.299999999999998
29207,1.0028519700001635,0.46965652999999996,4.8999999999999995
29211,1.105367531153927,0.479585492,3.299999999999998
29215,1.0039345941380349,0.44679477600000006,4.1090909090909085
29217,1.047516815907256,0.508000255,4.387878787878789
29221,0.9950834792214872,0.474837704,4.49090909090909
29223,0.9581339712918661,0.45308902500000003,3.293939393939392
29227,0.9698275862068966,0.522461538,3.0878787878787874
29229,0.95852787695688,0.4795612429999999,4.303030303030303
30001,1.0548813781997537,0.638470452,3.299999999999998
30003,1.097795955426764,0.501072356,3.299999999999998
30005,0.9993208977091236,0.544866444,2.8696969696969687
30007,1.1215584491243162,0.6384899470000001,3.28181818181818
30011,1.8322733316135178,0.601419878,3.903896949954491
30015,1.2056982748177083,0.531427275,3.263636363636362
30017,1.055415118036574,0.63342111,3.9909090909090907
30019,1.6108413248996802,0.610342316,3.903896949954491
30021,1.0362128892406437,0.545909358,3.2272727272727257
30023,1.0781816648524027,0.581713555,3.227272727272726
30025,1.337966923659276,0.602160639,2.672727272727273
30027,1.0671038474393253,0.623578899,3.0696969696969694
30029,1.0098262676012295,0.637302056,4.299999999999999
30031,0.9842497713153151,0.7433678770000001,4.5939393939393955
30033,1.1955642975863565,0.573454914,3.903896949954491
30035,1.0734701286800228,0.486995136,3.172727272727272
30037,0.9610027855153204,0.5806451610000001,3.903896949954491
30039,1.2683828113167013,0.5969940579999999,3.299999999999998
30041,1.055359630107057,0.510652689,3.0999999999999996
30043,0.9598214285714286,0.627453016,3.299999999999998
30045,0.9598432908912831,0.576238882,3.0757575757575752
30047,1.0265733652387405,0.58086079,3.336363636363635
30049,0.9961227135290229,0.639662525,4.109090909090909
30051,1.4396832188873268,0.5882967610000001,3.903896949954491
30053,0.982075893465231,0.557676861,3.28181818181818
30055,1.6141959293459844,0.604790419,3.903896949954491
30057,1.0881692909062959,0.6522503040000001,3.245454545454544
30059,1.5355378570450011,0.589368771,3.903896949954491
30061,1.17546364963065,0.5555869870000001,3.28181818181818
30065,1.1806699384202881,0.5415896490000001,3.178787878787878
30067,1.0165704858392883,0.665288957,3.299999999999998
30069,0.9738805970149254,0.605700713,3.903896949954491
30071,1.031859796256189,0.566323245,3.2393939393939375
30073,1.0907018489736913,0.598678414,3.209090909090908
30075,0.975557917109458,0.627011896,3.903896949954491
30077,1.0825348079097856,0.594653665,3.299999999999998
30079,1.9230769230769231,0.606229143,3.903896949954491
30081,0.9858242732945722,0.6058523739999999,4.0
30083,1.031426295629944,0.578102011,2.845454545454546
30085,1.2651909926874463,0.491569214,3.263636363636362
30087,0.9804449760894112,0.552880882,3.227272727272726
30089,1.00883986281847,0.5725839479999999,3.28181818181818
30091,1.2025352269746827,0.595377843,3.245454545454544
30093,1.0289829752344166,0.597792589,4.299999999999999
30095,1.0111071018701336,0.569857871,3.299999999999998
30097,1.259723378286491,0.612231183,3.28181818181818
30099,1.1424083127738647,0.60960961,3.299999999999998
30101,1.1814862347997728,0.589151311,3.2515151515151497
30103,0.9608433734939759,0.577281192,3.903896949954491
30105,1.1099504638417048,0.57813045,3.263636363636362
30107,1.441650071471332,0.5862068970000001,3.903896949954491
30109,0.9550561797752809,0.5694956950000001,3.903896949954491
31003,1.1511034950344132,0.5334715029999999,3.299999999999998
31005,0.9444444444444444,0.5565217389999999,3.903896949954491
31007,0.9746478873239437,0.521505376,3.903896949954491
31009,0.9741379310344828,0.563636364,3.903896949954491
31011,1.1877635561257442,0.551826995,3.330303030303029
31013,1.0606453493765895,0.559742191,3.299999999999998
31015,1.395051708627265,0.543560606,3.154545454545453
31017,1.342646087092696,0.5200854699999999,3.28181818181818
31021,1.095897528331533,0.515885624,3.299999999999998
31023,1.071610040170229,0.560420032,3.245454545454544
31027,0.9787383177570094,0.576556544,3.3121212121212102
31029,1.2597521881261204,0.530922609,3.299999999999998
31031,1.1712159848672028,0.5491263900000001,3.28181818181818
31033,1.0844420555829952,0.5516418750000001,4.290909090909091
31035,0.9780534351145038,0.53193762,3.2515151515151497
31037,1.0782708471204507,0.536269769,3.3606060606060595
31039,1.1008321206384306,0.5473324420000001,3.5545454545454556
31041,1.1325324404184476,0.51025361,3.306060606060605
31045,1.1047638594965288,0.6084899100000001,3.263636363636362
31047,1.076541960561,0.526483542,4.299999999999999
31049,0.971830985915493,0.5122463260000001,3.4212121212121205
31051,0.9772263766145479,0.5760000000000001,3.28181818181818
31057,1.2989138401576263,0.507337526,3.245454545454544
31059,1.1288223851205184,0.49401670799999997,3.263636363636362
31061,1.1503120997121494,0.5580631920000001,3.184848484848484
31063,0.9794238683127572,0.553453169,3.28181818181818
31065,1.1530334200005918,0.539755767,3.2151515151515135
31069,1.2650402155519826,0.55147541,3.28181818181818
31071,0.9865951742627346,0.556720099,3.330303030303029
31073,0.9818529130850048,0.589412524,3.28181818181818
31075,0.9841269841269842,0.542168675,3.903896949954491
31077,0.9744897959183674,0.554945055,3.1363636363636354
31083,1.2188296065787099,0.528731343,3.3545454545454536
31085,0.9802513464991023,0.5014084510000001,3.903896949954491
31087,0.967741935483871,0.503693444,3.209090909090908
31089,1.1698054064349974,0.529203308,3.299999999999998
31091,0.9778325123152709,0.5649717510000001,3.903896949954491
31095,1.0918062193662788,0.5129224649999999,3.6272727272727288
31097,1.130773851725705,0.5722168910000001,3.245454545454544
31099,1.0609906577942567,0.536995743,3.330303030303029
31101,1.0778753806197985,0.551584835,4.324242424242423
31103,0.9874326750448833,0.549079755,3.903896949954491
31105,1.1926240004432425,0.529080014,3.299999999999998
31107,1.1087790251706986,0.539655172,3.28181818181818
31111,1.1203523771877855,0.506387878,4.396969696969696
31113,0.9814385150812065,0.5477477479999999,3.903896949954491
31115,0.9749303621169917,0.5249501000000001,3.903896949954491
31117,0.9832535885167464,0.55361596,3.903896949954491
31119,1.1495143713935057,0.588199675,4.99090909090909
31123,1.1466280954432613,0.541192788,3.28181818181818
31125,1.2061353866245852,0.530463335,3.263636363636362
31127,1.091150737888147,0.5666055050000001,3.4212121212121214
31129,1.2398667613021557,0.532022639,3.209090909090908
31131,1.0583591413237947,0.5607768909999999,4.396969696969696
31133,1.2847546798678238,0.4910324770000001,3.19090909090909
31135,1.2638843497656223,0.6193078320000001,3.263636363636362
31137,1.0966630144639231,0.5675754479999999,4.327272727272727
31139,1.193236669002489,0.58130459,3.348484848484847
31141,1.015751080038753,0.559370819,4.99090909090909
31143,1.1350863992060296,0.56453588,3.28181818181818
31145,1.0750615546406574,0.550131296,4.427272727272728
31147,1.1125984420836557,0.509018356,3.5121212121212135
31149,1.7765475763630763,0.528007346,3.0151515151515147
31151,1.107888685607789,0.584241408,4.19090909090909
31157,1.133157499522396,0.499851786,4.9818181818181815
31161,1.1845961506385818,0.539470428,3.2151515151515135
31163,0.9784263959390863,0.5308333329999999,3.2757575757575736
31165,0.9806362378976486,0.557971014,3.903896949954491
31167,0.9694260167291606,0.608812346,3.330303030303029
31169,1.1409830750526182,0.562854199,3.1969696969696955
31171,0.9695431472081218,0.53649635,3.903896949954491
31173,1.186803321035673,0.44144144100000005,3.154545454545454
31175,1.176695218361885,0.559442724,3.28181818181818
31179,1.0943421191226017,0.6085626909999999,3.4272727272727272
31181,1.1279620532817365,0.5337200870000001,3.336363636363635
31183,0.9838383838383838,0.533127889,3.903896949954491
31185,1.0959840490771986,0.517231558,4.757575757575758
32007,0.9925272871951515,0.588333945,4.0
32009,0.9540229885057472,0.457142857,3.903896949954491
32011,0.9690927218344965,0.553372626,3.299999999999998
32013,1.0036470076199644,0.559229325,4.0
32015,1.056255501836002,0.554605424,3.299999999999998
32017,1.0071872420705665,0.542685851,3.2212121212121194
32021,1.0653858135217644,0.45008273600000004,3.136363636363635
32027,1.0362218904259857,0.512007168,3.299999999999998
32033,1.07442214867638,0.48610196299999997,3.9909090909090907
33003,0.9823992753784158,0.57213035,4.945454545454545
33007,1.027054551994363,0.521965974,4.036363636363636
33009,1.147077513141816,0.660408695,4.424242424242425
33019,0.97658489884814,0.601847351,4.457575757575757
35003,0.9190207156308852,0.538363578,3.039393939393938
35005,1.0029986065652698,0.523748557,3.9909090909090907
35007,1.0155578826216263,0.574152542,3.2696969696969678
35009,0.9795891752714494,0.5392530799999999,4.339393939393939
35011,0.9475218658892128,0.505065123,3.28181818181818
35015,0.9989789942483153,0.5283861270000001,4.087878787878787
35017,0.9487175359697003,0.574248378,3.9363636363636374
35019,1.0444913271666691,0.5168800929999999,3.9909090909090907
35021,0.9487179487179487,0.523478261,3.903896949954491
35023,0.9381746810598626,0.516010979,3.299999999999998
35025,0.9138042608193255,0.552794777,4.078787878787878
35027,0.9575484044963704,0.585835161,3.896969696969698
35031,0.9771115260959642,0.48855762,4.0
35033,0.9145978152929494,0.49135135100000005,3.1606060606060593
35037,1.0430555286691516,0.5185413139999999,3.9909090909090907
35041,0.9884367090826235,0.55443591,4.0
35051,0.9388509081172081,0.532238903,3.1606060606060593
35053,0.9904972739381703,0.5140633429999999,3.209090909090908
35055,0.9269525126266326,0.629707654,3.9545454545454546
35059,1.2088846768233077,0.558348294,3.299999999999998
36003,0.9997635256517872,0.542278618,4.1
36017,0.9933853982946445,0.528252334,4.384848484848485
36019,1.0216470147774759,0.552489276,4.348484848484848
36025,1.0126463058231812,0.5237659720000001,3.28181818181818
36031,0.982372448302146,0.5623919589999999,3.3242424242424224
36033,1.0191050251514278,0.491354858,4.00909090909091
36039,0.9404103216961269,0.568278052,4.296969696969697
36041,0.9595070422535211,0.5410515410000001,2.924242424242424
36049,1.0167252707695342,0.5557516920000001,3.263636363636362
36077,1.0675768272108939,0.6129404970000001,4.281818181818181
36097,1.0117283023472141,0.566533094,4.23030303030303
36105,0.9981378125910376,0.504697716,4.357575757575757
36121,0.9900972774426643,0.527099354,4.2727272727272725
37005,1.0338265449971749,0.48291200999999995,3.7939393939393953
37007,0.9478743050476164,0.478180362,4.357575757575758
37009,0.9881959945047516,0.5444325,4.99090909090909
37011,1.009936531772206,0.536616501,4.981818181818182
37015,0.9508349377472345,0.44399081399999996,3.299999999999998
37017,0.9660648911254809,0.43263405,4.469696969696969
37033,0.9289324394017535,0.507977857,4.0
37039,0.9793085927324099,0.489751842,5.0
37041,1.0190931236572203,0.478346281,4.539393939393941
37043,0.9344803205279284,0.5034183400000001,3.9727272727272736
37047,1.0511127988352948,0.491910929,4.836363636363636
37061,0.9900852075495007,0.471956163,4.348484848484849
37075,0.924731182795699,0.4860088370000001,3.299999999999998
37079,0.9420229405630866,0.49086472700000006,3.754545454545456
37091,1.0461852077294387,0.43481658999999995,4.218181818181817
37095,0.923202614379085,0.462775735,3.3666666666666663
37113,1.009089567249757,0.553929256,5.0
37117,1.0007963875624994,0.45316301700000006,4.299999999999999
37121,1.0043582528304333,0.536541599,4.669696969696971
37123,0.9539901277373568,0.490735515,4.466666666666666
37131,0.9281767955801105,0.422315168,4.0272727272727264
37149,1.0219996511252378,0.551490985,4.424242424242424
37153,0.9090275761973875,0.4501184220000001,5.0
37163,0.9798443131260464,0.443724696,4.457575757575759
37173,1.0925441255537287,0.491484185,5.0
37177,0.9242209631728046,0.4620648620000001,3.3303030303030283
37185,0.9055175425826175,0.435024752,3.5424242424242434
37187,1.0080348752713166,0.443682767,3.3848484848484834
37189,1.0016811636713694,0.617105479,5.0
37199,0.9426736153193552,0.533141998,4.378787878787878
38001,1.4541383203647504,0.5455034999999999,3.903896949954491
38003,1.078003915168529,0.563448767,3.263636363636362
38005,0.9506505159264244,0.459333333,3.263636363636362
38007,0.9630681818181819,0.573770492,3.903896949954491
38009,1.1295458542230703,0.578303748,3.28181818181818
38011,1.3295101178873108,0.5855234810000001,3.227272727272726
38013,0.9618856569709128,0.5406607370000001,3.1
38019,1.1875058114975996,0.539393939,3.051515151515151
38021,1.146439496265692,0.5393562350000001,3.28181818181818
38023,1.3311583322460132,0.5237020320000001,3.1606060606060598
38025,0.9592149647347439,0.5596969700000001,3.154545454545454
38027,0.972027972027972,0.511312217,3.106060606060605
38029,1.1298022737239943,0.510404843,3.28181818181818
38031,1.3126405376336903,0.541403785,3.1848484848484833
38033,0.975,0.5418181820000001,3.903896949954491
38037,1.5731018746440943,0.509544008,3.903896949954491
38039,1.3396083937833314,0.528121485,3.903896949954491
38041,0.9677177177177178,0.548319328,3.154545454545454
38043,0.9715719063545151,0.5103412620000001,3.245454545454544
38045,0.9835644581407293,0.528361015,3.1969696969696955
38047,0.977326968973747,0.533788396,3.166666666666665
38049,0.9689975887013434,0.48553345400000003,3.299999999999998
38051,1.7281136792177305,0.524262607,2.954545454545454
38053,1.0085719887741642,0.565952891,3.927272727272728
38055,1.194580636852442,0.55494579,3.227272727272726
38057,1.0211348633971236,0.5302530249999999,3.3121212121212107
38061,1.0060318912950492,0.531103679,3.9151515151515146
38063,1.2557599672582265,0.5015118789999999,3.1424242424242417
38065,0.960093896713615,0.5140314850000001,3.903896949954491
38067,1.0871155518625282,0.52481367,3.209090909090908
38069,1.242262707889895,0.48547062500000004,3.28181818181818
38071,1.0631772235367467,0.509700982,4.090909090909091
38073,1.1861382557275761,0.546709391,3.245454545454544
38075,0.9628990509059534,0.558823529,3.245454545454544
38079,1.0528072265386736,0.40798390500000004,4.0
38081,0.9832749902761572,0.543201826,2.8090909090909095
38083,0.9619651347068146,0.47666971599999997,3.903896949954491
38085,1.0918848656922195,0.43921568600000005,2.9121212121212117
38087,0.9736147757255936,0.5559210529999999,3.903896949954491
38089,0.971854555320853,0.561964491,4.299999999999999
38091,0.9798515376458112,0.544660846,3.903896949954491
38093,1.0520835586339403,0.566987505,3.9909090909090907
38095,1.3470993495616612,0.521110468,3.1484848484848476
38097,1.211707277297822,0.547008547,3.263636363636362
38099,1.0718495265634431,0.534077128,3.9454545454545458
38101,1.044090513415095,0.570625724,4.5636363636363635
38103,1.2525743348982785,0.5139199999999999,3.2333333333333316
38105,0.9689685366115222,0.56914535,4.209090909090908
39001,0.9549811448363399,0.45648985,4.3545454545454545
39065,0.9679838930946194,0.509891565,4.706060606060606
39067,0.9820434357462053,0.45667584000000006,3.3545454545454536
39069,0.9888523187700129,0.551394231,4.99090909090909
39071,0.973688804667077,0.480100034,5.0
39075,0.9897680334797003,0.572977261,4.972727272727273
39079,0.9636689236012563,0.407892609,5.0
39105,0.9047833427124367,0.446517002,3.700000000000002
39107,0.989110204239331,0.549033785,4.99090909090909
39111,0.8952453116120478,0.490631253,3.28181818181818
39115,0.9231809981960313,0.427754678,3.28181818181818
39121,0.9133673903788846,0.45708191100000006,3.606060606060607
39125,1.0012810695576269,0.5061625240000001,3.6878787878787898
39131,0.9536894262241841,0.44122308200000004,4.99090909090909
39135,0.9389794844818516,0.49633912599999996,5.0
39137,0.9596342189275472,0.5795097920000001,4.663636363636364
39163,0.9187988628287136,0.42930916899999993,3.299999999999998
39171,1.0188482694430643,0.513001865,5.0
39175,0.9985132556962578,0.543762516,4.836363636363635
40001,1.0113217359629358,0.40381175599999997,3.693939393939395
40003,0.9685264663805436,0.517629245,3.3303030303030283
40005,1.015609821297757,0.456799329,4.339393939393937
40007,1.1843262024408505,0.539320142,3.263636363636362
40009,1.0008304977366378,0.516105417,4.99090909090909
40011,1.1480196788046422,0.512410842,3.3727272727272717
40015,1.0140694970042148,0.471187535,4.263636363636363
40019,1.0406073432388967,0.48592875700000004,5.0
40023,1.041526000501205,0.44261705799999995,3.8454545454545466
40025,1.4895057585765783,0.488257108,3.2515151515151497
40029,1.090294151574151,0.476474803,3.299999999999998
40035,1.0702632844610593,0.470588235,4.572727272727274
40039,1.0267439193877697,0.499311674,5.0
40041,0.9981918269074976,0.45988647700000007,5.0
40043,1.1228362264303975,0.515966387,3.293939393939392
40045,1.2347160577086822,0.501974984,3.263636363636362
40047,1.100860086649462,0.491547176,4.99090909090909
40049,0.9917423152967417,0.49106118499999996,4.99090909090909
40053,0.9711394302848576,0.505914468,3.28181818181818
40055,1.0774715153356942,0.491179002,3.28181818181818
40057,1.3735406111915136,0.47762694799999994,3.2696969696969678
40059,1.189527549229434,0.52987761,3.28181818181818
40061,0.9327167630057803,0.455624355,4.369696969696968
40063,1.0151376755452879,0.44896981299999994,3.493939393939394
40065,1.0336354035511617,0.5248135629999999,4.963636363636364
40067,1.122872964597491,0.417653391,3.2818181818181804
40069,1.0274812885640106,0.46024355299999997,3.669696969696971
40071,1.0435528713565536,0.49579679499999996,4.99090909090909
40073,1.0306007268178297,0.554446855,4.587878787878787
40075,1.1722192535732208,0.484889288,3.378787878787878
40077,1.122021361487748,0.46308975500000005,3.6030303030303044
40085,1.0707145472356565,0.5016290889999999,5.0
40089,0.990316009403996,0.454827643,4.6848484848484855
40091,0.9324871725627869,0.43369221,4.963636363636364
40093,1.0962539798020252,0.521008403,3.4454545454545453
40095,1.015797305232663,0.45528392399999995,5.0
40097,0.9822033692058932,0.47291250100000004,5.0
40099,1.024171900616717,0.494599628,5.0
40103,1.0890067089597286,0.512517385,4.293939393939394
40105,1.0609811592254272,0.463117871,4.00909090909091
40107,1.0341023413780852,0.43561819299999993,3.542424242424243
40121,1.028069662381612,0.49437478,4.99090909090909
40123,1.1347303141333618,0.50993446,5.0
40127,1.1135784801166237,0.478855436,3.28181818181818
40129,1.179523932421581,0.49707388399999997,3.263636363636362
40133,1.003326249799048,0.476736637,4.927272727272728
40139,1.0900425974170604,0.539102738,4.0
40141,0.9652002626395273,0.48211756399999994,3.28181818181818
40149,0.9868073562970348,0.5178141549999999,3.28181818181818
40151,1.095622541811928,0.5625,3.2333333333333316
40153,1.0148364455403032,0.531460748,4.86060606060606
41001,0.9700650312163476,0.5378758450000001,3.299999999999998
41011,0.9934939729632168,0.499685948,4.3606060606060595
41015,0.958373900577112,0.528166487,4.054545454545455
41021,0.9426877470355731,0.5465268679999999,3.2333333333333316
41023,1.016771942917626,0.5354784079999999,3.263636363636362
41025,1.0238445531018323,0.515531148,3.299999999999998
41031,0.9696573398970565,0.5532087290000001,4.0
41035,0.9978347137178285,0.5975031639999999,4.0
41037,1.090610677151125,0.49041784499999996,3.299999999999998
41041,0.9456989299703407,0.535900561,4.954545454545453
41055,0.9415515409139213,0.541755889,3.28181818181818
41057,0.9655254296952722,0.534867664,4.29090909090909
41061,0.9801688152032496,0.525309665,3.9909090909090907
41063,1.0985355563620005,0.5748004170000001,3.299999999999998
41069,0.962589928057554,0.49610389600000004,3.903896949954491
42009,0.9471687728525019,0.528781242,4.3606060606060595
42023,0.8877952755905512,0.528571429,3.263636363636362
42031,0.9917666198297564,0.561719394,4.5272727272727264
42047,0.9402136315488521,0.521749866,4.145454545454545
42053,0.9204288939051919,0.507074746,3.263636363636362
42057,0.9690679957464717,0.551124128,3.3727272727272712
42059,0.953223552427616,0.530461078,4.342424242424242
42065,0.9880107700986128,0.522838073,4.496969696969695
42067,0.9519704433497537,0.535002608,3.5909090909090904
42083,0.9936625674098982,0.521384929,4.348484848484848
42105,0.9916948577912474,0.5078957310000001,3.28181818181818
42109,0.9505812464792339,0.535097849,5.0
42113,0.933046202036022,0.517139698,3.227272727272726
42115,0.9947702050210873,0.528693602,4.172727272727272
42117,0.9675669662376433,0.486497257,4.172727272727272
42127,0.9700879002610936,0.55823744,4.618181818181816
45005,1.0468354133309707,0.429738336,3.263636363636362
45009,0.9264764965849739,0.437451303,4.245454545454544
45011,0.9422288483041371,0.43145060999999996,4.303030303030301
45025,0.9876710791997062,0.466631208,4.675757575757576
45027,0.9952297552982703,0.47985011600000005,4.9
45029,1.0055553594432984,0.484420909,4.8999999999999995
45033,1.0035233640455028,0.445178509,5.0
45049,1.0432109908785072,0.447915983,4.29090909090909
45061,0.9367523923444976,0.478121119,4.236363636363635
45065,0.9455943228858663,0.45502773100000005,3.4939393939393937
45067,1.0199032211884018,0.49367616999999997,4.76060606060606
45089,0.969146766451317,0.41811588200000005,4.2727272727272725
46003,0.9651315789473685,0.5963912629999999,3.28181818181818
46005,1.0536609597277071,0.619890311,4.018181818181818
46007,1.1120592379772236,0.49236807700000007,3.099999999999999
46009,1.2748872976929881,0.582524272,3.28181818181818
46011,1.0349417244327757,0.6726052339999999,4.130303030303031
46013,1.0622845312807132,0.5490301,4.330303030303029
46015,1.1681631914638424,0.5421842649999999,3.3606060606060595
46017,0.9440124416796267,0.39870340400000004,3.903896949954491
46019,0.9560504532912889,0.543119029,3.3121212121212102
46021,0.9666238767650834,0.588082902,3.903896949954491
46023,1.1140723868557785,0.523388694,3.299999999999998
46025,0.961760083813515,0.570140642,3.245454545454544
46029,1.0372562752406675,0.573340848,4.963636363636363
46031,0.9533678756476685,0.404263418,3.2090909090909077
46035,1.0620378517046793,0.596813324,4.963636363636363
46037,1.1098617856742785,0.533536585,3.2696969696969678
46039,1.079912933901832,0.590620272,3.293939393939392
46041,0.9228711547035221,0.457594764,2.578787878787878
46043,1.1558736603989443,0.575688073,3.263636363636362
46045,1.1169101041857759,0.608680909,3.227272727272726
46047,1.1097006644939167,0.521149384,3.3121212121212102
46049,1.1982474264172829,0.572988506,3.903896949954491
46051,1.124267347324636,0.613037198,3.3242424242424224
46053,1.417989614699735,0.537888199,3.2636363636363614
46055,1.400088200479921,0.520081688,3.903896949954491
46057,0.9725291131681099,0.5789347979999999,3.3121212121212102
46059,1.3133321317674005,0.5732234,3.263636363636362
46061,0.9577546296296297,0.599829352,3.299999999999998
46063,0.9690860215053764,0.588112617,3.903896949954491
46065,1.0656598934957167,0.609448466,4.29090909090909
46067,1.2663986660929267,0.581272727,3.299999999999998
46069,0.9680232558139534,0.558505408,3.903896949954491
46071,0.961038961038961,0.497275204,3.299999999999998
46073,1.3745287981064258,0.568138196,3.903896949954491
46075,0.9620034542314335,0.5775623270000001,3.903896949954491
46077,1.0226123115222578,0.573048523,3.299999999999998
46079,1.052242253123303,0.586289549,3.46969696969697
46085,0.9541176470588235,0.49777613,3.28181818181818
46089,1.066530575480057,0.552066116,3.227272727272726
46091,1.1276945479518257,0.590155573,3.28181818181818
46095,0.9446693657219973,0.4,3.903896949954491
46097,0.9439330543933054,0.573120189,3.28181818181818
46101,1.0750048203146987,0.5547790340000001,3.28181818181818
46102,1.049198441915486,0.458319421,3.1848484848484833
46105,0.9571823204419889,0.557617609,3.06969696969697
46107,1.2214354287094622,0.576388889,3.2696969696969678
46109,1.0639876184699812,0.535800483,3.2333333333333316
46111,0.9508474576271186,0.586225895,3.2696969696969678
46115,1.1335723007507246,0.569572171,3.28181818181818
46117,0.9711486118671747,0.6176342210000001,3.903896949954491
46119,0.9594594594594594,0.579090909,3.2333333333333316
46121,1.104501907660202,0.456831517,3.28181818181818
46123,1.1730576796124,0.5557664929999999,3.2575757575757565
46129,1.1477121716640055,0.547501759,4.909090909090909
46135,1.103611622673226,0.571158865,3.903896949954491
46137,1.0526798589689144,0.45274390200000003,4.845454545454546
47005,1.0049610579189787,0.447535157,3.384848484848483
47007,1.0140368992398692,0.456973768,4.536363636363636
47017,1.0157600725628775,0.46814014700000006,4.796969696969697
47025,0.9968867480413259,0.478362391,3.7333333333333347
47027,0.9472140762463344,0.443668831,4.015151515151516
47039,1.100731223601952,0.46846262000000005,4.945454545454545
47041,0.9914599890541167,0.482675619,5.0
47045,1.0429753188397382,0.487901948,4.299999999999999
47049,0.950363196125908,0.45937869200000003,5.0
47053,0.9613611258614724,0.45988469200000004,4.827272727272727
47055,0.9984703493643626,0.49380911399999994,4.3575757575757565
47061,0.9367215749296907,0.448944503,3.2090909090909077
47067,1.0174740581592596,0.449971082,4.312121212121211
47069,0.9723871518177366,0.416695429,4.9727272727272736
47071,1.0400678400514765,0.461786394,4.254545454545454
47075,0.9143260228292933,0.418991098,5.0
47077,0.9996585535346564,0.44063619,5.0
47079,1.0402025331243792,0.501827372,3.736363636363638
47083,1.071065868388024,0.508744776,4.890909090909091
47085,1.01150873340769,0.486868408,3.700000000000002
47091,0.9711319220601259,0.4731793000000001,3.7393939393939415
47095,0.9299363057324841,0.43530891399999994,4.687878787878789
47097,0.9667749274872245,0.401340134,4.863636363636363
47101,0.9450225800117809,0.453711514,4.99090909090909
47103,0.9877216407963184,0.519772736,4.845454545454546
47109,0.9321895424836601,0.43483858200000003,4.015151515151516
47121,0.9339640491958373,0.483152951,5.0
47123,1.0052182641033558,0.451146519,3.8393939393939402
47127,0.967966573816156,0.506638445,5.0
47131,1.04529758824154,0.46581178600000006,4.621212121212121
47133,1.030358894753735,0.480953749,3.457575757575757
47135,1.0738661194587251,0.44745222900000003,3.8090909090909104
47137,0.962532299741602,0.465917245,4.299999999999999
47151,0.9862655273918326,0.458458218,4.29090909090909
47161,0.9552568587737065,0.511235431,3.384848484848484
47175,0.9363150218765192,0.44726100999999996,3.3484848484848473
47181,1.030464066582493,0.48010474999999997,4.766666666666667
47183,1.01121117341678,0.47091536,4.881818181818181
47185,0.9886538405506283,0.458018512,4.9818181818181815
48001,0.9819719264705608,0.48717839500000004,5.0
48005,1.0478669440309094,0.46730543700000005,3.28181818181818
48011,0.9575892857142857,0.5470790379999999,3.28181818181818
48017,1.1028631929867885,0.510682431,3.209090909090908
48023,1.3435433179894154,0.533357505,4.081818181818181
48031,0.9576572399938186,0.522107244,3.903896949954491
48033,0.9605911330049262,0.5589941970000001,4.066666666666666
48035,0.9989589256983212,0.510779097,2.978787878787878
48043,1.0191428413155983,0.528512561,3.903896949954491
48045,0.9563636363636364,0.47889610399999993,3.245454545454544
48047,0.8826378539493294,0.437953342,5.0
48049,1.0149478012523219,0.5169692450000001,4.99090909090909
48053,1.0160754281984832,0.534906746,4.790909090909091
48063,0.9983311069642936,0.478474399,4.506060606060606
48067,0.9121869516669325,0.480207574,3.245454545454544
48069,1.0676729876109332,0.503652301,4.327272727272728
48075,1.215231818096989,0.513508892,3.178787878787878
48079,1.1972782795327197,0.44439024399999993,3.28181818181818
48081,0.9360222531293463,0.5024426909999999,3.9909090909090907
48083,1.0468374588886966,0.483340871,3.209090909090908
48087,1.1357742160769893,0.503435639,4.336363636363635
48089,1.073714120822351,0.5143799229999999,3.663636363636365
48093,1.0172194853196825,0.509115078,3.2333333333333316
48095,1.249693232910401,0.48951420200000006,3.1121212121212114
48101,0.94831013916501,0.43071161,3.1727272727272715
48103,1.06082301438399,0.542983752,3.28181818181818
48105,0.9013398294762485,0.5052990159999999,3.263636363636362
48107,1.1337749066078482,0.46924345999999995,3.28181818181818
48109,1.1611292898718049,0.42957746500000005,4.018181818181818
48111,0.9693821760524877,0.5258778159999999,4.0
48115,0.9865609797059116,0.46692938500000003,3.3121212121212102
48119,0.9424127784783523,0.491360428,4.245454545454544
48123,1.0360199607979959,0.49383741000000003,3.2515151515151497
48125,0.9237804878048781,0.48328767100000003,3.0757575757575752
48127,1.0402156730562477,0.450492341,3.3121212121212102
48129,0.9510328997704667,0.520450281,3.051515151515151
48131,0.8568079703067005,0.46077151299999997,4.372727272727271
48133,1.0147137679760019,0.506119611,3.178787878787878
48137,0.9506398537477148,0.46916890099999997,4.827272727272727
48147,0.9661731642110594,0.506947703,4.369696969696969
48149,1.0194910454193902,0.518035379,3.2333333333333316
48151,1.0831292578253953,0.50148662,3.263636363636362
48153,1.128387818542051,0.477608441,3.0333333333333323
48155,0.9559859154929577,0.48688352600000007,4.869696969696969
48159,0.9391743522178305,0.536407767,4.281818181818181
48161,0.9856310237424204,0.465358194,3.9151515151515146
48163,0.9911029002628067,0.5010497309999999,4.199999999999999
48165,0.9830038212524266,0.512575565,3.28181818181818
48169,0.9202226345083488,0.522789676,4.8151515151515145
48171,1.0516483036212791,0.52025169,3.245454545454544
48173,0.9497354497354498,0.52097561,4.263636363636364
48177,1.014370236364382,0.485827031,4.29090909090909
48185,0.9398630689814932,0.46682432100000004,3.28181818181818
48191,0.9305283757338552,0.42245072799999994,4.072727272727272
48193,1.1699493103458867,0.48162154,3.28181818181818
48195,1.0589243661902619,0.49082450200000005,3.384848484848484
48197,1.2253734088536172,0.49692058299999997,3.28181818181818
48205,1.172897013731539,0.548816234,3.2090909090909077
48207,1.1290976783751898,0.47505285399999997,3.299999999999998
48211,1.165116495655202,0.5201963000000001,4.836363636363636
48217,0.9625055840155152,0.471158333,4.090909090909091
48225,0.9885345572766778,0.46206042299999994,3.0060606060606045
48229,0.916941694169417,0.445091294,3.033333333333333
48235,0.9228723404255319,0.525695029,3.306060606060605
48237,1.009631360778889,0.5224743460000001,4.281818181818181
48239,1.0085379494734545,0.5172227229999999,4.799999999999999
48241,0.9171952117347627,0.440372694,3.087878787878787
48243,0.9454926624737946,0.49855630399999995,2.8939393939393945
48247,0.875406283856988,0.457496561,4.106060606060606
48255,0.9940647613923843,0.505405186,3.903896949954491
48261,0.9402173913043478,0.45341614899999994,3.903896949954491
48263,0.9588744588744589,0.5200698079999999,3.2696969696969678
48267,1.1222150727695035,0.474137931,3.903896949954491
48269,0.9864864864864865,0.5507246379999999,3.166666666666665
48271,0.9359165424739195,0.452731436,3.28181818181818
48275,1.3013343560206796,0.529389881,5.0
48277,1.0393016509520177,0.49505211799999993,3.28181818181818
48279,1.091006202340554,0.470736842,3.9606060606060605
48283,0.9286557996692653,0.535767388,3.6333333333333346
48285,1.027403729632646,0.516504981,4.281818181818181
48287,0.9490465139743719,0.504852919,4.236363636363635
48289,0.9175536139793488,0.515466228,4.372727272727271
48293,1.0213987928990191,0.471016875,3.28181818181818
48295,0.9495145631067962,0.516881029,4.1454545454545455
48297,0.9153900961881012,0.49917915,4.372727272727272
48299,0.9885635457826648,0.502788714,3.903896949954491
48301,0.9942446043165467,0.53,4.2
48307,1.116287866394981,0.5101351350000001,3.903896949954491
48311,0.9694835680751174,0.527093596,4.963636363636364
48313,0.9719457957442192,0.5230430960000001,3.833333333333335
48315,0.9052631578947368,0.451918347,3.209090909090908
48319,0.9359492210040392,0.494830133,4.403030303030303
48323,0.8806619194761577,0.474142002,3.1969696969696955
48327,0.9429928741092637,0.49630891499999996,4.29090909090909
48331,0.9217743611053397,0.47104777,3.28181818181818
48333,0.9525627044711014,0.496549962,3.245454545454544
48335,1.0245285519613887,0.517360025,4.536363636363636
48337,1.0495263123479985,0.504094571,4.348484848484849
48341,0.9963129337472324,0.513139885,4.624242424242424
48343,0.8602472089314195,0.48,3.903896949954491
48345,0.9511111111111111,0.490394338,4.621212121212121
48347,1.0377939728777847,0.5232226360000001,4.236363636363635
48357,1.0436480641238672,0.5275161859999999,3.299999999999998
48359,0.9612756264236902,0.537071651,4.796969696969697
48365,0.9896701478274359,0.48656110899999994,3.299999999999998
48369,1.0819576212420114,0.502697331,3.9909090909090907
48371,1.0011807802716635,0.504218697,4.99090909090909
48373,0.943949912831988,0.4742758429999999,3.1848484848484833
48377,0.8239927294759164,0.41170712600000003,4.954545454545454
48379,0.9484094280534037,0.490288768,3.1606060606060598
48383,0.9535804386366179,0.5143396229999999,3.299999999999998
48385,0.9120654396728016,0.444175596,3.299999999999998
48387,0.9288585209003215,0.46285655700000006,3.9909090909090907
48389,1.0014217175966378,0.516274864,3.9484848484848487
48391,1.0216102051734217,0.48776898999999996,3.903896949954491
48393,0.9385749385749386,0.527086384,3.263636363636362
48399,1.105585934630794,0.5060088549999999,3.584848484848486
48403,0.9741519520217987,0.451429235,3.3242424242424224
48405,0.9679953335731903,0.43519079299999996,3.71818181818182
48407,0.908456101507281,0.45345172,3.263636363636362
48411,0.9528071602929211,0.48283705499999996,3.227272727272726
48413,1.1089376224678538,0.522082752,4.272727272727272
48415,0.9762128087477562,0.5050745320000001,3.245454545454544
48417,0.9408219178082192,0.511776447,4.484848484848484
48419,0.9195057690560552,0.47231944000000003,3.227272727272726
48421,0.9680365296803652,0.526244344,3.396969696969696
48429,0.9798374924471348,0.48194237799999995,3.263636363636362
48431,0.9253996447602131,0.525586354,3.1303030303030295
48433,1.5380042656916515,0.49669499500000003,3.299999999999998
48435,1.0336853589194595,0.5366876309999999,3.293939393939392
48437,1.0521473776043613,0.46581961299999997,3.903896949954491
48443,0.9442896935933147,0.460606061,3.9909090909090907
48445,1.0230506544868503,0.464975303,3.19090909090909
48447,1.2964657441487097,0.502875924,5.0
48449,0.9906877815915844,0.49716478399999997,4.163636363636363
48455,0.9072634174094443,0.459697947,4.272727272727272
48457,0.9336988096629326,0.47022212100000005,3.209090909090908
48461,1.296356393690175,0.496136012,3.854545454545455
48465,0.9527496038216066,0.512011372,5.0
48467,0.9328848741110898,0.50026684,4.169696969696969
48475,0.9959255084310359,0.51291557,3.293939393939392
48483,1.2972013716283162,0.49871465299999995,3.1606060606060598
48495,0.9811697531207894,0.510207835,5.0
48499,0.9748487014502438,0.48945332899999994,3.1848484848484833
48501,0.994313415238,0.535726614,4.5303030303030285
48503,1.0621450295222483,0.49285401799999995,2.9909090909090903
48507,0.8304623753399819,0.43293618,3.9909090909090907
49001,1.1598608508215908,0.607038781,3.9727272727272727
49007,1.026346279323613,0.557173248,3.903896949954491
49009,0.9692671394799054,0.5897771949999999,3.299999999999998
49013,0.9624555151490266,0.5891724549999999,3.28181818181818
49015,0.9529730951842641,0.545263453,3.299999999999998
49017,1.102525175017656,0.589171157,3.299999999999998
49019,1.0203396119521952,0.6262705239999999,3.28181818181818
49025,1.092175749960608,0.594237288,4.0
49027,1.0891643918713982,0.5233655229999999,3.903896949954491
49031,0.9475806451612904,0.55475763,3.481818181818182
49033,0.976709241172051,0.6172768879999999,3.28181818181818
49037,0.9511695174520932,0.51584343,3.306060606060605
49039,1.0233896182305713,0.6088405539999999,4.036363636363636
49041,1.0082528939645377,0.5662785340000001,4.0
49047,0.923578408750956,0.546867083,3.299999999999998
49055,0.9513212795549374,0.6246925729999999,3.1303030303030304
50001,0.9961493004568832,0.676231375,3.2454545454545443
50005,0.9964139078475868,0.631449832,3.075757575757575
50009,0.962801741195093,0.592340591,3.493939393939394
50015,0.9900170110704651,0.645542001,3.9303030303030297
50017,0.9864350982886508,0.623400752,3.8818181818181827
50019,0.9955636533586167,0.584627437,4.166666666666667
50025,1.0183028074415912,0.6558656039999999,4.1000000000000005
50027,1.0045489964412224,0.634497373,4.9727272727272736
51001,1.0267588960567424,0.5000388259999999,3.4333333333333327
51005,1.124902238318781,0.5200988470000001,3.2151515151515135
51017,1.0644251085798604,0.5019220209999999,3.524242424242424
51021,0.9536764705882352,0.551801802,3.28181818181818
51025,0.9176245210727969,0.446243618,3.299999999999999
51027,1.0665805886937147,0.45110769399999995,4.45151515151515
51035,0.9389042782394583,0.489526637,3.28181818181818
51037,0.9483402082105676,0.480893405,3.299999999999998
51049,0.9375277901289462,0.48109748399999996,4.172727272727272
51051,0.94516824672676,0.47811534499999997,4.469696969696968
51057,1.100167290328449,0.529074345,3.299999999999998
51077,0.9540288596603244,0.46470543100000006,3.463636363636364
51081,0.9251539554713406,0.446051399,4.312121212121212
51083,1.031621786578893,0.488878268,3.903896949954491
51091,0.9655172413793104,0.5046875,3.227272727272726
51097,0.9471718249733191,0.47864278299999996,4.99090909090909
51099,0.9574020714897593,0.593364739,4.0181818181818185
51103,1.0413607666083868,0.523730684,4.181818181818182
51105,0.9421863165867205,0.48779340299999996,4.833333333333332
51109,0.9520792888525595,0.524905519,3.245454545454544
51111,0.9439345570630486,0.435131566,3.463636363636362
51113,0.9662512253185829,0.504580225,4.721212121212121
51117,1.0377073334450853,0.468020345,4.3999999999999995
51119,0.9513137557959814,0.522376458,4.8515151515151524
51131,0.927570093457944,0.43512825899999996,3.6272727272727288
51133,0.9461595001837559,0.538476356,3.700000000000002
51135,1.512004747527545,0.491942596,4.806060606060607
51137,0.950470035252644,0.5734043289999999,4.793939393939394
51139,0.989631345275263,0.50281602,3.651515151515153
51141,0.9416571100917431,0.502295307,4.433333333333333
51147,1.0347463132028294,0.5702444870000001,3.5909090909090917
51159,0.9544640573036582,0.5346693389999999,4.442424242424243
51163,0.9555659494855004,0.5319443699999999,4.3636363636363615
51167,0.9929665739323561,0.4898598820000001,5.0
51171,0.9763577488499645,0.544971847,4.421212121212121
51173,0.9800260526715984,0.5136705260000001,3.3121212121212102
51175,0.948532783127006,0.505455556,3.263636363636362
51181,0.9464336058641105,0.4929499070000001,5.0
51185,1.0741485471025318,0.451201019,3.9303030303030315
51193,0.9452703446756965,0.49740789399999996,4.9363636363636365
51195,0.9864088064433538,0.4894056,5.0
51197,0.9903963872662362,0.543193831,4.978787878787879
51530,0.9600880814753647,0.5327248010000001,5.0
51580,0.9195205479452054,0.51965163,5.0
51595,1.2236026155642674,0.43773211200000006,5.0
51620,1.1695365274020528,0.48348593900000003,5.0
51640,1.3656812895478023,0.47768924299999993,4.875757575757575
51678,1.086586265816345,0.63290552,4.99090909090909
51720,1.6759400575369972,0.5407874020000001,4.299999999999999
53009,0.995907574757089,0.573505857,3.227272727272726
53019,1.0466471749372954,0.555889804,3.903896949954491
53023,1.4120752468505278,0.5195025440000001,4.299999999999999
53025,0.9966370410876294,0.56400931,3.299999999999998
53031,0.9719543769172224,0.6562645220000001,3.28181818181818
53039,0.9809934762472677,0.625645053,3.28181818181818
53043,1.1433617509414378,0.558487874,4.0
53047,1.0007569243888879,0.5596514539999999,3.6121212121212127
53049,0.9764979248106916,0.48369682599999997,3.9878787878787887
53055,0.9633097824482669,0.6594645370000001,3.299999999999998
53069,0.9160530191458026,0.555859055,4.290909090909091
54001,0.9527705907881509,0.421135884,3.657575757575759
54007,0.9760587260152839,0.414163657,3.1242424242424236
54013,1.0145182038505338,0.41369351,3.263636363636362
54017,0.9421530479896238,0.480332722,3.3696969696969687
54021,0.9153645833333334,0.445026178,3.3121212121212102
54023,1.0115922721158528,0.432383392,4.299999999999999
54025,1.025051924704349,0.437925746,3.71818181818182
54031,0.9402302742973248,0.45003647,5.0
54033,1.0051372132690422,0.4742281629999999,4.778787878787878
54035,0.9515794502428601,0.46125591899999996,4.539393939393939
54041,0.9950821238734738,0.424609777,3.299999999999998
54047,0.9706627376260927,0.363197129,3.4939393939393923
54059,0.9112748032177926,0.390216216,3.299999999999998
54063,0.935682517960999,0.433864916,4.463636363636363
54065,1.0085318149588125,0.494041912,4.463636363636363
54067,0.9639652326763576,0.44776724600000006,3.263636363636362
54071,0.9579323618366786,0.399404658,4.030303030303031
54073,0.9071207430340558,0.46563011499999996,2.9242424242424243
54075,1.05918202121795,0.420264824,4.299999999999999
54083,1.0692885795251328,0.43922557500000003,3.263636363636362
54085,0.9209572153734591,0.42311648200000007,3.299999999999998
54087,0.9657650341797827,0.397086764,3.639393939393941
54089,1.0129369263131132,0.39433838099999996,3.3484848484848473
54093,0.927346429685064,0.44998298700000006,3.3484848484848473
54095,1.0228256816985313,0.45987478700000006,4.86060606060606
54097,0.944854192063233,0.481051817,3.299999999999998
54101,1.0426089064956678,0.402082076,4.303030303030303
54103,0.9925148110162729,0.426213434,3.4454545454545435
54109,0.8903464513958964,0.42549339100000005,4.0636363636363635
55001,0.9859933986665482,0.478360825,3.299999999999998
55003,1.0130593952790097,0.547863178,4.748484848484848
55005,1.0461481917688564,0.568440367,3.299999999999998
55007,0.9447559141255298,0.572104588,3.336363636363635
55011,0.9515742368547228,0.5459880699999999,3.3363636363636355
55013,1.0101249285905385,0.5388199979999999,3.28181818181818
55019,1.0338529432101862,0.565139263,3.872727272727274
55023,1.0241951322367124,0.57582299,5.0
55029,0.9964325082997105,0.579386705,3.1969696969696955
55037,0.9448183041722745,0.5385659970000001,3.263636363636362
55041,0.8907363420427553,0.5350828729999999,3.8757575757575773
55047,1.0317483226192474,0.561635434,3.263636363636362
55051,0.9177975959674293,0.527708333,4.181818181818182
55053,0.9788671126229753,0.523125897,4.566666666666666
55057,1.0175627491161923,0.548104544,3.433333333333333
55065,1.0364947737256653,0.581326977,3.4272727272727264
55067,1.008102383741747,0.57553864,3.693939393939395
55077,0.9559953131102721,0.518643252,4.557575757575757
55081,0.9985963503917497,0.5708132020000001,4.648484848484847
55085,1.1786500642443485,0.595458254,3.542424242424243
55091,1.1148359870630156,0.576803051,4.324242424242423
55095,1.0168085480520364,0.56510394,3.245454545454544
55099,1.042749663216942,0.531084777,3.530303030303031
55103,1.0290013607884951,0.542294407,3.28181818181818
55107,1.0343217020439832,0.530585106,3.700000000000001
55113,1.008676655299862,0.529682085,3.299999999999998
55119,1.0238020967565808,0.53958813,3.6151515151515166
55121,1.0355695946337466,0.5238978910000001,3.5909090909090917
55123,1.0351601369368113,0.553588685,3.7303030303030313
55125,0.9770034379273902,0.5085861629999999,3.4333333333333327
55129,1.0751769565088334,0.514490495,4.709090909090909
55135,0.983337230970414,0.5496503500000001,3.6757575757575767
55137,1.0036162602562373,0.547498992,3.28181818181818
56003,1.0486735589423068,0.561838252,4.036363636363636
56005,1.0097861558858523,0.62674103,3.299999999999998
56007,1.0696533096350511,0.5741862879999999,3.9909090909090907
56009,1.040079754403851,0.581956057,3.28181818181818
56011,1.0703103320808474,0.596559674,4.0
56013,1.0246875543885636,0.58463316,3.299999999999998
56015,1.0419857057443322,0.58217192,3.299999999999998
56017,1.1958803898869066,0.616304953,3.299999999999998
56019,1.0754428619890928,0.613987284,3.299999999999998
56023,1.066900401047228,0.622045041,3.299999999999998
56027,1.4227270603261633,0.589613035,4.0
56029,1.0288776160493742,0.620528237,3.299999999999998
56031,1.0867987287148584,0.595610827,4.0
56033,1.0656910087286455,0.663876152,3.299999999999998
56035,0.9380657455931396,0.6443976849999999,4.0
56037,1.0128160792829468,0.59711596,3.700000000000002
56039,1.0271864391205667,0.757138308,4.054545454545454
56041,1.016272089299368,0.577931512,3.1363636363636354
56043,1.0563788896915507,0.624917925,3.2696969696969678
56045,1.041638198041567,0.5400362320000001,
