fips_code,February,March,April,May,June,July,August,September,October,November
51001.0,0.0,7.0,257.0,645.0,133.0,32.0,71.0,37.0,41.0,30.0
19001.0,0.0,1.0,0.0,8.0,6.0,5.0,29.0,27.0,144.0,122.0
21001.0,0.0,0.0,81.0,16.0,20.0,84.0,59.0,56.0,139.0,141.0
29001.0,0.0,2.0,10.0,43.0,35.0,42.0,97.0,121.0,169.0,298.0
40001.0,0.0,4.0,60.0,23.0,28.0,168.0,164.0,192.0,211.0,121.0
16003.0,0.0,0.0,3.0,0.0,8.0,7.0,7.0,4.0,36.0,22.0
17001.0,0.0,2.0,38.0,4.0,43.0,306.0,378.0,428.0,937.0,1321.0
19003.0,0.0,0.0,0.0,7.0,1.0,7.0,7.0,16.0,48.0,48.0
28001.0,0.0,10.0,123.0,66.0,64.0,302.0,226.0,158.0,144.0,129.0
38001.0,0.0,0.0,0.0,0.0,0.0,2.0,2.0,17.0,69.0,39.0
39001.0,0.0,0.0,4.0,6.0,11.0,32.0,40.0,46.0,65.0,275.0
55001.0,0.0,0.0,4.0,0.0,15.0,50.0,43.0,147.0,317.0,312.0
50001.0,0.0,23.0,38.0,3.0,4.0,3.0,10.0,3.0,36.0,28.0
27001.0,0.0,0.0,1.0,7.0,6.0,13.0,21.0,40.0,136.0,234.0
8003.0,0.0,1.0,9.0,66.0,115.0,33.0,14.0,6.0,95.0,110.0
26001.0,0.0,0.0,4.0,11.0,7.0,6.0,6.0,13.0,8.0,37.0
28003.0,0.0,3.0,7.0,7.0,38.0,280.0,295.0,204.0,269.0,204.0
2013.0,0.0,0.0,0.0,0.0,0.0,1.0,1.0,1.0,13.0,4.0
2016.0,0.0,0.0,0.0,0.0,0.0,5.0,2.0,1.0,91.0,6.0
17003.0,0.0,0.0,3.0,5.0,14.0,13.0,9.0,41.0,62.0,62.0
40003.0,0.0,0.0,1.0,0.0,0.0,3.0,9.0,59.0,50.0,42.0
26003.0,0.0,0.0,0.0,0.0,3.0,5.0,9.0,2.0,102.0,50.0
19005.0,0.0,7.0,82.0,32.0,3.0,24.0,30.0,87.0,163.0,178.0
36003.0,0.0,9.0,26.0,10.0,14.0,15.0,15.0,25.0,110.0,365.0
37005.0,0.0,2.0,1.0,13.0,15.0,36.0,136.0,34.0,74.0,48.0
51005.0,0.0,1.0,5.0,14.0,11.0,25.0,9.0,14.0,44.0,111.0
20001.0,0.0,0.0,0.0,1.0,3.0,10.0,7.0,19.0,72.0,128.0
22003.0,0.0,15.0,75.0,94.0,120.0,732.0,411.0,149.0,227.0,95.0
45005.0,0.0,0.0,10.0,25.0,13.0,125.0,121.0,102.0,29.0,15.0
26007.0,0.0,0.0,82.0,12.0,26.0,5.0,7.0,16.0,32.0,117.0
6003.0,0.0,0.0,2.0,0.0,0.0,0.0,0.0,0.0,6.0,22.0
6005.0,0.0,2.0,6.0,11.0,3.0,93.0,165.0,16.0,48.0,53.0
20003.0,0.0,0.0,0.0,1.0,3.0,23.0,7.0,40.0,129.0,105.0
48001.0,0.0,1.0,28.0,43.0,960.0,1164.0,306.0,330.0,90.0,123.0
48005.0,0.0,5.0,48.0,152.0,271.0,1130.0,399.0,158.0,114.0,128.0
37007.0,0.0,1.0,24.0,40.0,63.0,173.0,140.0,175.0,86.0,94.0
31003.0,0.0,1.0,1.0,6.0,1.0,9.0,7.0,55.0,84.0,23.0
26009.0,0.0,3.0,7.0,2.0,6.0,18.0,24.0,12.0,71.0,116.0
4001.0,0.0,16.0,433.0,1075.0,813.0,657.0,344.0,216.0,449.0,361.0
19007.0,0.0,1.0,1.0,13.0,5.0,20.0,45.0,59.0,114.0,347.0
13001.0,0.0,2.0,68.0,89.0,99.0,297.0,331.0,154.0,139.0,117.0
8007.0,0.0,1.0,7.0,0.0,0.0,24.0,16.0,6.0,14.0,26.0
26011.0,0.0,1.0,23.0,10.0,4.0,2.0,19.0,12.0,40.0,104.0
5001.0,0.0,1.0,1.0,4.0,22.0,161.0,94.0,143.0,283.0,124.0
48011.0,0.0,0.0,2.0,1.0,0.0,2.0,6.0,2.0,8.0,16.0
23003.0,0.0,0.0,5.0,5.0,13.0,9.0,6.0,5.0,16.0,23.0
31005.0,0.0,0.0,0.0,0.0,0.0,0.0,1.0,0.0,4.0,9.0
37009.0,0.0,0.0,5.0,32.0,17.0,60.0,86.0,69.0,101.0,219.0
55003.0,0.0,1.0,1.0,0.0,1.0,12.0,19.0,93.0,173.0,206.0
5003.0,0.0,1.0,14.0,4.0,52.0,159.0,158.0,48.0,127.0,112.0
22007.0,0.0,20.0,162.0,70.0,100.0,185.0,130.0,97.0,35.0,66.0
29005.0,0.0,1.0,1.0,1.0,0.0,8.0,17.0,26.0,19.0,73.0
13003.0,0.0,0.0,8.0,40.0,99.0,136.0,123.0,38.0,42.0,72.0
40005.0,0.0,0.0,1.0,2.0,19.0,38.0,51.0,201.0,154.0,54.0
28007.0,0.0,10.0,89.0,199.0,52.0,136.0,97.0,89.0,133.0,53.0
19009.0,0.0,1.0,0.0,11.0,5.0,11.0,11.0,52.0,60.0,101.0
46003.0,0.0,1.0,0.0,25.0,8.0,3.0,5.0,17.0,141.0,84.0
37011.0,0.0,0.0,0.0,2.0,10.0,70.0,56.0,224.0,283.0,72.0
22009.0,0.0,19.0,52.0,57.0,191.0,588.0,378.0,244.0,228.0,94.0
8009.0,0.0,3.0,7.0,2.0,2.0,0.0,2.0,2.0,15.0,9.0
13005.0,0.0,2.0,22.0,98.0,114.0,168.0,113.0,81.0,40.0,94.0
48017.0,0.0,0.0,0.0,17.0,77.0,62.0,46.0,24.0,38.0,144.0
13007.0,0.0,4.0,19.0,11.0,9.0,12.0,17.0,12.0,8.0,27.0
41001.0,0.0,0.0,0.0,1.0,0.0,27.0,42.0,28.0,46.0,71.0
21007.0,0.0,0.0,9.0,3.0,2.0,16.0,12.0,15.0,22.0,32.0
45009.0,0.0,2.0,8.0,12.0,91.0,310.0,121.0,106.0,28.0,31.0
13011.0,0.0,3.0,21.0,64.0,45.0,102.0,142.0,111.0,85.0,85.0
31007.0,0.0,0.0,0.0,0.0,1.0,1.0,0.0,0.0,2.0,3.0
26013.0,0.0,0.0,0.0,1.0,4.0,0.0,3.0,28.0,65.0,200.0
20007.0,0.0,0.0,1.0,0.0,0.0,3.0,2.0,2.0,49.0,90.0
1005.0,0.0,0.0,39.0,128.0,155.0,228.0,78.0,268.0,164.0,63.0
54001.0,0.0,0.0,5.0,4.0,6.0,14.0,4.0,48.0,84.0,49.0
38003.0,0.0,2.0,2.0,0.0,15.0,12.0,81.0,130.0,115.0,133.0
45011.0,0.0,1.0,19.0,26.0,33.0,241.0,215.0,206.0,131.0,50.0
55005.0,0.0,0.0,6.0,11.0,17.0,194.0,142.0,120.0,791.0,946.0
29009.0,0.0,1.0,5.0,3.0,34.0,175.0,137.0,139.0,241.0,455.0
20009.0,0.0,1.0,8.0,36.0,11.0,53.0,175.0,229.0,290.0,402.0
29011.0,0.0,0.0,0.0,0.0,21.0,44.0,38.0,89.0,257.0,106.0
51017.0,0.0,0.0,0.0,0.0,0.0,4.0,0.0,11.0,7.0,14.0
5005.0,0.0,1.0,4.0,7.0,8.0,42.0,76.0,228.0,383.0,330.0
55007.0,0.0,2.0,1.0,0.0,0.0,15.0,27.0,70.0,151.0,253.0
48023.0,0.0,0.0,0.0,0.0,1.0,5.0,10.0,4.0,26.0,3.0
46005.0,0.0,20.0,1.0,240.0,263.0,62.0,53.0,176.0,534.0,544.0
16007.0,0.0,0.0,0.0,0.0,1.0,5.0,24.0,16.0,31.0,55.0
40007.0,0.0,0.0,8.0,16.0,6.0,6.0,8.0,16.0,29.0,20.0
49001.0,0.0,0.0,0.0,0.0,0.0,0.0,0.0,0.0,0.0,0.0
30001.0,0.0,0.0,1.0,0.0,0.0,44.0,25.0,32.0,167.0,143.0
27005.0,0.0,0.0,2.0,38.0,14.0,80.0,64.0,88.0,397.0,625.0
40009.0,0.0,1.0,4.0,1.0,5.0,31.0,81.0,444.0,344.0,83.0
42009.0,0.0,2.0,22.0,15.0,43.0,46.0,42.0,75.0,202.0,451.0
21013.0,0.0,0.0,0.0,1.0,7.0,259.0,128.0,112.0,276.0,272.0
27007.0,0.0,4.0,2.0,9.0,12.0,157.0,137.0,152.0,441.0,557.0
13017.0,0.0,3.0,22.0,49.0,91.0,170.0,284.0,172.0,93.0,81.0
16009.0,0.0,0.0,0.0,8.0,13.0,29.0,61.0,40.0,31.0,39.0
46007.0,0.0,0.0,0.0,0.0,4.0,1.0,18.0,44.0,148.0,50.0
38005.0,0.0,0.0,0.0,1.0,3.0,82.0,143.0,116.0,202.0,88.0
8011.0,0.0,0.0,0.0,2.0,2.0,1.0,6.0,0.0,7.0,15.0
29015.0,0.0,2.0,6.0,3.0,6.0,54.0,85.0,179.0,163.0,176.0
47005.0,0.0,4.0,2.0,1.0,5.0,68.0,177.0,85.0,54.0,224.0
26019.0,0.0,0.0,6.0,-2.0,8.0,15.0,20.0,37.0,61.0,79.0
13019.0,0.0,1.0,16.0,29.0,70.0,140.0,124.0,75.0,47.0,128.0
37015.0,0.0,6.0,38.0,78.0,23.0,87.0,203.0,170.0,122.0,20.0
2050.0,0.0,0.0,1.0,2.0,6.0,10.0,40.0,55.0,288.0,487.0
22013.0,0.0,6.0,71.0,69.0,81.0,121.0,66.0,77.0,90.0,88.0
30003.0,0.0,0.0,3.0,26.0,45.0,238.0,353.0,266.0,427.0,239.0
56003.0,0.0,0.0,3.0,3.0,14.0,15.0,8.0,19.0,171.0,118.0
27011.0,0.0,1.0,1.0,3.0,9.0,8.0,13.0,48.0,84.0,66.0
38007.0,0.0,0.0,0.0,0.0,1.0,1.0,3.0,11.0,17.0,3.0
18009.0,0.0,0.0,8.0,17.0,10.0,16.0,23.0,50.0,74.0,180.0
37017.0,0.0,0.0,21.0,80.0,270.0,192.0,153.0,209.0,174.0,81.0
16013.0,0.0,192.0,306.0,14.0,23.0,33.0,38.0,77.0,228.0,169.0
30005.0,0.0,0.0,0.0,0.0,0.0,7.0,8.0,19.0,315.0,106.0
31009.0,0.0,0.0,0.0,0.0,0.0,0.0,0.0,1.0,2.0,7.0
40011.0,0.0,0.0,0.0,6.0,8.0,31.0,30.0,62.0,82.0,56.0
48031.0,0.0,1.0,5.0,5.0,16.0,69.0,29.0,20.0,8.0,17.0
51021.0,0.0,0.0,0.0,0.0,2.0,5.0,40.0,17.0,0.0,38.0
13023.0,0.0,1.0,15.0,29.0,15.0,67.0,225.0,83.0,85.0,162.0
47007.0,0.0,2.0,592.0,13.0,10.0,42.0,116.0,89.0,181.0,53.0
28011.0,0.0,22.0,80.0,60.0,99.0,656.0,575.0,381.0,199.0,173.0
46009.0,0.0,1.0,3.0,4.0,3.0,2.0,39.0,39.0,903.0,209.0
5009.0,0.0,1.0,4.0,1.0,20.0,131.0,208.0,387.0,336.0,262.0
31011.0,0.0,0.0,0.0,6.0,1.0,0.0,19.0,62.0,45.0,105.0
48033.0,0.0,0.0,0.0,0.0,0.0,0.0,0.0,1.0,1.0,2.0
48035.0,0.0,0.0,4.0,3.0,6.0,108.0,95.0,123.0,79.0,58.0
38009.0,0.0,0.0,0.0,2.0,3.0,6.0,17.0,70.0,237.0,97.0
16021.0,0.0,0.0,0.0,0.0,1.0,32.0,10.0,15.0,145.0,87.0
20011.0,0.0,3.0,3.0,1.0,21.0,37.0,17.0,75.0,149.0,76.0
38011.0,0.0,0.0,1.0,0.0,0.0,5.0,9.0,27.0,104.0,22.0
31013.0,0.0,0.0,1.0,1.0,1.0,7.0,15.0,66.0,184.0,119.0
31015.0,0.0,0.0,0.0,0.0,1.0,0.0,9.0,20.0,48.0,15.0
21021.0,0.0,4.0,13.0,8.0,13.0,91.0,79.0,86.0,191.0,173.0
12007.0,0.0,2.0,44.0,5.0,32.0,242.0,413.0,391.0,110.0,57.0
5011.0,0.0,4.0,8.0,10.0,30.0,86.0,157.0,47.0,31.0,20.0
54007.0,0.0,0.0,2.0,0.0,1.0,5.0,1.0,4.0,34.0,42.0
21025.0,0.0,2.0,0.0,1.0,5.0,16.0,31.0,36.0,60.0,73.0
21027.0,0.0,2.0,7.0,8.0,7.0,25.0,50.0,40.0,78.0,119.0
48043.0,0.0,0.0,0.0,1.0,129.0,50.0,11.0,30.0,35.0,45.0
48045.0,0.0,0.0,0.0,1.0,1.0,9.0,1.0,2.0,6.0,16.0
2060.0,0.0,0.0,0.0,0.0,0.0,6.0,4.0,0.0,-10.0,0.0
30007.0,0.0,3.0,1.0,0.0,1.0,5.0,6.0,2.0,71.0,40.0
46011.0,0.0,1.0,12.0,3.0,46.0,51.0,208.0,458.0,634.0,612.0
48047.0,0.0,0.0,1.0,0.0,2.0,81.0,131.0,105.0,45.0,15.0
17009.0,0.0,0.0,0.0,10.0,0.0,3.0,7.0,49.0,52.0,93.0
20013.0,0.0,0.0,0.0,6.0,8.0,18.0,44.0,52.0,121.0,201.0
31017.0,0.0,0.0,0.0,0.0,0.0,0.0,3.0,35.0,44.0,35.0
46013.0,0.0,3.0,36.0,234.0,69.0,55.0,278.0,565.0,910.0,697.0
48049.0,0.0,3.0,33.0,22.0,19.0,274.0,119.0,116.0,54.0,178.0
46015.0,0.0,0.0,0.0,0.0,23.0,17.0,26.0,66.0,96.0,230.0
51025.0,0.0,1.0,13.0,11.0,78.0,94.0,96.0,68.0,53.0,33.0
19019.0,0.0,2.0,15.0,16.0,12.0,60.0,70.0,124.0,216.0,366.0
51027.0,0.0,0.0,16.0,2.0,13.0,40.0,28.0,58.0,84.0,72.0
19021.0,0.0,0.0,4.0,779.0,912.0,87.0,44.0,200.0,323.0,360.0
51530.0,0.0,0.0,6.0,7.0,2.0,32.0,28.0,13.0,33.0,37.0
46017.0,0.0,0.0,1.0,16.0,54.0,35.0,4.0,30.0,126.0,65.0
55011.0,0.0,1.0,3.0,2.0,1.0,34.0,23.0,79.0,187.0,232.0
1011.0,0.0,3.0,10.0,196.0,151.0,70.0,107.0,73.0,43.0,22.0
17011.0,0.0,1.0,9.0,5.0,14.0,94.0,247.0,301.0,315.0,603.0
38013.0,0.0,0.0,3.0,2.0,0.0,12.0,7.0,11.0,20.0,90.0
48053.0,0.0,3.0,16.0,18.0,92.0,410.0,127.0,82.0,202.0,256.0
55013.0,0.0,0.0,0.0,1.0,2.0,10.0,27.0,165.0,122.0,219.0
31021.0,0.0,0.0,3.0,6.0,5.0,5.0,47.0,15.0,39.0,119.0
1013.0,0.0,1.0,52.0,358.0,193.0,135.0,98.0,80.0,105.0,65.0
19023.0,0.0,1.0,8.0,7.0,29.0,66.0,97.0,72.0,148.0,292.0
29023.0,0.0,0.0,26.0,9.0,40.0,161.0,140.0,283.0,529.0,312.0
31023.0,0.0,0.0,4.0,44.0,3.0,5.0,38.0,31.0,141.0,139.0
16023.0,0.0,0.0,0.0,0.0,0.0,0.0,11.0,22.0,71.0,9.0
46019.0,0.0,0.0,0.0,0.0,0.0,10.0,37.0,63.0,298.0,186.0
40015.0,0.0,1.0,61.0,96.0,28.0,162.0,214.0,243.0,374.0,221.0
6009.0,0.0,3.0,10.0,2.0,17.0,93.0,111.0,86.0,32.0,36.0
21033.0,0.0,0.0,13.0,-1.0,3.0,30.0,34.0,87.0,137.0,118.0
22021.0,0.0,1.0,17.0,36.0,50.0,86.0,89.0,23.0,38.0,89.0
50005.0,0.0,2.0,11.0,2.0,4.0,7.0,7.0,1.0,11.0,21.0
5013.0,0.0,0.0,0.0,0.0,0.0,12.0,12.0,12.0,21.0,47.0
12013.0,0.0,1.0,7.0,55.0,13.0,205.0,289.0,50.0,107.0,65.0
13037.0,0.0,9.0,90.0,33.0,30.0,27.0,38.0,19.0,31.0,29.0
19025.0,0.0,0.0,0.0,2.0,42.0,37.0,48.0,66.0,150.0,519.0
28013.0,0.0,3.0,47.0,15.0,54.0,247.0,104.0,59.0,110.0,38.0
54013.0,0.0,0.0,0.0,2.0,0.0,4.0,4.0,15.0,11.0,7.0
21035.0,0.0,3.0,31.0,16.0,31.0,94.0,238.0,201.0,452.0,264.0
16025.0,0.0,1.0,0.0,0.0,0.0,0.0,3.0,32.0,5.0,10.0
29029.0,0.0,12.0,23.0,3.0,22.0,225.0,243.0,495.0,469.0,585.0
42023.0,0.0,1.0,0.0,1.0,1.0,2.0,3.0,0.0,0.0,8.0
48063.0,0.0,0.0,6.0,77.0,34.0,94.0,85.0,63.0,40.0,26.0
46021.0,0.0,0.0,0.0,0.0,0.0,2.0,3.0,31.0,44.0,13.0
56005.0,0.0,2.0,22.0,7.0,25.0,59.0,78.0,132.0,818.0,906.0
13043.0,0.0,1.0,6.0,6.0,24.0,174.0,142.0,112.0,82.0,54.0
49007.0,0.0,0.0,2.0,0.0,0.0,0.0,0.0,0.0,0.0,0.0
56007.0,0.0,3.0,1.0,12.0,7.0,52.0,116.0,40.0,99.0,98.0
16029.0,0.0,0.0,1.0,0.0,10.0,12.0,17.0,85.0,181.0,74.0
21039.0,0.0,0.0,2.0,3.0,0.0,17.0,39.0,19.0,29.0,38.0
24011.0,0.0,4.0,67.0,188.0,60.0,104.0,87.0,147.0,103.0,50.0
5015.0,0.0,0.0,5.0,19.0,144.0,163.0,138.0,241.0,329.0,131.0
17015.0,0.0,2.0,7.0,6.0,6.0,22.0,91.0,104.0,252.0,381.0
19027.0,0.0,1.0,1.0,8.0,72.0,93.0,215.0,321.0,532.0,441.0
21041.0,0.0,2.0,0.0,10.0,25.0,103.0,49.0,13.0,30.0,32.0
28015.0,0.0,1.0,37.0,79.0,40.0,83.0,52.0,39.0,137.0,175.0
29033.0,0.0,0.0,3.0,5.0,3.0,84.0,17.0,20.0,63.0,121.0
33003.0,0.0,12.0,19.0,16.0,7.0,32.0,19.0,18.0,35.0,68.0
47017.0,0.0,5.0,13.0,9.0,12.0,152.0,446.0,280.0,272.0,219.0
51035.0,0.0,1.0,10.0,85.0,118.0,93.0,89.0,109.0,101.0,141.0
21043.0,0.0,0.0,5.0,6.0,12.0,71.0,22.0,84.0,191.0,111.0
29035.0,0.0,4.0,-1.0,2.0,1.0,12.0,19.0,70.0,50.0,74.0
30011.0,0.0,0.0,0.0,0.0,0.0,0.0,0.0,6.0,67.0,22.0
40019.0,0.0,1.0,2.0,38.0,51.0,197.0,122.0,153.0,350.0,175.0
21045.0,0.0,0.0,1.0,2.0,16.0,129.0,99.0,28.0,32.0,81.0
17017.0,0.0,0.0,33.0,40.0,56.0,63.0,107.0,105.0,70.0,233.0
19029.0,0.0,0.0,1.0,11.0,5.0,25.0,70.0,69.0,289.0,177.0
27021.0,0.0,1.0,4.0,9.0,-1.0,41.0,51.0,83.0,270.0,430.0
48067.0,0.0,2.0,11.0,16.0,9.0,111.0,108.0,118.0,186.0,114.0
16031.0,0.0,1.0,11.0,51.0,177.0,221.0,120.0,176.0,704.0,348.0
48069.0,0.0,8.0,5.0,20.0,42.0,92.0,60.0,35.0,49.0,82.0
37033.0,0.0,1.0,21.0,39.0,74.0,48.0,66.0,118.0,273.0,79.0
22025.0,0.0,3.0,33.0,77.0,77.0,59.0,122.0,66.0,24.0,22.0
35003.0,0.0,0.0,1.0,1.0,0.0,2.0,1.0,4.0,0.0,5.0
38019.0,0.0,0.0,0.0,0.0,2.0,29.0,2.0,22.0,50.0,156.0
19031.0,0.0,9.0,20.0,18.0,28.0,42.0,37.0,102.0,188.0,393.0
29039.0,0.0,5.0,0.0,4.0,0.0,25.0,17.0,70.0,98.0,141.0
31027.0,0.0,0.0,4.0,4.0,9.0,4.0,27.0,41.0,52.0,97.0
19033.0,0.0,7.0,7.0,15.0,70.0,473.0,258.0,246.0,513.0,1003.0
8015.0,0.0,17.0,49.0,6.0,5.0,209.0,30.0,20.0,38.0,113.0
29041.0,0.0,4.0,1.0,1.0,0.0,8.0,14.0,20.0,12.0,117.0
46023.0,0.0,1.0,4.0,12.0,65.0,17.0,23.0,62.0,136.0,291.0
26029.0,0.0,4.0,9.0,2.0,12.0,15.0,30.0,35.0,57.0,176.0
51037.0,0.0,0.0,7.0,16.0,8.0,19.0,19.0,38.0,114.0,31.0
13049.0,0.0,1.0,7.0,24.0,19.0,297.0,213.0,77.0,10.0,106.0
20017.0,0.0,0.0,3.0,1.0,0.0,2.0,59.0,17.0,25.0,17.0
31029.0,0.0,0.0,0.0,1.0,0.0,5.0,5.0,13.0,136.0,68.0
13053.0,0.0,1.0,11.0,42.0,356.0,184.0,558.0,514.0,138.0,132.0
20019.0,0.0,1.0,3.0,0.0,0.0,1.0,4.0,6.0,10.0,16.0
35005.0,0.0,10.0,12.0,25.0,47.0,240.0,393.0,495.0,794.0,1000.0
26031.0,0.0,1.0,18.0,2.0,6.0,10.0,42.0,14.0,57.0,161.0
36017.0,0.0,19.0,79.0,35.0,13.0,61.0,21.0,25.0,166.0,76.0
1019.0,0.0,2.0,13.0,22.0,34.0,148.0,127.0,274.0,163.0,115.0
19035.0,0.0,0.0,2.0,26.0,44.0,25.0,43.0,129.0,173.0,177.0
20021.0,0.0,3.0,5.0,2.0,19.0,44.0,173.0,279.0,195.0,208.0
37039.0,0.0,7.0,9.0,14.0,6.0,195.0,202.0,216.0,132.0,67.0
31031.0,0.0,0.0,1.0,0.0,0.0,3.0,17.0,30.0,18.0,65.0
45025.0,0.0,6.0,45.0,145.0,170.0,304.0,331.0,241.0,261.0,122.0
8017.0,0.0,0.0,0.0,5.0,0.0,3.0,1.0,5.0,1.0,12.0
20023.0,0.0,0.0,2.0,0.0,0.0,0.0,5.0,56.0,46.0,67.0
31033.0,0.0,0.0,6.0,3.0,10.0,7.0,2.0,15.0,54.0,236.0
19037.0,0.0,0.0,5.0,5.0,15.0,23.0,62.0,164.0,115.0,229.0
28017.0,0.0,13.0,55.0,67.0,119.0,166.0,172.0,103.0,167.0,91.0
5017.0,0.0,1.0,8.0,6.0,119.0,372.0,456.0,45.0,48.0,33.0
48075.0,0.0,0.0,1.0,1.0,5.0,26.0,24.0,17.0,33.0,23.0
26033.0,0.0,1.0,1.0,0.0,8.0,19.0,28.0,23.0,33.0,401.0
27023.0,0.0,0.0,2.0,49.0,24.0,18.0,42.0,98.0,258.0,145.0
1023.0,0.0,3.0,40.0,110.0,38.0,80.0,45.0,36.0,43.0,15.0
28019.0,0.0,6.0,7.0,30.0,28.0,53.0,31.0,32.0,16.0,44.0
40023.0,0.0,1.0,2.0,36.0,73.0,48.0,85.0,84.0,121.0,119.0
30015.0,0.0,0.0,0.0,0.0,0.0,6.0,4.0,21.0,80.0,89.0
37041.0,0.0,0.0,7.0,10.0,7.0,96.0,100.0,149.0,165.0,30.0
40025.0,0.0,0.0,1.0,0.0,0.0,0.0,13.0,12.0,13.0,16.0
22027.0,0.0,8.0,51.0,7.0,54.0,96.0,160.0,141.0,86.0,52.0
28021.0,0.0,1.0,21.0,89.0,117.0,170.0,42.0,25.0,80.0,8.0
47025.0,0.0,2.0,3.0,4.0,16.0,181.0,160.0,83.0,85.0,89.0
53009.0,0.0,8.0,10.0,7.0,11.0,55.0,118.0,26.0,36.0,32.0
26035.0,0.0,1.0,10.0,8.0,9.0,30.0,41.0,14.0,178.0,234.0
45027.0,0.0,25.0,185.0,91.0,112.0,336.0,228.0,129.0,78.0,101.0
42031.0,0.0,3.0,20.0,4.0,7.0,41.0,23.0,29.0,117.0,107.0
5019.0,0.0,24.0,6.0,9.0,17.0,96.0,81.0,124.0,163.0,158.0
16033.0,0.0,0.0,0.0,0.0,0.0,1.0,20.0,14.0,5.0,6.0
17023.0,0.0,1.0,4.0,6.0,3.0,52.0,50.0,67.0,145.0,260.0
20025.0,0.0,0.0,1.0,32.0,1.0,9.0,3.0,4.0,18.0,20.0
29045.0,0.0,0.0,1.0,0.0,1.0,9.0,32.0,22.0,48.0,111.0
46025.0,0.0,1.0,0.0,3.0,11.0,1.0,3.0,24.0,96.0,44.0
55019.0,0.0,3.0,17.0,12.0,40.0,96.0,73.0,175.0,582.0,693.0
1025.0,0.0,0.0,32.0,112.0,120.0,209.0,450.0,186.0,285.0,101.0
19039.0,0.0,0.0,2.0,53.0,70.0,49.0,67.0,29.0,49.0,106.0
28023.0,0.0,4.0,50.0,90.0,54.0,99.0,165.0,149.0,178.0,51.0
1027.0,0.0,2.0,19.0,6.0,26.0,141.0,162.0,236.0,180.0,73.0
5021.0,0.0,0.0,3.0,1.0,50.0,48.0,80.0,132.0,196.0,160.0
13061.0,0.0,4.0,18.0,17.0,18.0,15.0,39.0,11.0,2.0,19.0
17025.0,0.0,0.0,2.0,0.0,0.0,10.0,68.0,79.0,176.0,225.0
19041.0,0.0,0.0,4.0,12.0,105.0,47.0,68.0,114.0,218.0,312.0
20027.0,0.0,1.0,3.0,1.0,1.0,11.0,14.0,24.0,59.0,168.0
21051.0,0.0,0.0,1.0,6.0,52.0,83.0,72.0,116.0,121.0,304.0
28025.0,0.0,4.0,36.0,72.0,128.0,123.0,110.0,126.0,85.0,118.0
31035.0,0.0,0.0,9.0,15.0,3.0,20.0,10.0,23.0,93.0,104.0
37043.0,0.0,1.0,5.0,2.0,4.0,53.0,24.0,35.0,117.0,21.0
47027.0,0.0,0.0,5.0,2.0,9.0,42.0,54.0,131.0,136.0,91.0
19043.0,0.0,1.0,13.0,21.0,4.0,55.0,86.0,91.0,255.0,303.0
16035.0,0.0,0.0,0.0,0.0,1.0,14.0,6.0,31.0,97.0,97.0
27029.0,0.0,2.0,0.0,1.0,4.0,7.0,5.0,13.0,82.0,182.0
1029.0,0.0,5.0,7.0,3.0,14.0,82.0,91.0,206.0,175.0,72.0
5023.0,0.0,61.0,12.0,0.0,12.0,93.0,81.0,79.0,137.0,118.0
13065.0,0.0,1.0,7.0,51.0,49.0,61.0,119.0,91.0,79.0,68.0
21053.0,0.0,0.0,3.0,0.0,2.0,18.0,48.0,52.0,101.0,71.0
36019.0,0.0,21.0,38.0,36.0,6.0,25.0,24.0,12.0,101.0,109.0
20029.0,0.0,0.0,4.0,1.0,13.0,11.0,30.0,10.0,35.0,288.0
28027.0,0.0,21.0,40.0,64.0,58.0,449.0,352.0,191.0,65.0,77.0
40029.0,0.0,0.0,0.0,1.0,7.0,20.0,29.0,14.0,41.0,99.0
48079.0,0.0,0.0,1.0,0.0,0.0,20.0,16.0,15.0,38.0,52.0
46029.0,0.0,5.0,9.0,23.0,26.0,54.0,201.0,576.0,704.0,576.0
13069.0,0.0,11.0,127.0,133.0,269.0,759.0,494.0,277.0,233.0,396.0
20031.0,0.0,14.0,34.0,2.0,3.0,12.0,14.0,38.0,37.0,89.0
48081.0,0.0,0.0,0.0,1.0,4.0,32.0,12.0,4.0,56.0,35.0
48083.0,0.0,0.0,1.0,2.0,0.0,9.0,40.0,27.0,10.0,65.0
17029.0,0.0,0.0,22.0,105.0,37.0,203.0,607.0,534.0,603.0,668.0
31037.0,0.0,0.0,69.0,548.0,51.0,24.0,37.0,65.0,170.0,163.0
35007.0,0.0,0.0,5.0,0.0,4.0,4.0,6.0,17.0,5.0,41.0
45029.0,0.0,5.0,22.0,78.0,224.0,410.0,151.0,164.0,225.0,119.0
48087.0,0.0,0.0,0.0,5.0,1.0,1.0,9.0,3.0,2.0,1.0
48089.0,0.0,2.0,8.0,12.0,65.0,151.0,206.0,40.0,22.0,24.0
5027.0,0.0,1.0,12.0,10.0,60.0,101.0,111.0,205.0,245.0,120.0
37047.0,0.0,4.0,149.0,183.0,185.0,286.0,295.0,299.0,375.0,387.0
6011.0,0.0,1.0,2.0,2.0,41.0,277.0,122.0,90.0,22.0,42.0
20033.0,0.0,0.0,0.0,2.0,0.0,1.0,6.0,4.0,7.0,9.0
48093.0,0.0,2.0,2.0,8.0,11.0,207.0,-16.0,95.0,56.0,40.0
48095.0,0.0,0.0,1.0,0.0,8.0,15.0,31.0,83.0,3.0,9.0
22029.0,0.0,3.0,35.0,49.0,24.0,150.0,172.0,80.0,98.0,92.0
1035.0,0.0,0.0,9.0,32.0,137.0,180.0,78.0,102.0,39.0,62.0
8021.0,0.0,0.0,0.0,2.0,11.0,10.0,8.0,4.0,46.0,47.0
56009.0,0.0,1.0,21.0,2.0,2.0,4.0,1.0,101.0,201.0,120.0
5029.0,0.0,1.0,12.0,1.0,41.0,79.0,72.0,67.0,86.0,127.0
13075.0,0.0,1.0,22.0,25.0,85.0,261.0,116.0,41.0,58.0,165.0
27031.0,0.0,0.0,0.0,0.0,1.0,1.0,4.0,1.0,15.0,18.0
29053.0,0.0,2.0,5.0,2.0,5.0,72.0,146.0,202.0,179.0,375.0
33007.0,0.0,0.0,2.0,3.0,2.0,9.0,2.0,4.0,63.0,139.0
41011.0,0.0,0.0,20.0,11.0,10.0,43.0,32.0,44.0,106.0,68.0
46031.0,0.0,0.0,1.0,3.0,14.0,8.0,32.0,34.0,135.0,91.0
8023.0,0.0,3.0,0.0,3.0,15.0,1.0,10.0,0.0,3.0,24.0
48101.0,0.0,0.0,2.0,2.0,0.0,10.0,4.0,11.0,4.0,12.0
27033.0,0.0,2.0,18.0,55.0,58.0,34.0,36.0,26.0,77.0,188.0
1039.0,0.0,2.0,34.0,44.0,228.0,372.0,136.0,600.0,470.0,136.0
28031.0,0.0,2.0,60.0,103.0,125.0,285.0,143.0,114.0,176.0,93.0
51580.0,0.0,0.0,1.0,3.0,1.0,7.0,13.0,7.0,3.0,54.0
40035.0,0.0,1.0,9.0,5.0,6.0,48.0,50.0,391.0,91.0,171.0
48103.0,0.0,2.0,0.0,21.0,31.0,18.0,-2.0,2.0,1.0,24.0
17033.0,0.0,1.0,9.0,1.0,7.0,11.0,49.0,388.0,210.0,159.0
18025.0,0.0,1.0,17.0,6.0,5.0,11.0,24.0,47.0,65.0,50.0
19047.0,0.0,1.0,20.0,495.0,150.0,41.0,129.0,281.0,283.0,194.0
26039.0,0.0,1.0,53.0,4.0,12.0,23.0,20.0,14.0,13.0,82.0
29055.0,0.0,1.0,7.0,1.0,2.0,36.0,139.0,221.0,232.0,322.0
55023.0,0.0,0.0,3.0,23.0,7.0,23.0,46.0,77.0,149.0,323.0
1041.0,0.0,1.0,18.0,56.0,47.0,154.0,120.0,149.0,75.0,51.0
21055.0,0.0,0.0,4.0,2.0,3.0,17.0,26.0,69.0,33.0,46.0
48105.0,0.0,0.0,0.0,0.0,9.0,144.0,9.0,2.0,2.0,5.0
56011.0,0.0,0.0,5.0,0.0,2.0,2.0,5.0,33.0,73.0,99.0
48107.0,0.0,0.0,2.0,2.0,17.0,31.0,29.0,7.0,20.0,51.0
5037.0,0.0,1.0,16.0,35.0,33.0,72.0,122.0,174.0,159.0,60.0
8025.0,0.0,1.0,1.0,62.0,6.0,2.0,1.0,1.0,9.0,531.0
48109.0,0.0,0.0,0.0,0.0,3.0,12.0,8.0,32.0,72.0,12.0
17035.0,0.0,1.0,2.0,7.0,1.0,35.0,94.0,79.0,94.0,164.0
21057.0,0.0,0.0,5.0,0.0,1.0,27.0,55.0,15.0,22.0,55.0
51049.0,0.0,0.0,13.0,24.0,14.0,14.0,32.0,8.0,17.0,15.0
31039.0,0.0,0.0,6.0,25.0,4.0,22.0,26.0,75.0,126.0,170.0
35009.0,0.0,3.0,14.0,35.0,111.0,290.0,219.0,179.0,516.0,916.0
41015.0,0.0,0.0,4.0,3.0,0.0,7.0,6.0,12.0,28.0,21.0
8027.0,0.0,0.0,2.0,0.0,0.0,8.0,7.0,0.0,2.0,31.0
16037.0,0.0,1.0,1.0,0.0,2.0,3.0,29.0,35.0,26.0,24.0
30017.0,0.0,0.0,0.0,0.0,27.0,25.0,14.0,51.0,222.0,179.0
31041.0,0.0,0.0,23.0,8.0,9.0,3.0,31.0,17.0,158.0,85.0
40039.0,0.0,4.0,6.0,6.0,39.0,130.0,141.0,392.0,374.0,295.0
29057.0,0.0,0.0,0.0,0.0,1.0,13.0,16.0,40.0,79.0,87.0
49009.0,0.0,0.0,0.0,0.0,0.0,0.0,0.0,0.0,0.0,0.0
48111.0,0.0,0.0,10.0,15.0,58.0,95.0,30.0,49.0,129.0,32.0
5039.0,0.0,0.0,1.0,0.0,9.0,46.0,71.0,39.0,15.0,43.0
30019.0,0.0,0.0,0.0,0.0,0.0,2.0,1.0,2.0,43.0,20.0
18027.0,0.0,0.0,47.0,41.0,50.0,97.0,260.0,189.0,289.0,253.0
29061.0,0.0,0.0,2.0,2.0,4.0,9.0,9.0,97.0,99.0,65.0
19051.0,0.0,0.0,1.0,21.0,15.0,12.0,34.0,47.0,32.0,153.0
46035.0,0.0,2.0,3.0,11.0,25.0,45.0,50.0,193.0,424.0,1050.0
31045.0,0.0,0.0,2.0,-1.0,2.0,5.0,68.0,54.0,73.0,123.0
30021.0,0.0,0.0,0.0,0.0,8.0,6.0,30.0,35.0,197.0,139.0
31047.0,0.0,1.0,455.0,382.0,19.0,85.0,63.0,85.0,187.0,397.0
48115.0,0.0,3.0,21.0,18.0,10.0,81.0,74.0,226.0,329.0,214.0
46037.0,0.0,0.0,1.0,12.0,3.0,5.0,16.0,47.0,57.0,55.0
35011.0,0.0,0.0,0.0,0.0,0.0,0.0,0.0,1.0,1.0,21.0
1049.0,0.0,4.0,73.0,171.0,328.0,1052.0,431.0,402.0,1197.0,517.0
47041.0,0.0,4.0,11.0,22.0,15.0,243.0,174.0,107.0,175.0,151.0
48123.0,0.0,6.0,9.0,2.0,39.0,472.0,316.0,153.0,75.0,56.0
19053.0,0.0,0.0,0.0,1.0,9.0,11.0,23.0,23.0,105.0,89.0
20039.0,0.0,0.0,0.0,0.0,0.0,5.0,3.0,19.0,94.0,59.0
47039.0,0.0,0.0,4.0,1.0,16.0,129.0,153.0,235.0,107.0,74.0
30023.0,0.0,3.0,0.0,0.0,1.0,16.0,13.0,84.0,241.0,243.0
6015.0,0.0,0.0,3.0,42.0,5.0,38.0,35.0,21.0,37.0,39.0
19055.0,0.0,0.0,8.0,7.0,26.0,44.0,132.0,249.0,401.0,312.0
36025.0,0.0,16.0,45.0,18.0,12.0,11.0,13.0,21.0,51.0,89.0
40041.0,0.0,7.0,83.0,10.0,52.0,238.0,150.0,249.0,381.0,425.0
8029.0,0.0,1.0,43.0,25.0,14.0,21.0,62.0,23.0,7.0,144.0
26041.0,0.0,1.0,12.0,4.0,6.0,49.0,85.0,403.0,491.0,931.0
48119.0,0.0,0.0,1.0,0.0,5.0,8.0,3.0,11.0,8.0,7.0
2068.0,0.0,0.0,0.0,0.0,0.0,1.0,0.0,6.0,24.0,7.0
29065.0,0.0,0.0,0.0,0.0,3.0,6.0,30.0,111.0,123.0,103.0
19057.0,0.0,1.0,15.0,47.0,21.0,60.0,424.0,256.0,769.0,728.0
5041.0,0.0,2.0,14.0,3.0,28.0,95.0,101.0,57.0,124.0,52.0
31049.0,0.0,0.0,0.0,0.0,0.0,1.0,2.0,1.0,11.0,12.0
46039.0,0.0,1.0,0.0,0.0,2.0,6.0,36.0,42.0,110.0,50.0
40043.0,0.0,0.0,2.0,0.0,3.0,2.0,14.0,47.0,26.0,33.0
46041.0,0.0,0.0,0.0,0.0,4.0,54.0,21.0,79.0,245.0,204.0
48125.0,0.0,0.0,1.0,0.0,1.0,2.0,23.0,23.0,5.0,9.0
51051.0,0.0,0.0,0.0,0.0,4.0,18.0,45.0,35.0,21.0,82.0
38021.0,0.0,0.0,0.0,0.0,4.0,7.0,15.0,53.0,250.0,156.0
19059.0,0.0,1.0,5.0,15.0,220.0,130.0,53.0,130.0,261.0,285.0
20041.0,0.0,0.0,2.0,1.0,5.0,32.0,40.0,134.0,135.0,221.0
26043.0,0.0,0.0,3.0,2.0,2.0,37.0,21.0,109.0,330.0,741.0
2070.0,0.0,0.0,0.0,0.0,0.0,1.0,4.0,4.0,52.0,19.0
45033.0,0.0,1.0,51.0,113.0,139.0,237.0,220.0,300.0,214.0,159.0
48127.0,0.0,0.0,1.0,0.0,12.0,108.0,59.0,77.0,37.0,19.0
38023.0,0.0,1.0,0.0,0.0,0.0,0.0,4.0,3.0,37.0,59.0
12029.0,0.0,0.0,7.0,44.0,17.0,184.0,467.0,116.0,52.0,46.0
31051.0,0.0,0.0,7.0,20.0,21.0,8.0,5.0,34.0,69.0,58.0
54017.0,0.0,0.0,0.0,0.0,0.0,4.0,2.0,21.0,45.0,14.0
13091.0,0.0,2.0,24.0,25.0,49.0,86.0,139.0,106.0,113.0,476.0
8033.0,0.0,0.0,0.0,0.0,0.0,1.0,1.0,1.0,0.0,0.0
48129.0,0.0,1.0,23.0,2.0,1.0,16.0,12.0,11.0,33.0,1.0
13093.0,0.0,6.0,123.0,50.0,31.0,29.0,47.0,54.0,36.0,76.0
55029.0,0.0,1.0,11.0,26.0,6.0,40.0,44.0,242.0,555.0,525.0
17041.0,0.0,3.0,11.0,14.0,24.0,51.0,119.0,96.0,469.0,309.0
29067.0,0.0,0.0,0.0,0.0,3.0,65.0,44.0,96.0,94.0,54.0
46043.0,0.0,0.0,1.0,2.0,1.0,12.0,11.0,60.0,70.0,89.0
5043.0,0.0,1.0,15.0,4.0,45.0,90.0,149.0,55.0,81.0,71.0
18037.0,0.0,3.0,20.0,176.0,60.0,346.0,234.0,182.0,458.0,565.0
49013.0,0.0,0.0,3.0,0.0,0.0,0.0,0.0,0.0,0.0,0.0
25007.0,0.0,0.0,0.0,0.0,42.0,0.0,0.0,0.0,0.0,0.0
31057.0,0.0,0.0,0.0,0.0,0.0,1.0,7.0,4.0,17.0,18.0
29069.0,0.0,6.0,15.0,17.0,54.0,147.0,252.0,309.0,330.0,333.0
38025.0,0.0,1.0,9.0,2.0,1.0,15.0,21.0,64.0,89.0,37.0
37061.0,0.0,1.0,91.0,739.0,637.0,445.0,170.0,320.0,444.0,190.0
48131.0,0.0,0.0,2.0,3.0,36.0,109.0,109.0,189.0,41.0,51.0
47045.0,0.0,3.0,31.0,16.0,164.0,301.0,449.0,466.0,641.0,709.0
8037.0,0.0,227.0,323.0,37.0,105.0,334.0,156.0,80.0,166.0,384.0
13099.0,0.0,28.0,185.0,25.0,22.0,82.0,72.0,88.0,48.0,82.0
22035.0,0.0,1.0,8.0,139.0,292.0,53.0,40.0,17.0,36.0,37.0
48133.0,0.0,4.0,-1.0,3.0,4.0,42.0,78.0,53.0,70.0,59.0
13101.0,0.0,0.0,5.0,112.0,67.0,36.0,15.0,6.0,5.0,17.0
35015.0,0.0,4.0,8.0,10.0,58.0,162.0,250.0,369.0,670.0,546.0
38027.0,0.0,0.0,1.0,3.0,1.0,8.0,19.0,56.0,128.0,91.0
17045.0,0.0,0.0,0.0,1.0,9.0,15.0,58.0,33.0,51.0,399.0
46045.0,0.0,0.0,0.0,1.0,6.0,6.0,18.0,67.0,52.0,53.0
17047.0,0.0,0.0,0.0,2.0,0.0,10.0,27.0,29.0,46.0,42.0
20047.0,0.0,0.0,3.0,2.0,1.0,4.0,15.0,28.0,29.0,33.0
48137.0,0.0,0.0,0.0,0.0,2.0,22.0,10.0,33.0,5.0,6.0
17049.0,0.0,0.0,5.0,2.0,5.0,71.0,452.0,348.0,402.0,690.0
13105.0,0.0,0.0,23.0,52.0,29.0,214.0,153.0,206.0,77.0,272.0
20049.0,0.0,0.0,1.0,-1.0,1.0,0.0,0.0,0.0,12.0,16.0
42047.0,0.0,0.0,3.0,3.0,9.0,28.0,21.0,9.0,104.0,144.0
32007.0,0.0,5.0,10.0,9.0,97.0,340.0,342.0,168.0,526.0,496.0
21063.0,0.0,0.0,0.0,1.0,2.0,4.0,18.0,17.0,297.0,110.0
20051.0,0.0,0.0,8.0,0.0,10.0,110.0,291.0,623.0,409.0,369.0
40045.0,0.0,0.0,0.0,0.0,1.0,2.0,3.0,5.0,18.0,40.0
20053.0,0.0,0.0,0.0,2.0,1.0,15.0,7.0,33.0,272.0,148.0
13107.0,0.0,1.0,20.0,6.0,89.0,275.0,367.0,306.0,145.0,182.0
49015.0,0.0,0.0,3.0,0.0,0.0,0.0,0.0,0.0,0.0,0.0
19063.0,0.0,0.0,0.0,15.0,60.0,103.0,43.0,58.0,185.0,152.0
26047.0,0.0,5.0,16.0,0.0,6.0,31.0,67.0,35.0,172.0,379.0
38029.0,0.0,0.0,1.0,3.0,0.0,11.0,12.0,159.0,85.0,48.0
51595.0,0.0,0.0,23.0,56.0,57.0,27.0,68.0,28.0,20.0,28.0
1053.0,0.0,1.0,27.0,35.0,195.0,685.0,271.0,406.0,146.0,103.0
32009.0,0.0,0.0,0.0,0.0,0.0,0.0,0.0,0.0,0.0,1.0
36031.0,0.0,5.0,23.0,9.0,5.0,13.0,74.0,40.0,34.0,26.0
50009.0,0.0,0.0,2.0,1.0,0.0,1.0,2.0,0.0,1.0,16.0
51057.0,0.0,0.0,7.0,41.0,10.0,17.0,53.0,52.0,21.0,12.0
21065.0,0.0,0.0,0.0,0.0,4.0,8.0,31.0,123.0,134.0,67.0
32011.0,0.0,0.0,0.0,0.0,1.0,1.0,4.0,4.0,3.0,8.0
22039.0,0.0,10.0,39.0,29.0,114.0,507.0,420.0,215.0,79.0,141.0
13109.0,0.0,0.0,4.0,1.0,18.0,179.0,163.0,65.0,41.0,62.0
46047.0,0.0,1.0,0.0,3.0,8.0,2.0,28.0,54.0,132.0,81.0
30025.0,0.0,0.0,0.0,0.0,0.0,2.0,0.0,6.0,77.0,71.0
13111.0,0.0,5.0,24.0,15.0,53.0,169.0,180.0,235.0,152.0,98.0
48147.0,0.0,1.0,17.0,23.0,47.0,126.0,371.0,110.0,94.0,107.0
27043.0,0.0,2.0,3.0,13.0,35.0,27.0,37.0,32.0,115.0,90.0
46049.0,0.0,1.0,0.0,0.0,22.0,3.0,6.0,42.0,146.0,38.0
1057.0,0.0,1.0,5.0,10.0,50.0,97.0,121.0,189.0,135.0,119.0
17051.0,0.0,1.0,15.0,5.0,2.0,30.0,116.0,268.0,215.0,442.0
19065.0,0.0,2.0,18.0,7.0,6.0,44.0,63.0,100.0,199.0,344.0
48149.0,0.0,2.0,13.0,19.0,52.0,281.0,95.0,147.0,47.0,119.0
47049.0,0.0,1.0,3.0,8.0,5.0,54.0,152.0,365.0,338.0,137.0
30027.0,0.0,0.0,1.0,-1.0,2.0,4.0,25.0,34.0,145.0,186.0
53019.0,0.0,1.0,0.0,0.0,0.0,11.0,13.0,5.0,5.0,7.0
31059.0,0.0,0.0,1.0,5.0,8.0,8.0,9.0,26.0,38.0,148.0
20055.0,0.0,1.0,403.0,1077.0,89.0,167.0,152.0,285.0,936.0,764.0
48151.0,0.0,0.0,0.0,2.0,3.0,19.0,34.0,8.0,51.0,21.0
30029.0,0.0,11.0,26.0,0.0,21.0,179.0,362.0,577.0,2316.0,1423.0
21069.0,0.0,0.0,2.0,1.0,17.0,33.0,18.0,14.0,62.0,94.0
55037.0,0.0,0.0,2.0,0.0,1.0,4.0,18.0,73.0,123.0,64.0
19067.0,0.0,0.0,0.0,19.0,46.0,44.0,106.0,142.0,123.0,255.0
21071.0,0.0,1.0,12.0,3.0,13.0,51.0,65.0,48.0,241.0,412.0
48153.0,0.0,0.0,3.0,8.0,17.0,55.0,17.0,11.0,10.0,52.0
48155.0,0.0,0.0,0.0,0.0,0.0,2.0,1.0,10.0,9.0,3.0
20057.0,0.0,1.0,674.0,1067.0,202.0,82.0,303.0,502.0,471.0,826.0
42053.0,0.0,0.0,7.0,0.0,0.0,2.0,5.0,1.0,4.0,5.0
55041.0,0.0,0.0,0.0,29.0,10.0,19.0,20.0,216.0,207.0,178.0
38031.0,0.0,1.0,0.0,0.0,1.0,10.0,20.0,34.0,136.0,92.0
18045.0,0.0,1.0,10.0,10.0,7.0,33.0,33.0,36.0,232.0,190.0
51620.0,0.0,1.0,19.0,22.0,9.0,68.0,179.0,124.0,85.0,18.0
1059.0,0.0,3.0,55.0,498.0,287.0,319.0,377.0,255.0,326.0,200.0
5047.0,0.0,0.0,2.0,2.0,17.0,83.0,62.0,127.0,276.0,88.0
12037.0,0.0,0.0,2.0,0.0,4.0,102.0,436.0,83.0,95.0,86.0
13119.0,0.0,4.0,14.0,28.0,147.0,157.0,204.0,204.0,197.0,134.0
17055.0,0.0,1.0,7.0,4.0,2.0,102.0,227.0,209.0,529.0,496.0
18047.0,0.0,35.0,62.0,13.0,14.0,67.0,83.0,41.0,51.0,158.0
19069.0,0.0,0.0,2.0,11.0,62.0,134.0,86.0,58.0,53.0,173.0
22041.0,0.0,5.0,120.0,207.0,135.0,318.0,301.0,129.0,133.0,119.0
23007.0,0.0,2.0,25.0,9.0,5.0,4.0,8.0,9.0,20.0,63.0
28037.0,0.0,3.0,13.0,13.0,9.0,73.0,64.0,24.0,57.0,19.0
31061.0,0.0,0.0,5.0,1.0,0.0,3.0,11.0,11.0,49.0,60.0
36033.0,0.0,6.0,9.0,7.0,8.0,20.0,8.0,8.0,20.0,98.0
48159.0,0.0,1.0,0.0,14.0,26.0,42.0,28.0,24.0,48.0,53.0
27047.0,0.0,0.0,34.0,83.0,164.0,72.0,48.0,147.0,194.0,253.0
48161.0,0.0,0.0,3.0,7.0,18.0,110.0,246.0,31.0,48.0,23.0
19071.0,0.0,0.0,0.0,4.0,3.0,25.0,27.0,66.0,94.0,75.0
56013.0,0.0,25.0,91.0,162.0,77.0,113.0,138.0,135.0,372.0,1171.0
48163.0,0.0,0.0,7.0,30.0,155.0,266.0,175.0,346.0,37.0,14.0
31063.0,0.0,0.0,1.0,0.0,0.0,2.0,3.0,2.0,35.0,29.0
5049.0,0.0,0.0,1.0,6.0,5.0,15.0,43.0,107.0,166.0,87.0
18049.0,0.0,1.0,26.0,22.0,17.0,68.0,71.0,42.0,182.0,224.0
21075.0,0.0,0.0,2.0,5.0,16.0,26.0,71.0,37.0,81.0,21.0
42057.0,0.0,0.0,5.0,10.0,3.0,4.0,12.0,18.0,42.0,57.0
31065.0,0.0,0.0,3.0,6.0,1.0,5.0,14.0,11.0,54.0,92.0
48165.0,0.0,1.0,1.0,5.0,9.0,103.0,128.0,96.0,238.0,171.0
51640.0,0.0,1.0,3.0,119.0,130.0,78.0,65.0,23.0,25.0,56.0
17059.0,0.0,0.0,2.0,0.0,0.0,40.0,21.0,12.0,31.0,55.0
30031.0,0.0,74.0,72.0,5.0,112.0,586.0,224.0,339.0,2033.0,1782.0
31069.0,0.0,0.0,0.0,0.0,4.0,0.0,3.0,3.0,38.0,16.0
8045.0,0.0,33.0,60.0,46.0,159.0,393.0,153.0,112.0,274.0,318.0
30033.0,0.0,0.0,0.0,0.0,0.0,12.0,1.0,5.0,11.0,15.0
31071.0,0.0,0.0,0.0,0.0,1.0,2.0,3.0,6.0,23.0,29.0
40047.0,0.0,2.0,15.0,10.0,40.0,263.0,650.0,759.0,782.0,439.0
49017.0,0.0,1.0,0.0,0.0,0.0,0.0,0.0,0.0,0.0,0.0
53023.0,0.0,0.0,0.0,0.0,0.0,2.0,2.0,8.0,4.0,33.0
21079.0,0.0,0.0,2.0,3.0,18.0,44.0,55.0,43.0,104.0,153.0
24023.0,0.0,3.0,1.0,6.0,1.0,34.0,18.0,11.0,76.0,124.0
40049.0,0.0,6.0,7.0,4.0,53.0,127.0,64.0,120.0,371.0,402.0
48169.0,0.0,0.0,1.0,4.0,7.0,84.0,6.0,3.0,21.0,30.0
29073.0,0.0,0.0,2.0,0.0,9.0,8.0,76.0,71.0,115.0,90.0
29075.0,0.0,0.0,1.0,30.0,26.0,22.0,14.0,32.0,49.0,59.0
28039.0,0.0,3.0,10.0,12.0,48.0,452.0,160.0,100.0,250.0,115.0
18051.0,0.0,4.0,3.0,10.0,24.0,153.0,123.0,243.0,449.0,383.0
47053.0,0.0,6.0,37.0,20.0,37.0,437.0,578.0,631.0,332.0,384.0
47055.0,0.0,3.0,5.0,4.0,38.0,271.0,121.0,212.0,332.0,255.0
48171.0,0.0,1.0,0.0,4.0,37.0,129.0,27.0,116.0,37.0,55.0
41021.0,0.0,0.0,0.0,0.0,0.0,4.0,0.0,4.0,9.0,1.0
13123.0,0.0,1.0,67.0,85.0,31.0,300.0,266.0,77.0,170.0,173.0
54021.0,0.0,0.0,2.0,8.0,3.0,3.0,2.0,30.0,17.0,109.0
30035.0,0.0,0.0,6.0,0.0,12.0,35.0,82.0,251.0,611.0,111.0
12043.0,0.0,3.0,3.0,24.0,145.0,214.0,67.0,86.0,49.0,42.0
26051.0,0.0,2.0,13.0,3.0,9.0,24.0,27.0,27.0,129.0,224.0
13125.0,0.0,0.0,0.0,1.0,6.0,14.0,12.0,6.0,12.0,21.0
48173.0,0.0,0.0,1.0,0.0,4.0,1.0,0.0,3.0,3.0,6.0
6021.0,0.0,2.0,3.0,11.0,87.0,222.0,128.0,143.0,89.0,85.0
26053.0,0.0,2.0,2.0,1.0,2.0,76.0,61.0,23.0,276.0,198.0
30037.0,0.0,0.0,3.0,0.0,0.0,0.0,0.0,2.0,11.0,4.0
38033.0,0.0,0.0,0.0,0.0,0.0,4.0,31.0,16.0,67.0,19.0
48177.0,0.0,0.0,20.0,109.0,131.0,353.0,200.0,245.0,75.0,38.0
16047.0,0.0,0.0,11.0,36.0,18.0,66.0,100.0,73.0,327.0,191.0
56015.0,0.0,1.0,3.0,1.0,0.0,9.0,47.0,45.0,73.0,174.0
31073.0,0.0,1.0,8.0,4.0,0.0,2.0,9.0,15.0,23.0,27.0
20063.0,0.0,1.0,0.0,0.0,0.0,2.0,8.0,65.0,86.0,85.0
13131.0,0.0,1.0,62.0,47.0,82.0,202.0,273.0,118.0,60.0,119.0
33009.0,0.0,34.0,16.0,26.0,9.0,18.0,11.0,30.0,101.0,140.0
4009.0,0.0,2.0,14.0,16.0,64.0,355.0,263.0,137.0,395.0,402.0
20065.0,0.0,0.0,0.0,0.0,0.0,16.0,9.0,12.0,20.0,42.0
37075.0,0.0,0.0,2.0,0.0,7.0,14.0,32.0,119.0,77.0,14.0
26055.0,0.0,7.0,12.0,8.0,21.0,143.0,162.0,143.0,363.0,407.0
8049.0,0.0,4.0,1.0,9.0,7.0,21.0,21.0,13.0,82.0,56.0
49019.0,0.0,1.0,0.0,0.0,0.0,0.0,0.0,0.0,0.0,0.0
30039.0,0.0,0.0,0.0,0.0,3.0,3.0,13.0,3.0,48.0,25.0
20067.0,0.0,0.0,4.0,14.0,29.0,45.0,67.0,144.0,167.0,141.0
27051.0,0.0,0.0,0.0,4.0,2.0,38.0,11.0,9.0,46.0,57.0
31075.0,0.0,0.0,0.0,0.0,0.0,0.0,0.0,1.0,4.0,5.0
35017.0,0.0,0.0,14.0,1.0,3.0,48.0,16.0,42.0,73.0,89.0
38037.0,0.0,1.0,0.0,1.0,1.0,1.0,5.0,20.0,54.0,33.0
40053.0,0.0,0.0,2.0,0.0,0.0,9.0,14.0,25.0,64.0,43.0
41023.0,0.0,1.0,0.0,0.0,0.0,1.0,6.0,2.0,2.0,54.0
46051.0,0.0,0.0,0.0,13.0,0.0,5.0,24.0,102.0,169.0,129.0
53025.0,0.0,63.0,96.0,45.0,307.0,675.0,1103.0,687.0,400.0,255.0
54023.0,0.0,0.0,1.0,11.0,4.0,51.0,74.0,20.0,38.0,30.0
21083.0,0.0,0.0,131.0,34.0,41.0,288.0,152.0,97.0,189.0,311.0
20069.0,0.0,0.0,4.0,18.0,7.0,42.0,35.0,30.0,75.0,90.0
21085.0,0.0,2.0,63.0,59.0,14.0,37.0,84.0,150.0,139.0,190.0
51077.0,0.0,0.0,2.0,36.0,46.0,44.0,66.0,128.0,72.0,50.0
20071.0,0.0,0.0,0.0,0.0,0.0,3.0,2.0,3.0,26.0,33.0
31077.0,0.0,0.0,2.0,0.0,1.0,5.0,4.0,20.0,16.0,21.0
55047.0,0.0,0.0,2.0,18.0,12.0,20.0,40.0,212.0,437.0,462.0
21087.0,0.0,0.0,1.0,0.0,3.0,25.0,129.0,118.0,43.0,75.0
54025.0,0.0,3.0,0.0,6.0,49.0,27.0,20.0,23.0,82.0,68.0
1063.0,0.0,3.0,52.0,39.0,70.0,75.0,39.0,28.0,45.0,23.0
13133.0,0.0,7.0,47.0,14.0,30.0,138.0,199.0,74.0,61.0,104.0
17061.0,0.0,0.0,3.0,2.0,4.0,8.0,98.0,120.0,94.0,238.0
18055.0,0.0,2.0,54.0,113.0,15.0,49.0,138.0,61.0,89.0,302.0
19073.0,0.0,0.0,5.0,8.0,15.0,10.0,15.0,56.0,99.0,179.0
28041.0,0.0,0.0,5.0,8.0,78.0,132.0,72.0,94.0,90.0,75.0
36039.0,0.0,10.0,121.0,107.0,22.0,29.0,18.0,18.0,176.0,82.0
37079.0,0.0,3.0,13.0,62.0,96.0,123.0,117.0,209.0,266.0,167.0
42059.0,0.0,9.0,17.0,1.0,14.0,66.0,33.0,50.0,27.0,204.0
4011.0,0.0,1.0,1.0,4.0,12.0,37.0,3.0,1.0,43.0,26.0
51081.0,0.0,3.0,36.0,34.0,286.0,58.0,292.0,86.0,92.0,32.0
20073.0,0.0,0.0,3.0,6.0,2.0,4.0,10.0,24.0,36.0,76.0
40055.0,0.0,0.0,65.0,1.0,0.0,14.0,8.0,21.0,49.0,37.0
46053.0,0.0,0.0,0.0,1.0,2.0,4.0,15.0,114.0,112.0,108.0
28043.0,0.0,3.0,25.0,66.0,273.0,429.0,151.0,154.0,125.0,72.0
38039.0,0.0,0.0,0.0,1.0,1.0,23.0,13.0,22.0,45.0,71.0
48185.0,0.0,3.0,16.0,196.0,298.0,325.0,145.0,107.0,103.0,69.0
29079.0,0.0,0.0,0.0,0.0,18.0,6.0,25.0,146.0,87.0,123.0
47061.0,0.0,4.0,24.0,3.0,27.0,39.0,52.0,177.0,252.0,104.0
35019.0,0.0,0.0,14.0,6.0,0.0,11.0,1.0,2.0,7.0,11.0
8051.0,0.0,82.0,84.0,11.0,10.0,59.0,45.0,6.0,7.0,100.0
46055.0,0.0,0.0,0.0,0.0,0.0,1.0,5.0,21.0,75.0,16.0
2100.0,0.0,0.0,0.0,0.0,2.0,2.0,1.0,0.0,8.0,3.0
51083.0,0.0,1.0,17.0,12.0,23.0,77.0,80.0,151.0,189.0,150.0
48191.0,0.0,0.0,0.0,2.0,0.0,6.0,8.0,18.0,10.0,15.0
12047.0,0.0,0.0,6.0,227.0,101.0,236.0,129.0,160.0,42.0,35.0
17065.0,0.0,0.0,2.0,0.0,3.0,14.0,26.0,29.0,69.0,85.0
19079.0,0.0,0.0,7.0,30.0,148.0,52.0,43.0,57.0,164.0,254.0
20075.0,0.0,0.0,2.0,15.0,12.0,8.0,5.0,2.0,16.0,25.0
36041.0,0.0,2.0,1.0,2.0,1.0,1.0,7.0,1.0,3.0,7.0
48193.0,0.0,0.0,5.0,3.0,12.0,35.0,46.0,44.0,61.0,47.0
46057.0,0.0,1.0,1.0,2.0,7.0,3.0,43.0,44.0,65.0,143.0
45049.0,0.0,0.0,23.0,14.0,34.0,249.0,224.0,121.0,105.0,41.0
13141.0,0.0,0.0,45.0,150.0,17.0,68.0,79.0,35.0,20.0,27.0
17067.0,0.0,0.0,6.0,11.0,1.0,10.0,110.0,90.0,60.0,438.0
19081.0,0.0,3.0,0.0,13.0,31.0,67.0,43.0,46.0,109.0,324.0
23009.0,0.0,0.0,10.0,1.0,5.0,11.0,18.0,9.0,19.0,92.0
47067.0,0.0,0.0,0.0,1.0,2.0,68.0,21.0,17.0,19.0,1.0
46059.0,0.0,0.0,1.0,1.0,5.0,0.0,8.0,32.0,72.0,95.0
48195.0,0.0,0.0,6.0,13.0,9.0,31.0,43.0,23.0,74.0,21.0
46061.0,0.0,0.0,0.0,0.0,7.0,13.0,3.0,19.0,65.0,74.0
47069.0,0.0,1.0,13.0,182.0,103.0,461.0,478.0,351.0,320.0,191.0
48197.0,0.0,0.0,0.0,1.0,4.0,10.0,7.0,8.0,33.0,10.0
17069.0,0.0,0.0,1.0,0.0,0.0,15.0,2.0,21.0,16.0,34.0
19083.0,0.0,1.0,7.0,9.0,46.0,98.0,69.0,81.0,172.0,402.0
39065.0,0.0,0.0,25.0,36.0,50.0,38.0,71.0,37.0,100.0,279.0
47071.0,0.0,1.0,4.0,10.0,78.0,293.0,314.0,377.0,374.0,123.0
35021.0,0.0,0.0,1.0,0.0,0.0,0.0,1.0,0.0,-1.0,3.0
46063.0,0.0,0.0,0.0,0.0,0.0,0.0,2.0,2.0,53.0,8.0
54031.0,0.0,1.0,4.0,34.0,5.0,10.0,19.0,18.0,17.0,32.0
21095.0,0.0,0.0,0.0,1.0,22.0,170.0,106.0,129.0,193.0,121.0
31083.0,0.0,0.0,0.0,0.0,1.0,0.0,5.0,18.0,41.0,37.0
40057.0,0.0,0.0,0.0,0.0,1.0,21.0,17.0,7.0,30.0,15.0
41025.0,0.0,0.0,1.0,0.0,0.0,7.0,4.0,0.0,27.0,21.0
20077.0,0.0,0.0,1.0,1.0,0.0,6.0,104.0,8.0,22.0,83.0
40059.0,0.0,0.0,1.0,0.0,0.0,4.0,12.0,12.0,45.0,33.0
21097.0,0.0,11.0,6.0,1.0,52.0,43.0,38.0,32.0,76.0,59.0
29081.0,0.0,1.0,5.0,3.0,4.0,46.0,14.0,42.0,64.0,124.0
39067.0,0.0,0.0,4.0,6.0,2.0,7.0,10.0,38.0,26.0,49.0
54033.0,0.0,11.0,19.0,11.0,20.0,118.0,86.0,127.0,288.0,173.0
13147.0,0.0,4.0,6.0,20.0,29.0,196.0,157.0,109.0,79.0,113.0
21099.0,0.0,0.0,3.0,19.0,18.0,36.0,54.0,52.0,122.0,315.0
48205.0,0.0,0.0,4.0,7.0,15.0,56.0,19.0,34.0,36.0,26.0
20081.0,0.0,0.0,7.0,14.0,2.0,21.0,3.0,56.0,0.0,107.0
40061.0,0.0,0.0,4.0,2.0,4.0,25.0,129.0,121.0,115.0,135.0
48207.0,0.0,0.0,0.0,3.0,2.0,29.0,20.0,15.0,17.0,6.0
15001.0,0.0,15.0,58.0,8.0,6.0,28.0,249.0,366.0,361.0,390.0
31085.0,0.0,0.0,0.0,0.0,0.0,0.0,0.0,0.0,25.0,7.0
47075.0,0.0,2.0,18.0,11.0,40.0,292.0,381.0,262.0,299.0,169.0
48211.0,0.0,0.0,1.0,0.0,6.0,34.0,14.0,19.0,71.0,67.0
5057.0,0.0,1.0,5.0,12.0,32.0,150.0,130.0,52.0,202.0,135.0
17071.0,0.0,0.0,4.0,4.0,0.0,1.0,36.0,26.0,44.0,96.0
47077.0,0.0,0.0,7.0,8.0,17.0,388.0,458.0,317.0,259.0,115.0
19087.0,0.0,3.0,29.0,39.0,11.0,27.0,175.0,493.0,389.0,346.0
29083.0,0.0,1.0,7.0,4.0,7.0,50.0,46.0,90.0,231.0,355.0
39069.0,0.0,0.0,5.0,10.0,14.0,72.0,115.0,126.0,232.0,200.0
47079.0,0.0,1.0,12.0,17.0,12.0,135.0,283.0,180.0,169.0,269.0
37091.0,0.0,4.0,33.0,83.0,42.0,111.0,276.0,216.0,95.0,49.0
38041.0,0.0,0.0,0.0,0.0,1.0,5.0,18.0,41.0,74.0,38.0
21105.0,0.0,0.0,1.0,4.0,0.0,28.0,33.0,12.0,26.0,24.0
29085.0,0.0,0.0,0.0,0.0,0.0,16.0,48.0,45.0,145.0,73.0
35023.0,0.0,0.0,0.0,1.0,48.0,36.0,13.0,3.0,16.0,26.0
39071.0,0.0,1.0,10.0,14.0,17.0,76.0,72.0,44.0,335.0,218.0
51091.0,0.0,0.0,2.0,1.0,0.0,0.0,3.0,1.0,3.0,4.0
30041.0,0.0,1.0,0.0,0.0,0.0,39.0,42.0,103.0,594.0,350.0
48217.0,0.0,1.0,15.0,8.0,42.0,240.0,63.0,323.0,70.0,246.0
8053.0,0.0,1.0,2.0,0.0,0.0,0.0,0.0,0.0,1.0,1.0
31087.0,0.0,0.0,1.0,0.0,0.0,0.0,1.0,4.0,36.0,23.0
20083.0,0.0,0.0,0.0,5.0,4.0,2.0,2.0,13.0,10.0,69.0
12059.0,0.0,1.0,9.0,9.0,158.0,245.0,200.0,134.0,133.0,139.0
28051.0,0.0,15.0,118.0,296.0,91.0,305.0,216.0,59.0,55.0,38.0
39075.0,0.0,1.0,5.0,33.0,163.0,116.0,32.0,54.0,516.0,307.0
29087.0,0.0,0.0,1.0,1.0,-1.0,5.0,56.0,17.0,37.0,51.0
31089.0,0.0,0.0,0.0,1.0,2.0,4.0,13.0,73.0,235.0,89.0
31091.0,0.0,0.0,0.0,0.0,0.0,4.0,0.0,9.0,12.0,5.0
21107.0,0.0,17.0,179.0,25.0,33.0,142.0,118.0,132.0,441.0,338.0
56017.0,0.0,0.0,3.0,9.0,0.0,6.0,11.0,9.0,17.0,17.0
26061.0,0.0,1.0,1.0,4.0,5.0,36.0,27.0,488.0,415.0,288.0
47083.0,0.0,1.0,4.0,3.0,4.0,42.0,39.0,150.0,149.0,131.0
48225.0,0.0,0.0,5.0,109.0,46.0,81.0,100.0,33.0,50.0,23.0
5061.0,0.0,1.0,12.0,8.0,68.0,202.0,134.0,60.0,132.0,98.0
19089.0,0.0,0.0,10.0,2.0,10.0,25.0,86.0,60.0,97.0,108.0
29089.0,0.0,0.0,2.0,1.0,2.0,38.0,75.0,58.0,89.0,122.0
29091.0,0.0,0.0,5.0,2.0,29.0,91.0,137.0,370.0,539.0,265.0
27057.0,0.0,0.0,0.0,2.0,3.0,22.0,18.0,81.0,374.0,254.0
48229.0,0.0,0.0,0.0,2.0,13.0,4.0,19.0,14.0,62.0,19.0
8055.0,0.0,1.0,1.0,1.0,1.0,2.0,3.0,15.0,11.0,41.0
40063.0,0.0,0.0,0.0,1.0,9.0,90.0,115.0,83.0,122.0,74.0
46065.0,0.0,1.0,7.0,11.0,36.0,28.0,50.0,326.0,429.0,388.0
6023.0,1.0,20.0,33.0,47.0,32.0,100.0,155.0,124.0,59.0,87.0
19091.0,0.0,0.0,4.0,14.0,30.0,39.0,66.0,43.0,196.0,175.0
32013.0,0.0,3.0,38.0,37.0,5.0,13.0,15.0,18.0,49.0,36.0
28053.0,0.0,3.0,20.0,37.0,60.0,142.0,74.0,41.0,72.0,50.0
47085.0,0.0,2.0,8.0,3.0,9.0,77.0,69.0,100.0,203.0,107.0
26063.0,0.0,3.0,14.0,31.0,17.0,81.0,55.0,26.0,59.0,174.0
46067.0,0.0,2.0,1.0,2.0,7.0,14.0,15.0,64.0,140.0,163.0
37095.0,0.0,0.0,1.0,0.0,10.0,26.0,59.0,30.0,49.0,4.0
46069.0,0.0,0.0,1.0,0.0,2.0,0.0,4.0,13.0,28.0,32.0
19093.0,0.0,0.0,0.0,14.0,8.0,7.0,14.0,92.0,110.0,146.0
16049.0,0.0,1.0,2.0,0.0,1.0,25.0,13.0,168.0,170.0,141.0
5063.0,0.0,3.0,6.0,22.0,24.0,276.0,434.0,383.0,345.0,350.0
6027.0,0.0,8.0,11.0,1.0,11.0,19.0,129.0,9.0,53.0,21.0
26069.0,0.0,1.0,51.0,42.0,19.0,16.0,14.0,85.0,86.0,163.0
19095.0,0.0,4.0,15.0,14.0,14.0,40.0,28.0,114.0,246.0,258.0
48235.0,0.0,0.0,0.0,0.0,2.0,6.0,2.0,0.0,4.0,1.0
26071.0,0.0,0.0,0.0,0.0,5.0,12.0,18.0,168.0,272.0,118.0
29093.0,0.0,0.0,2.0,0.0,1.0,9.0,37.0,7.0,42.0,68.0
55051.0,0.0,1.0,1.0,0.0,4.0,65.0,51.0,20.0,28.0,176.0
17075.0,0.0,2.0,25.0,105.0,25.0,83.0,58.0,70.0,171.0,623.0
13155.0,0.0,3.0,12.0,13.0,36.0,88.0,69.0,84.0,55.0,43.0
28055.0,0.0,0.0,0.0,0.0,6.0,14.0,77.0,9.0,1.0,1.0
27061.0,0.0,1.0,4.0,49.0,11.0,60.0,73.0,158.0,479.0,456.0
28057.0,0.0,3.0,54.0,30.0,35.0,175.0,260.0,302.0,300.0,188.0
5065.0,0.0,0.0,5.0,11.0,4.0,23.0,59.0,151.0,368.0,263.0
48237.0,0.0,0.0,4.0,0.0,5.0,30.0,82.0,19.0,15.0,41.0
5067.0,0.0,0.0,1.0,2.0,24.0,30.0,126.0,176.0,540.0,360.0
8057.0,0.0,0.0,0.0,0.0,2.0,6.0,1.0,0.0,0.0,3.0
12063.0,0.0,2.0,12.0,237.0,112.0,1203.0,770.0,497.0,314.0,361.0
19097.0,0.0,1.0,4.0,7.0,12.0,108.0,79.0,157.0,380.0,453.0
21109.0,0.0,0.0,59.0,2.0,47.0,32.0,86.0,148.0,112.0,81.0
22049.0,0.0,3.0,31.0,72.0,105.0,138.0,128.0,185.0,167.0,110.0
27063.0,0.0,1.0,13.0,25.0,15.0,14.0,28.0,58.0,63.0,97.0
39079.0,0.0,0.0,4.0,10.0,3.0,47.0,106.0,105.0,262.0,197.0
40065.0,0.0,1.0,14.0,12.0,11.0,430.0,128.0,197.0,376.0,306.0
46071.0,0.0,0.0,0.0,4.0,2.0,2.0,4.0,24.0,99.0,43.0
48239.0,0.0,1.0,5.0,12.0,23.0,278.0,182.0,106.0,43.0,69.0
54035.0,0.0,9.0,121.0,7.0,6.0,14.0,45.0,69.0,139.0,95.0
55053.0,0.0,2.0,10.0,5.0,10.0,19.0,30.0,80.0,435.0,599.0
17079.0,0.0,0.0,44.0,1.0,1.0,4.0,79.0,83.0,45.0,215.0
28061.0,0.0,0.0,42.0,121.0,82.0,123.0,113.0,103.0,90.0,77.0
48241.0,0.0,1.0,21.0,7.0,22.0,235.0,107.0,87.0,31.0,13.0
18075.0,0.0,0.0,15.0,37.0,15.0,13.0,49.0,64.0,220.0,289.0
13161.0,0.0,0.0,17.0,20.0,73.0,239.0,292.0,83.0,85.0,126.0
48243.0,0.0,0.0,0.0,0.0,4.0,4.0,0.0,6.0,9.0,3.0
22053.0,0.0,5.0,57.0,14.0,273.0,595.0,216.0,89.0,74.0,130.0
28065.0,0.0,0.0,32.0,45.0,26.0,88.0,112.0,44.0,53.0,86.0
13163.0,0.0,2.0,12.0,29.0,55.0,319.0,244.0,143.0,54.0,91.0
17081.0,0.0,0.0,83.0,18.0,6.0,69.0,281.0,184.0,252.0,477.0
19101.0,0.0,0.0,6.0,21.0,26.0,22.0,43.0,23.0,133.0,212.0
28063.0,0.0,1.0,17.0,24.0,42.0,104.0,33.0,22.0,44.0,11.0
30043.0,0.0,2.0,0.0,1.0,1.0,18.0,17.0,44.0,82.0,131.0
31095.0,0.0,0.0,4.0,2.0,3.0,5.0,5.0,13.0,53.0,147.0
40067.0,0.0,0.0,2.0,1.0,5.0,21.0,7.0,7.0,46.0,31.0
41031.0,0.0,0.0,10.0,23.0,79.0,187.0,158.0,88.0,66.0,63.0
42065.0,0.0,0.0,4.0,5.0,13.0,35.0,40.0,15.0,36.0,231.0
53031.0,0.0,16.0,12.0,2.0,8.0,13.0,19.0,1.0,17.0,24.0
13165.0,0.0,1.0,15.0,3.0,85.0,121.0,89.0,115.0,43.0,21.0
46073.0,0.0,0.0,6.0,29.0,4.0,0.0,1.0,56.0,71.0,30.0
16053.0,0.0,2.0,49.0,118.0,70.0,175.0,187.0,182.0,406.0,412.0
20089.0,0.0,0.0,4.0,0.0,0.0,5.0,5.0,3.0,12.0,9.0
48247.0,0.0,0.0,3.0,1.0,11.0,37.0,27.0,32.0,72.0,11.0
17085.0,0.0,1.0,12.0,19.0,10.0,68.0,66.0,99.0,281.0,301.0
5071.0,0.0,1.0,30.0,12.0,184.0,385.0,153.0,94.0,196.0,80.0
13167.0,0.0,1.0,48.0,33.0,8.0,125.0,121.0,79.0,26.0,62.0
17087.0,0.0,0.0,4.0,4.0,12.0,33.0,63.0,47.0,164.0,229.0
21115.0,0.0,0.0,3.0,2.0,5.0,22.0,89.0,40.0,153.0,266.0
31097.0,0.0,0.0,4.0,2.0,1.0,4.0,12.0,42.0,32.0,142.0
47091.0,0.0,2.0,1.0,13.0,20.0,80.0,291.0,345.0,468.0,91.0
56019.0,0.0,7.0,8.0,3.0,2.0,2.0,5.0,13.0,65.0,73.0
40069.0,0.0,0.0,3.0,0.0,9.0,27.0,49.0,101.0,97.0,128.0
46075.0,0.0,0.0,0.0,0.0,0.0,2.0,1.0,11.0,18.0,14.0
30045.0,0.0,0.0,0.0,0.0,0.0,3.0,3.0,2.0,7.0,19.0
2110.0,0.0,5.0,22.0,6.0,11.0,43.0,88.0,119.0,286.0,151.0
55057.0,0.0,3.0,14.0,6.0,13.0,83.0,80.0,212.0,282.0,854.0
42067.0,0.0,3.0,80.0,12.0,16.0,14.0,25.0,43.0,38.0,173.0
26079.0,0.0,7.0,10.0,2.0,14.0,15.0,17.0,23.0,57.0,92.0
27065.0,0.0,0.0,0.0,11.0,3.0,9.0,42.0,66.0,94.0,155.0
49025.0,0.0,0.0,3.0,0.0,0.0,0.0,0.0,0.0,0.0,0.0
48255.0,0.0,2.0,1.0,1.0,25.0,237.0,474.0,200.0,20.0,7.0
15007.0,0.0,12.0,9.0,-1.0,18.0,9.0,10.0,2.0,5.0,17.0
40071.0,0.0,24.0,23.0,6.0,44.0,110.0,102.0,328.0,270.0,307.0
31099.0,0.0,1.0,3.0,7.0,2.0,15.0,83.0,38.0,109.0,86.0
20093.0,0.0,0.0,16.0,29.0,3.0,9.0,14.0,26.0,62.0,61.0
31101.0,0.0,0.0,0.0,2.0,2.0,14.0,28.0,19.0,54.0,96.0
28069.0,0.0,1.0,56.0,87.0,30.0,49.0,47.0,21.0,45.0,4.0
2122.0,0.0,7.0,12.0,26.0,101.0,147.0,117.0,44.0,488.0,752.0
48261.0,0.0,0.0,0.0,0.0,0.0,5.0,2.0,0.0,4.0,0.0
24029.0,0.0,3.0,76.0,94.0,25.0,34.0,31.0,42.0,41.0,24.0
48263.0,0.0,0.0,0.0,0.0,0.0,2.0,5.0,2.0,3.0,7.0
19107.0,0.0,2.0,0.0,13.0,4.0,9.0,35.0,57.0,87.0,217.0
2130.0,0.0,13.0,3.0,0.0,5.0,13.0,12.0,4.0,36.0,79.0
26083.0,0.0,0.0,0.0,0.0,1.0,2.0,-1.0,9.0,12.0,15.0
31103.0,0.0,0.0,0.0,0.0,0.0,0.0,1.0,4.0,4.0,8.0
38043.0,0.0,0.0,0.0,0.0,2.0,9.0,23.0,22.0,53.0,40.0
31105.0,0.0,0.0,9.0,-1.0,2.0,5.0,0.0,2.0,48.0,44.0
48267.0,0.0,0.0,0.0,1.0,4.0,8.0,3.0,0.0,15.0,16.0
51099.0,0.0,3.0,29.0,36.0,29.0,25.0,79.0,31.0,57.0,38.0
48269.0,0.0,0.0,0.0,0.0,0.0,0.0,0.0,0.0,1.0,0.0
51097.0,0.0,1.0,1.0,11.0,10.0,12.0,14.0,24.0,12.0,13.0
40073.0,0.0,0.0,8.0,3.0,15.0,75.0,161.0,105.0,222.0,103.0
46077.0,0.0,1.0,-1.0,1.0,5.0,6.0,11.0,36.0,151.0,123.0
48271.0,0.0,0.0,0.0,1.0,1.0,15.0,5.0,22.0,35.0,4.0
8061.0,0.0,0.0,0.0,0.0,0.0,0.0,0.0,1.0,5.0,8.0
20097.0,0.0,0.0,1.0,1.0,2.0,2.0,2.0,20.0,41.0,31.0
40075.0,0.0,0.0,5.0,1.0,4.0,14.0,20.0,34.0,100.0,70.0
8063.0,0.0,2.0,19.0,5.0,6.0,10.0,32.0,6.0,59.0,95.0
27069.0,0.0,0.0,1.0,0.0,1.0,1.0,4.0,5.0,37.0,69.0
41035.0,0.0,5.0,33.0,6.0,75.0,75.0,41.0,55.0,143.0,90.0
53039.0,0.0,9.0,8.0,8.0,34.0,41.0,76.0,17.0,20.0,21.0
21119.0,0.0,0.0,4.0,0.0,3.0,31.0,51.0,125.0,89.0,151.0
18083.0,0.0,2.0,18.0,8.0,34.0,63.0,220.0,199.0,396.0,457.0
21121.0,0.0,0.0,6.0,2.0,58.0,128.0,163.0,158.0,292.0,224.0
23013.0,0.0,5.0,11.0,4.0,4.0,2.0,3.0,12.0,52.0,67.0
29103.0,0.0,0.0,0.0,0.0,2.0,7.0,29.0,12.0,16.0,36.0
31107.0,0.0,2.0,0.0,8.0,11.0,9.0,36.0,115.0,79.0,95.0
48275.0,0.0,0.0,1.0,0.0,2.0,41.0,23.0,28.0,18.0,3.0
2150.0,0.0,0.0,1.0,0.0,2.0,3.0,8.0,10.0,74.0,59.0
27071.0,0.0,0.0,1.0,7.0,5.0,55.0,20.0,35.0,60.0,73.0
19109.0,0.0,1.0,1.0,7.0,23.0,44.0,46.0,168.0,220.0,255.0
18087.0,0.0,2.0,23.0,56.0,375.0,80.0,64.0,51.0,223.0,318.0
38045.0,0.0,0.0,0.0,0.0,13.0,1.0,6.0,48.0,147.0,66.0
4012.0,0.0,2.0,12.0,64.0,264.0,127.0,29.0,46.0,83.0,49.0
22059.0,0.0,2.0,21.0,28.0,46.0,122.0,162.0,44.0,74.0,74.0
48283.0,0.0,0.0,1.0,3.0,9.0,344.0,8.0,-8.0,12.0,10.0
20099.0,0.0,1.0,21.0,0.0,37.0,48.0,76.0,60.0,169.0,203.0
27073.0,0.0,1.0,0.0,2.0,1.0,2.0,9.0,57.0,54.0,102.0
5073.0,0.0,0.0,7.0,2.0,9.0,30.0,20.0,49.0,75.0,37.0
12067.0,0.0,0.0,1.0,7.0,24.0,70.0,1102.0,29.0,45.0,9.0
55065.0,0.0,0.0,4.0,23.0,47.0,29.0,82.0,124.0,280.0,293.0
8065.0,0.0,1.0,17.0,13.0,20.0,19.0,10.0,18.0,45.0,41.0
26085.0,0.0,0.0,2.0,4.0,2.0,8.0,13.0,6.0,20.0,71.0
27075.0,0.0,0.0,0.0,1.0,6.0,8.0,19.0,27.0,79.0,76.0
30047.0,0.0,3.0,2.0,0.0,12.0,148.0,37.0,82.0,304.0,195.0
41037.0,0.0,0.0,0.0,2.0,15.0,15.0,-2.0,4.0,13.0,13.0
46079.0,0.0,0.0,4.0,4.0,13.0,57.0,39.0,84.0,222.0,250.0
47095.0,0.0,0.0,55.0,359.0,276.0,46.0,101.0,91.0,48.0,117.0
2164.0,0.0,121.0,234.0,16.0,0.0,0.0,0.0,0.0,0.0,0.0
27077.0,0.0,0.0,0.0,0.0,0.0,1.0,6.0,17.0,25.0,21.0
1075.0,0.0,1.0,10.0,15.0,45.0,120.0,82.0,109.0,148.0,51.0
48277.0,0.0,3.0,48.0,94.0,138.0,322.0,186.0,429.0,654.0,385.0
48279.0,0.0,1.0,2.0,13.0,21.0,165.0,76.0,59.0,201.0,235.0
50015.0,0.0,13.0,13.0,3.0,1.0,12.0,3.0,14.0,4.0,31.0
51103.0,0.0,1.0,1.0,8.0,1.0,18.0,42.0,80.0,47.0,16.0
32015.0,0.0,0.0,7.0,13.0,15.0,14.0,10.0,15.0,36.0,25.0
20101.0,0.0,0.0,0.0,3.0,2.0,0.0,2.0,7.0,13.0,22.0
55067.0,0.0,0.0,0.0,3.0,5.0,35.0,40.0,138.0,844.0,319.0
8071.0,0.0,0.0,3.0,2.0,4.0,6.0,5.0,5.0,60.0,29.0
6035.0,0.0,0.0,0.0,5.0,224.0,402.0,85.0,25.0,36.0,284.0
40077.0,0.0,1.0,4.0,0.0,6.0,53.0,49.0,26.0,50.0,81.0
28075.0,0.0,35.0,314.0,389.0,141.0,437.0,440.0,322.0,320.0,619.0
47097.0,0.0,0.0,21.0,35.0,63.0,292.0,314.0,292.0,328.0,491.0
21125.0,0.0,2.0,15.0,4.0,81.0,265.0,198.0,382.0,360.0,687.0
13175.0,0.0,13.0,47.0,46.0,61.0,539.0,636.0,319.0,370.0,459.0
48285.0,0.0,1.0,5.0,6.0,119.0,462.0,89.0,306.0,153.0,141.0
5075.0,0.0,1.0,58.0,25.0,15.0,80.0,70.0,212.0,412.0,142.0
17101.0,0.0,0.0,3.0,1.0,3.0,33.0,97.0,126.0,99.0,215.0
21127.0,0.0,1.0,0.0,1.0,6.0,24.0,11.0,14.0,74.0,133.0
28077.0,0.0,5.0,40.0,57.0,52.0,146.0,102.0,37.0,65.0,129.0
29109.0,0.0,0.0,0.0,8.0,22.0,152.0,172.0,281.0,542.0,408.0
35025.0,0.0,2.0,8.0,16.0,106.0,473.0,526.0,317.0,760.0,728.0
28079.0,0.0,5.0,199.0,223.0,120.0,208.0,123.0,87.0,193.0,52.0
5077.0,0.0,0.0,3.0,17.0,631.0,231.0,121.0,62.0,48.0,23.0
19111.0,0.0,0.0,8.0,19.0,21.0,41.0,333.0,244.0,401.0,539.0
21129.0,0.0,0.0,0.0,1.0,0.0,2.0,9.0,5.0,169.0,155.0
28081.0,0.0,24.0,45.0,84.0,324.0,685.0,1015.0,758.0,799.0,635.0
45061.0,0.0,5.0,58.0,155.0,71.0,198.0,163.0,68.0,68.0,46.0
48287.0,0.0,0.0,2.0,22.0,35.0,92.0,45.0,32.0,17.0,17.0
51105.0,0.0,2.0,7.0,0.0,2.0,80.0,110.0,79.0,256.0,187.0
26089.0,0.0,1.0,8.0,2.0,6.0,47.0,27.0,24.0,36.0,90.0
28083.0,0.0,19.0,129.0,116.0,205.0,345.0,421.0,203.0,323.0,93.0
16059.0,0.0,0.0,1.0,0.0,1.0,10.0,58.0,37.0,177.0,101.0
48289.0,0.0,1.0,4.0,5.0,17.0,110.0,51.0,61.0,123.0,53.0
21131.0,0.0,0.0,4.0,2.0,2.0,17.0,15.0,38.0,43.0,44.0
21133.0,0.0,0.0,2.0,2.0,10.0,32.0,27.0,94.0,146.0,90.0
12075.0,0.0,2.0,17.0,13.0,142.0,401.0,336.0,133.0,107.0,92.0
16061.0,0.0,0.0,0.0,0.0,0.0,1.0,-1.0,35.0,50.0,60.0
21135.0,0.0,1.0,2.0,4.0,16.0,10.0,130.0,59.0,65.0,124.0
29111.0,0.0,0.0,6.0,1.0,0.0,20.0,33.0,32.0,128.0,100.0
36049.0,0.0,2.0,7.0,11.0,10.0,4.0,15.0,1.0,96.0,88.0
47101.0,0.0,2.0,0.0,1.0,3.0,41.0,85.0,79.0,147.0,282.0
54041.0,0.0,0.0,4.0,5.0,10.0,7.0,6.0,6.0,44.0,110.0
30049.0,0.0,12.0,4.0,0.0,10.0,96.0,74.0,117.0,768.0,654.0
51678.0,0.0,0.0,3.0,4.0,3.0,18.0,15.0,63.0,147.0,34.0
12077.0,0.0,0.0,3.0,210.0,9.0,148.0,63.0,84.0,22.0,14.0
30051.0,0.0,0.0,1.0,0.0,0.0,0.0,5.0,14.0,8.0,15.0
48293.0,0.0,2.0,11.0,11.0,25.0,150.0,256.0,120.0,109.0,22.0
8073.0,0.0,1.0,2.0,0.0,1.0,2.0,2.0,3.0,14.0,59.0
16063.0,0.0,2.0,25.0,6.0,3.0,14.0,17.0,27.0,143.0,63.0
20105.0,0.0,0.0,0.0,0.0,1.0,5.0,1.0,6.0,10.0,10.0
21137.0,0.0,0.0,5.0,3.0,20.0,68.0,43.0,71.0,144.0,103.0
23015.0,0.0,8.0,5.0,7.0,3.0,10.0,3.0,11.0,18.0,38.0
27081.0,0.0,1.0,2.0,2.0,3.0,45.0,16.0,49.0,85.0,53.0
30053.0,0.0,5.0,2.0,0.0,1.0,60.0,21.0,39.0,130.0,207.0
31111.0,0.0,5.0,20.0,23.0,9.0,38.0,175.0,169.0,560.0,726.0
32017.0,0.0,0.0,0.0,2.0,0.0,1.0,3.0,1.0,41.0,65.0
35027.0,0.0,0.0,2.0,0.0,9.0,86.0,72.0,46.0,158.0,137.0
41041.0,0.0,2.0,3.0,7.0,300.0,79.0,75.0,15.0,28.0,33.0
47103.0,0.0,1.0,12.0,12.0,31.0,178.0,178.0,234.0,184.0,342.0
53043.0,0.0,1.0,1.0,0.0,2.0,6.0,21.0,19.0,19.0,31.0
56023.0,0.0,0.0,9.0,6.0,8.0,66.0,23.0,96.0,106.0,165.0
29115.0,0.0,0.0,5.0,4.0,6.0,15.0,17.0,38.0,68.0,58.0
48295.0,0.0,0.0,2.0,0.0,7.0,6.0,10.0,7.0,37.0,25.0
48297.0,0.0,1.0,4.0,4.0,22.0,176.0,123.0,44.0,18.0,9.0
21139.0,0.0,0.0,4.0,5.0,1.0,22.0,15.0,40.0,47.0,68.0
29117.0,0.0,1.0,1.0,1.0,8.0,40.0,23.0,334.0,172.0,93.0
48299.0,0.0,3.0,0.0,0.0,7.0,76.0,15.0,31.0,48.0,63.0
5083.0,0.0,0.0,3.0,3.0,40.0,93.0,226.0,56.0,190.0,119.0
8075.0,0.0,6.0,276.0,332.0,23.0,10.0,41.0,194.0,424.0,400.0
20109.0,0.0,0.0,0.0,0.0,1.0,1.0,0.0,27.0,39.0,113.0
21141.0,0.0,3.0,7.0,135.0,72.0,80.0,123.0,145.0,221.0,180.0
31113.0,0.0,0.0,0.0,0.0,0.0,0.0,3.0,4.0,3.0,11.0
38047.0,0.0,0.0,0.0,0.0,0.0,4.0,7.0,58.0,61.0,14.0
19115.0,0.0,0.0,269.0,75.0,16.0,18.0,18.0,43.0,118.0,150.0
51109.0,0.0,9.0,34.0,36.0,39.0,47.0,85.0,44.0,101.0,44.0
31115.0,0.0,0.0,0.0,0.0,0.0,0.0,2.0,1.0,5.0,7.0
40085.0,0.0,1.0,1.0,13.0,15.0,34.0,43.0,90.0,93.0,40.0
48301.0,0.0,0.0,0.0,0.0,0.0,0.0,0.0,0.0,0.0,0.0
28087.0,0.0,11.0,43.0,157.0,233.0,497.0,344.0,323.0,231.0,275.0
19117.0,0.0,0.0,0.0,17.0,13.0,12.0,54.0,63.0,58.0,60.0
26095.0,0.0,0.0,1.0,2.0,0.0,0.0,2.0,8.0,65.0,62.0
13187.0,0.0,8.0,36.0,55.0,40.0,152.0,410.0,225.0,137.0,104.0
51111.0,0.0,0.0,4.0,9.0,18.0,24.0,38.0,25.0,33.0,8.0
46085.0,0.0,1.0,2.0,11.0,48.0,25.0,18.0,60.0,121.0,68.0
19119.0,0.0,0.0,13.0,11.0,15.0,60.0,51.0,240.0,202.0,179.0
21143.0,0.0,1.0,12.0,2.0,5.0,9.0,9.0,39.0,29.0,37.0
27083.0,0.0,1.0,6.0,49.0,239.0,119.0,111.0,213.0,320.0,445.0
26097.0,0.0,0.0,6.0,2.0,1.0,11.0,17.0,31.0,99.0,49.0
1087.0,0.0,1.0,36.0,45.0,84.0,134.0,96.0,87.0,75.0,88.0
13193.0,0.0,2.0,77.0,22.0,14.0,56.0,33.0,30.0,21.0,56.0
29121.0,0.0,3.0,-1.0,2.0,3.0,45.0,27.0,72.0,95.0,198.0
37113.0,0.0,0.0,3.0,67.0,212.0,163.0,95.0,81.0,88.0,69.0
12079.0,0.0,0.0,55.0,14.0,126.0,409.0,264.0,149.0,55.0,100.0
22065.0,0.0,1.0,6.0,90.0,259.0,195.0,240.0,90.0,11.0,29.0
29123.0,0.0,0.0,1.0,2.0,1.0,13.0,126.0,169.0,231.0,71.0
30057.0,0.0,6.0,2.0,0.0,0.0,65.0,20.0,16.0,87.0,113.0
31119.0,0.0,2.0,113.0,199.0,48.0,52.0,188.0,245.0,270.0,1145.0
48313.0,0.0,0.0,2.0,6.0,22.0,615.0,47.0,29.0,50.0,32.0
51113.0,0.0,3.0,11.0,27.0,2.0,17.0,31.0,19.0,21.0,21.0
21153.0,0.0,0.0,0.0,2.0,3.0,13.0,49.0,29.0,95.0,114.0
19123.0,0.0,2.0,8.0,84.0,21.0,18.0,86.0,216.0,335.0,274.0
27087.0,0.0,1.0,1.0,4.0,1.0,15.0,13.0,14.0,89.0,29.0
40093.0,0.0,0.0,3.0,3.0,2.0,18.0,26.0,44.0,96.0,112.0
26101.0,0.0,1.0,10.0,0.0,8.0,12.0,23.0,26.0,35.0,120.0
1091.0,0.0,4.0,45.0,121.0,107.0,227.0,121.0,103.0,333.0,69.0
29125.0,0.0,1.0,1.0,0.0,2.0,7.0,35.0,38.0,134.0,76.0
1093.0,0.0,9.0,66.0,47.0,78.0,323.0,193.0,260.0,145.0,142.0
5089.0,0.0,0.0,1.0,1.0,4.0,17.0,22.0,57.0,67.0,107.0
19125.0,0.0,0.0,8.0,24.0,34.0,81.0,337.0,295.0,169.0,649.0
20115.0,0.0,0.0,5.0,0.0,4.0,39.0,16.0,15.0,37.0,200.0
21155.0,0.0,1.0,15.0,5.0,30.0,50.0,72.0,61.0,243.0,237.0
28091.0,0.0,5.0,67.0,43.0,125.0,341.0,200.0,94.0,101.0,59.0
29127.0,0.0,0.0,5.0,0.0,10.0,124.0,332.0,200.0,179.0,541.0
45067.0,0.0,2.0,32.0,35.0,139.0,303.0,198.0,188.0,182.0,172.0
48315.0,0.0,0.0,13.0,3.0,10.0,97.0,17.0,10.0,22.0,9.0
6043.0,0.0,0.0,3.0,13.0,10.0,27.0,18.0,5.0,5.0,10.0
26103.0,0.0,4.0,42.0,10.0,8.0,63.0,117.0,152.0,799.0,870.0
55077.0,0.0,2.0,1.0,1.0,9.0,56.0,22.0,213.0,233.0,463.0
20117.0,0.0,0.0,0.0,0.0,2.0,7.0,8.0,11.0,49.0,181.0
21157.0,0.0,1.0,33.0,4.0,20.0,62.0,68.0,129.0,168.0,228.0
27089.0,0.0,0.0,1.0,11.0,0.0,15.0,9.0,17.0,124.0,118.0
40095.0,0.0,0.0,2.0,6.0,24.0,61.0,37.0,57.0,107.0,191.0
46091.0,0.0,1.0,0.0,3.0,1.0,3.0,11.0,24.0,22.0,44.0
18101.0,0.0,0.0,7.0,4.0,11.0,20.0,75.0,52.0,44.0,69.0
21159.0,0.0,1.0,2.0,0.0,2.0,24.0,26.0,27.0,148.0,88.0
27091.0,0.0,25.0,63.0,42.0,26.0,46.0,34.0,226.0,184.0,129.0
37117.0,0.0,3.0,13.0,56.0,61.0,103.0,111.0,119.0,198.0,62.0
17125.0,0.0,0.0,12.0,6.0,4.0,20.0,44.0,75.0,185.0,126.0
26105.0,0.0,0.0,11.0,21.0,19.0,44.0,25.0,15.0,145.0,132.0
48319.0,0.0,0.0,15.0,17.0,1.0,6.0,34.0,4.0,6.0,8.0
17127.0,0.0,0.0,4.0,3.0,4.0,22.0,32.0,52.0,48.0,138.0
48323.0,0.0,1.0,23.0,92.0,195.0,1678.0,1269.0,454.0,512.0,385.0
40097.0,0.0,4.0,18.0,8.0,51.0,190.0,143.0,257.0,342.0,172.0
30055.0,0.0,0.0,0.0,0.0,0.0,1.0,11.0,11.0,42.0,12.0
45065.0,0.0,0.0,6.0,3.0,8.0,82.0,61.0,76.0,46.0,23.0
21145.0,0.0,8.0,47.0,40.0,71.0,159.0,185.0,245.0,497.0,532.0
21147.0,0.0,1.0,10.0,2.0,5.0,15.0,61.0,88.0,82.0,41.0
48307.0,0.0,0.0,3.0,0.0,9.0,26.0,71.0,50.0,47.0,30.0
40089.0,0.0,0.0,8.0,27.0,436.0,344.0,210.0,284.0,348.0,281.0
17109.0,0.0,0.0,18.0,70.0,12.0,23.0,80.0,287.0,328.0,429.0
54047.0,0.0,0.0,6.0,0.0,0.0,20.0,44.0,17.0,41.0,58.0
38049.0,0.0,1.0,0.0,1.0,1.0,11.0,24.0,50.0,98.0,171.0
38051.0,0.0,1.0,0.0,0.0,1.0,16.0,26.0,32.0,98.0,36.0
40091.0,0.0,0.0,2.0,9.0,46.0,86.0,94.0,94.0,176.0,142.0
42083.0,0.0,1.0,5.0,6.0,5.0,11.0,9.0,22.0,99.0,103.0
38053.0,0.0,0.0,13.0,4.0,10.0,46.0,49.0,128.0,333.0,170.0
35031.0,0.0,16.0,1011.0,1388.0,960.0,613.0,215.0,140.0,386.0,437.0
38055.0,0.0,2.0,1.0,4.0,4.0,24.0,130.0,128.0,348.0,188.0
48311.0,0.0,0.0,0.0,0.0,0.0,7.0,8.0,9.0,1.0,0.0
47109.0,0.0,1.0,10.0,1.0,46.0,242.0,249.0,381.0,240.0,132.0
20113.0,0.0,3.0,19.0,5.0,45.0,57.0,83.0,75.0,125.0,462.0
31117.0,0.0,0.0,0.0,0.0,0.0,4.0,2.0,0.0,4.0,2.0
46089.0,0.0,0.0,1.0,0.0,3.0,2.0,4.0,26.0,36.0,20.0
20119.0,0.0,0.0,5.0,24.0,1.0,9.0,25.0,56.0,20.0,83.0
30059.0,0.0,1.0,0.0,0.0,1.0,2.0,0.0,21.0,51.0,25.0
51117.0,0.0,4.0,96.0,117.0,23.0,63.0,213.0,217.0,168.0,48.0
27093.0,0.0,1.0,10.0,34.0,13.0,25.0,25.0,106.0,98.0,391.0
39105.0,0.0,0.0,2.0,4.0,5.0,12.0,104.0,53.0,58.0,59.0
47121.0,0.0,1.0,7.0,18.0,6.0,60.0,70.0,69.0,108.0,60.0
46095.0,0.0,0.0,0.0,0.0,3.0,21.0,0.0,8.0,58.0,36.0
48327.0,0.0,0.0,0.0,0.0,6.0,10.0,4.0,6.0,51.0,14.0
21165.0,0.0,2.0,1.0,7.0,3.0,16.0,4.0,18.0,35.0,19.0
26109.0,0.0,0.0,5.0,3.0,8.0,70.0,164.0,169.0,357.0,268.0
21167.0,0.0,2.0,9.0,2.0,10.0,47.0,42.0,139.0,115.0,128.0
29129.0,0.0,0.0,0.0,0.0,6.0,2.0,12.0,8.0,7.0,24.0
38057.0,0.0,0.0,0.0,5.0,1.0,17.0,15.0,128.0,352.0,176.0
39107.0,0.0,2.0,19.0,190.0,59.0,228.0,329.0,334.0,344.0,950.0
21169.0,0.0,0.0,1.0,5.0,3.0,37.0,35.0,39.0,54.0,136.0
51119.0,0.0,0.0,8.0,7.0,0.0,11.0,29.0,66.0,26.0,2.0
48331.0,0.0,2.0,14.0,12.0,55.0,219.0,128.0,71.0,46.0,43.0
49027.0,0.0,0.0,0.0,0.0,0.0,0.0,0.0,0.0,0.0,0.0
13201.0,0.0,4.0,29.0,8.0,6.0,78.0,87.0,54.0,50.0,79.0
29131.0,0.0,0.0,1.0,3.0,8.0,77.0,163.0,258.0,368.0,379.0
48333.0,0.0,0.0,0.0,1.0,0.0,14.0,20.0,24.0,20.0,34.0
46097.0,0.0,0.0,1.0,0.0,8.0,5.0,2.0,9.0,112.0,35.0
8079.0,0.0,2.0,0.0,0.0,5.0,11.0,1.0,1.0,1.0,0.0
30061.0,0.0,0.0,0.0,0.0,0.0,0.0,2.0,3.0,11.0,10.0
32021.0,0.0,0.0,4.0,0.0,1.0,6.0,1.0,1.0,5.0,12.0
54059.0,0.0,0.0,2.0,5.0,13.0,97.0,126.0,142.0,263.0,101.0
16067.0,0.0,1.0,10.0,39.0,135.0,234.0,134.0,172.0,532.0,247.0
26113.0,0.0,1.0,14.0,1.0,13.0,11.0,6.0,18.0,40.0,78.0
29133.0,0.0,0.0,29.0,29.0,30.0,41.0,105.0,66.0,143.0,137.0
13205.0,0.0,31.0,279.0,99.0,41.0,154.0,106.0,101.0,38.0,91.0
19131.0,0.0,0.0,2.0,2.0,19.0,53.0,31.0,88.0,41.0,356.0
20123.0,0.0,2.0,1.0,1.0,0.0,23.0,5.0,15.0,16.0,50.0
37121.0,0.0,1.0,4.0,9.0,18.0,76.0,-15.0,68.0,58.0,171.0
48335.0,0.0,0.0,1.0,0.0,4.0,44.0,24.0,19.0,101.0,47.0
6049.0,0.0,0.0,0.0,0.0,0.0,2.0,10.0,15.0,23.0,42.0
8081.0,0.0,4.0,2.0,1.0,7.0,10.0,10.0,9.0,34.0,51.0
6051.0,0.0,13.0,13.0,11.0,5.0,100.0,20.0,4.0,27.0,277.0
19133.0,0.0,5.0,2.0,17.0,46.0,19.0,18.0,60.0,80.0,77.0
1099.0,0.0,1.0,12.0,27.0,154.0,190.0,59.0,149.0,75.0,55.0
5095.0,0.0,0.0,4.0,1.0,7.0,37.0,45.0,41.0,77.0,50.0
19135.0,0.0,0.0,0.0,38.0,12.0,16.0,44.0,53.0,115.0,89.0
21171.0,0.0,0.0,5.0,12.0,18.0,52.0,53.0,74.0,43.0,263.0
28095.0,0.0,6.0,151.0,100.0,98.0,320.0,362.0,216.0,318.0,119.0
29137.0,0.0,0.0,0.0,0.0,5.0,9.0,55.0,21.0,100.0,87.0
39111.0,0.0,0.0,3.0,75.0,7.0,4.0,14.0,7.0,86.0,48.0
47123.0,0.0,5.0,15.0,42.0,70.0,201.0,416.0,334.0,463.0,207.0
54063.0,0.0,0.0,5.0,2.0,5.0,7.0,104.0,28.0,55.0,83.0
55081.0,0.0,2.0,12.0,3.0,49.0,139.0,77.0,285.0,671.0,624.0
48337.0,0.0,1.0,5.0,3.0,9.0,36.0,68.0,66.0,111.0,106.0
8083.0,0.0,1.0,15.0,29.0,27.0,35.0,17.0,17.0,83.0,159.0
5097.0,0.0,0.0,1.0,1.0,2.0,21.0,76.0,54.0,26.0,34.0
13209.0,0.0,0.0,2.0,7.0,22.0,93.0,93.0,94.0,66.0,33.0
17135.0,0.0,2.0,24.0,13.0,5.0,94.0,114.0,137.0,278.0,230.0
19137.0,0.0,1.0,0.0,6.0,3.0,32.0,35.0,23.0,105.0,138.0
20125.0,0.0,5.0,12.0,3.0,21.0,111.0,103.0,174.0,277.0,156.0
28097.0,0.0,7.0,21.0,57.0,31.0,160.0,134.0,60.0,105.0,88.0
29139.0,0.0,2.0,5.0,2.0,7.0,17.0,23.0,29.0,103.0,72.0
37123.0,0.0,5.0,33.0,90.0,181.0,260.0,316.0,164.0,135.0,96.0
26119.0,0.0,0.0,5.0,0.0,0.0,3.0,4.0,4.0,21.0,44.0
46101.0,0.0,0.0,5.0,14.0,3.0,8.0,11.0,57.0,112.0,119.0
47127.0,0.0,0.0,3.0,0.0,4.0,35.0,51.0,95.0,98.0,25.0
48341.0,0.0,1.0,326.0,359.0,203.0,119.0,110.0,65.0,162.0,147.0
35033.0,0.0,0.0,0.0,0.0,0.0,6.0,0.0,1.0,8.0,4.0
21175.0,0.0,0.0,1.0,0.0,7.0,20.0,18.0,18.0,85.0,64.0
29141.0,0.0,1.0,2.0,6.0,4.0,49.0,58.0,253.0,359.0,175.0
39115.0,0.0,0.0,4.0,1.0,4.0,8.0,27.0,7.0,52.0,49.0
54065.0,0.0,1.0,10.0,7.0,2.0,6.0,12.0,18.0,53.0,95.0
31123.0,0.0,0.0,1.0,10.0,26.0,21.0,8.0,13.0,19.0,111.0
20127.0,0.0,2.0,1.0,2.0,0.0,4.0,11.0,19.0,17.0,67.0
48343.0,0.0,1.0,4.0,21.0,12.0,53.0,65.0,33.0,45.0,17.0
27097.0,0.0,0.0,5.0,41.0,12.0,23.0,36.0,163.0,595.0,473.0
20129.0,0.0,0.0,3.0,2.0,1.0,3.0,1.0,10.0,21.0,64.0
48345.0,0.0,0.0,1.0,0.0,0.0,3.0,2.0,3.0,8.0,2.0
17139.0,0.0,0.0,5.0,6.0,6.0,35.0,109.0,61.0,248.0,210.0
38061.0,0.0,5.0,30.0,4.0,11.0,58.0,64.0,99.0,172.0,390.0
21177.0,0.0,10.0,113.0,360.0,16.0,110.0,51.0,125.0,204.0,134.0
27101.0,0.0,0.0,13.0,26.0,12.0,69.0,21.0,35.0,130.0,118.0
40099.0,0.0,0.0,1.0,3.0,14.0,41.0,30.0,59.0,145.0,153.0
30065.0,0.0,1.0,0.0,0.0,0.0,1.0,10.0,25.0,88.0,51.0
48347.0,0.0,2.0,155.0,130.0,110.0,613.0,328.0,288.0,174.0,69.0
31125.0,0.0,0.0,2.0,2.0,0.0,4.0,3.0,39.0,63.0,74.0
25019.0,0.0,0.0,0.0,0.0,13.0,0.0,0.0,0.0,0.0,0.0
38063.0,0.0,0.0,1.0,0.0,0.0,12.0,17.0,44.0,96.0,116.0
20131.0,0.0,0.0,1.0,15.0,10.0,21.0,8.0,67.0,136.0,446.0
31127.0,0.0,1.0,0.0,2.0,2.0,14.0,61.0,50.0,34.0,81.0
20133.0,0.0,1.0,1.0,0.0,30.0,18.0,33.0,96.0,95.0,210.0
28099.0,0.0,4.0,183.0,459.0,306.0,234.0,244.0,169.0,221.0,199.0
20135.0,0.0,0.0,0.0,1.0,3.0,1.0,17.0,60.0,66.0,53.0
5099.0,0.0,1.0,0.0,5.0,95.0,28.0,33.0,62.0,107.0,47.0
29143.0,0.0,0.0,9.0,12.0,17.0,133.0,239.0,127.0,172.0,403.0
26123.0,0.0,1.0,21.0,83.0,62.0,80.0,51.0,91.0,323.0,379.0
5101.0,0.0,1.0,2.0,0.0,2.0,86.0,29.0,128.0,59.0,57.0
28101.0,0.0,2.0,79.0,190.0,57.0,186.0,151.0,116.0,68.0,116.0
21181.0,0.0,1.0,0.0,2.0,2.0,15.0,2.0,15.0,73.0,29.0
54067.0,0.0,0.0,6.0,2.0,2.0,22.0,20.0,60.0,79.0,28.0
56027.0,0.0,0.0,2.0,0.0,0.0,0.0,1.0,1.0,8.0,44.0
39121.0,0.0,0.0,5.0,1.0,3.0,7.0,6.0,21.0,187.0,201.0
40103.0,0.0,4.0,2.0,1.0,32.0,38.0,28.0,53.0,41.0,107.0
27105.0,0.0,0.0,742.0,797.0,113.0,86.0,127.0,114.0,431.0,345.0
2180.0,0.0,0.0,1.0,2.0,4.0,10.0,24.0,32.0,60.0,29.0
27107.0,0.0,0.0,8.0,5.0,7.0,14.0,12.0,12.0,87.0,87.0
2185.0,0.0,0.0,0.0,1.0,3.0,9.0,26.0,93.0,143.0,100.0
37131.0,0.0,30.0,56.0,70.0,43.0,108.0,31.0,124.0,97.0,110.0
51131.0,0.0,1.0,63.0,173.0,32.0,23.0,12.0,1.0,14.0,10.0
51133.0,0.0,3.0,6.0,16.0,12.0,26.0,26.0,84.0,45.0,14.0
2188.0,0.0,0.0,0.0,2.0,2.0,24.0,38.0,52.0,139.0,50.0
20137.0,0.0,0.0,0.0,2.0,2.0,18.0,1.0,13.0,679.0,280.0
51720.0,0.0,0.0,2.0,0.0,2.0,7.0,15.0,8.0,18.0,10.0
51135.0,0.0,1.0,11.0,17.0,82.0,61.0,26.0,68.0,85.0,89.0
40105.0,0.0,5.0,16.0,2.0,11.0,17.0,48.0,52.0,106.0,76.0
28103.0,0.0,3.0,63.0,120.0,59.0,166.0,108.0,39.0,48.0,40.0
31129.0,0.0,0.0,0.0,1.0,0.0,4.0,5.0,7.0,92.0,36.0
19141.0,0.0,0.0,8.0,23.0,52.0,33.0,85.0,212.0,396.0,276.0
47131.0,0.0,1.0,12.0,17.0,64.0,283.0,452.0,391.0,663.0,334.0
26127.0,0.0,2.0,7.0,76.0,202.0,174.0,40.0,27.0,148.0,216.0
48357.0,0.0,0.0,25.0,24.0,4.0,29.0,27.0,31.0,198.0,120.0
26129.0,0.0,1.0,12.0,8.0,12.0,17.0,8.0,10.0,67.0,156.0
46102.0,0.0,0.0,1.0,25.0,59.0,56.0,33.0,121.0,727.0,356.0
21183.0,0.0,0.0,39.0,105.0,42.0,153.0,47.0,78.0,157.0,136.0
53047.0,0.0,3.0,19.0,27.0,28.0,612.0,307.0,60.0,68.0,27.0
40107.0,0.0,0.0,1.0,3.0,10.0,39.0,48.0,42.0,400.0,191.0
28105.0,0.0,17.0,34.0,188.0,244.0,556.0,400.0,380.0,218.0,111.0
48359.0,0.0,2.0,1.0,0.0,1.0,9.0,2.0,3.0,9.0,4.0
38065.0,0.0,1.0,0.0,0.0,1.0,4.0,4.0,14.0,62.0,21.0
16071.0,0.0,0.0,0.0,0.0,2.0,6.0,13.0,5.0,38.0,28.0
55085.0,0.0,3.0,3.0,3.0,10.0,62.0,131.0,278.0,861.0,523.0
26131.0,0.0,0.0,0.0,0.0,0.0,4.0,30.0,9.0,63.0,131.0
18117.0,0.0,3.0,73.0,52.0,5.0,25.0,82.0,49.0,152.0,129.0
50017.0,0.0,4.0,3.0,2.0,0.0,6.0,5.0,5.0,13.0,45.0
51137.0,0.0,2.0,29.0,71.0,47.0,58.0,55.0,67.0,92.0,62.0
29149.0,0.0,0.0,1.0,1.0,5.0,6.0,37.0,76.0,106.0,82.0
50019.0,0.0,7.0,2.0,1.0,4.0,0.0,1.0,6.0,19.0,26.0
20141.0,0.0,0.0,2.0,0.0,0.0,2.0,0.0,6.0,14.0,23.0
19143.0,0.0,0.0,9.0,24.0,18.0,26.0,22.0,82.0,73.0,182.0
26133.0,0.0,2.0,6.0,3.0,18.0,37.0,13.0,20.0,102.0,133.0
26135.0,0.0,2.0,3.0,0.0,13.0,6.0,5.0,2.0,29.0,31.0
8089.0,0.0,3.0,7.0,9.0,3.0,30.0,30.0,16.0,78.0,89.0
31131.0,0.0,0.0,1.0,6.0,15.0,20.0,72.0,53.0,167.0,223.0
26137.0,0.0,19.0,73.0,10.0,20.0,9.0,13.0,38.0,105.0,225.0
36077.0,0.0,17.0,50.0,5.0,12.0,28.0,32.0,197.0,57.0,62.0
20143.0,0.0,1.0,3.0,0.0,2.0,24.0,13.0,15.0,61.0,39.0
5103.0,0.0,0.0,6.0,4.0,10.0,55.0,83.0,111.0,126.0,99.0
8091.0,0.0,0.0,5.0,3.0,3.0,1.0,13.0,1.0,14.0,39.0
47133.0,0.0,2.0,6.0,18.0,30.0,69.0,310.0,347.0,499.0,117.0
21187.0,0.0,0.0,1.0,1.0,4.0,36.0,39.0,21.0,27.0,24.0
21189.0,0.0,0.0,2.0,0.0,0.0,7.0,25.0,8.0,60.0,13.0
23017.0,0.0,9.0,6.0,19.0,3.0,17.0,10.0,88.0,12.0,64.0
29153.0,0.0,0.0,0.0,0.0,1.0,5.0,20.0,102.0,97.0,23.0
53049.0,0.0,0.0,4.0,5.0,8.0,16.0,27.0,26.0,32.0,51.0
19145.0,0.0,2.0,4.0,7.0,7.0,49.0,43.0,96.0,224.0,523.0
51139.0,0.0,1.0,99.0,120.0,49.0,61.0,31.0,43.0,56.0,64.0
19147.0,0.0,0.0,0.0,6.0,25.0,43.0,42.0,98.0,130.0,161.0
28107.0,0.0,7.0,32.0,32.0,183.0,623.0,417.0,222.0,190.0,234.0
48365.0,0.0,1.0,106.0,90.0,12.0,60.0,46.0,73.0,86.0,39.0
30067.0,0.0,3.0,5.0,0.0,3.0,36.0,16.0,40.0,143.0,148.0
56029.0,0.0,1.0,0.0,1.0,48.0,65.0,49.0,81.0,383.0,436.0
18121.0,0.0,0.0,12.0,6.0,4.0,23.0,34.0,32.0,111.0,175.0
48369.0,0.0,0.0,6.0,53.0,132.0,121.0,73.0,58.0,136.0,62.0
51141.0,0.0,0.0,2.0,17.0,27.0,62.0,116.0,53.0,57.0,51.0
39125.0,0.0,0.0,8.0,6.0,9.0,35.0,21.0,39.0,131.0,207.0
20145.0,0.0,0.0,0.0,0.0,3.0,4.0,199.0,257.0,-32.0,64.0
31133.0,0.0,0.0,0.0,0.0,0.0,7.0,3.0,9.0,13.0,11.0
48371.0,0.0,0.0,9.0,84.0,31.0,84.0,88.0,81.0,46.0,180.0
38067.0,0.0,0.0,3.0,3.0,3.0,18.0,8.0,57.0,154.0,228.0
29155.0,0.0,2.0,26.0,55.0,27.0,89.0,135.0,202.0,220.0,190.0
54071.0,0.0,0.0,3.0,9.0,1.0,24.0,7.0,9.0,24.0,3.0
27113.0,0.0,0.0,1.0,18.0,31.0,20.0,18.0,32.0,107.0,104.0
55091.0,0.0,0.0,0.0,1.0,0.0,39.0,6.0,22.0,72.0,190.0
31135.0,0.0,0.0,0.0,0.0,0.0,15.0,15.0,2.0,19.0,50.0
46105.0,0.0,0.0,0.0,0.0,0.0,6.0,10.0,25.0,39.0,28.0
1105.0,0.0,0.0,9.0,30.0,96.0,282.0,61.0,65.0,61.0,35.0
17145.0,0.0,0.0,21.0,20.0,10.0,50.0,190.0,67.0,127.0,251.0
18123.0,0.0,0.0,10.0,23.0,85.0,52.0,26.0,30.0,237.0,249.0
21193.0,0.0,0.0,12.0,7.0,38.0,120.0,110.0,54.0,120.0,291.0
29157.0,0.0,14.0,29.0,14.0,66.0,78.0,193.0,240.0,231.0,392.0
47135.0,0.0,2.0,7.0,12.0,10.0,38.0,41.0,43.0,100.0,155.0
32027.0,0.0,0.0,0.0,0.0,6.0,7.0,9.0,0.0,2.0,13.0
2195.0,0.0,0.0,4.0,0.0,0.0,2.0,1.0,0.0,13.0,3.0
30069.0,0.0,0.0,0.0,0.0,0.0,0.0,0.0,0.0,3.0,1.0
29161.0,0.0,0.0,2.0,2.0,17.0,51.0,138.0,280.0,286.0,511.0
31137.0,0.0,0.0,5.0,15.0,6.0,8.0,34.0,42.0,151.0,139.0
8095.0,0.0,1.0,5.0,7.0,3.0,3.0,0.0,14.0,27.0,65.0
20147.0,0.0,0.0,1.0,1.0,1.0,44.0,4.0,70.0,88.0,100.0
30071.0,0.0,0.0,0.0,0.0,0.0,0.0,111.0,11.0,68.0,32.0
47137.0,0.0,0.0,0.0,3.0,3.0,15.0,42.0,68.0,158.0,45.0
31139.0,0.0,0.0,1.0,5.0,2.0,9.0,43.0,49.0,90.0,134.0
38069.0,0.0,2.0,0.0,1.0,2.0,6.0,14.0,11.0,33.0,219.0
5109.0,0.0,1.0,2.0,2.0,3.0,69.0,99.0,58.0,40.0,43.0
17149.0,0.0,0.0,1.0,0.0,1.0,11.0,59.0,67.0,284.0,387.0
21195.0,0.0,0.0,11.0,18.0,55.0,128.0,105.0,150.0,565.0,372.0
29163.0,0.0,1.0,10.0,11.0,14.0,32.0,77.0,96.0,110.0,243.0
39131.0,0.0,1.0,2.0,3.0,14.0,41.0,43.0,102.0,177.0,163.0
27115.0,0.0,0.0,56.0,33.0,11.0,24.0,31.0,206.0,244.0,286.0
27117.0,0.0,0.0,2.0,10.0,13.0,117.0,45.0,52.0,143.0,151.0
23021.0,0.0,0.0,1.0,0.0,2.0,0.0,5.0,1.0,1.0,14.0
8097.0,0.0,30.0,35.0,-7.0,41.0,67.0,31.0,26.0,75.0,72.0
40121.0,0.0,2.0,27.0,12.0,17.0,113.0,410.0,391.0,289.0,240.0
49031.0,0.0,0.0,0.0,0.0,0.0,0.0,0.0,0.0,0.0,0.0
31141.0,0.0,1.0,82.0,494.0,87.0,102.0,106.0,263.0,454.0,544.0
56031.0,0.0,0.0,0.0,1.0,2.0,2.0,2.0,26.0,121.0,94.0
54073.0,0.0,1.0,1.0,2.0,1.0,2.0,8.0,3.0,6.0,25.0
6063.0,0.0,0.0,4.0,0.0,5.0,24.0,8.0,9.0,35.0,43.0
19151.0,0.0,0.0,1.0,11.0,63.0,38.0,18.0,37.0,91.0,182.0
54075.0,0.0,0.0,2.0,19.0,4.0,16.0,1.0,17.0,10.0,11.0
5113.0,0.0,1.0,7.0,11.0,55.0,51.0,99.0,44.0,73.0,214.0
31143.0,0.0,0.0,7.0,4.0,1.0,12.0,9.0,32.0,128.0,72.0
37149.0,0.0,3.0,17.0,17.0,36.0,59.0,95.0,95.0,82.0,24.0
48373.0,0.0,4.0,15.0,37.0,57.0,543.0,122.0,85.0,55.0,61.0
55095.0,0.0,0.0,4.0,15.0,29.0,63.0,60.0,82.0,387.0,669.0
30073.0,0.0,0.0,2.0,0.0,0.0,7.0,7.0,38.0,106.0,44.0
28115.0,0.0,5.0,13.0,17.0,196.0,468.0,360.0,242.0,246.0,232.0
40123.0,0.0,5.0,5.0,3.0,26.0,125.0,77.0,201.0,352.0,578.0
5115.0,0.0,5.0,38.0,105.0,285.0,728.0,613.0,392.0,645.0,390.0
17151.0,0.0,0.0,0.0,1.0,0.0,6.0,12.0,11.0,14.0,18.0
27121.0,0.0,0.0,0.0,9.0,1.0,28.0,26.0,36.0,76.0,168.0
42105.0,0.0,2.0,2.0,0.0,11.0,5.0,5.0,4.0,31.0,37.0
46107.0,0.0,0.0,0.0,0.0,0.0,1.0,15.0,30.0,78.0,84.0
30075.0,0.0,0.0,0.0,0.0,0.0,1.0,1.0,15.0,48.0,9.0
21197.0,0.0,1.0,0.0,0.0,5.0,36.0,33.0,25.0,59.0,96.0
30077.0,0.0,0.0,0.0,0.0,0.0,2.0,8.0,2.0,170.0,191.0
16077.0,0.0,0.0,2.0,3.0,12.0,24.0,78.0,131.0,126.0,37.0
19157.0,0.0,5.0,51.0,34.0,14.0,33.0,46.0,144.0,183.0,295.0
5117.0,0.0,0.0,2.0,0.0,18.0,39.0,56.0,39.0,41.0,122.0
30079.0,0.0,0.0,0.0,0.0,0.0,0.0,1.0,3.0,29.0,12.0
20151.0,0.0,0.0,1.0,1.0,9.0,22.0,9.0,35.0,115.0,174.0
39135.0,0.0,1.0,26.0,10.0,25.0,92.0,193.0,106.0,310.0,365.0
28117.0,0.0,4.0,28.0,21.0,44.0,221.0,306.0,260.0,229.0,166.0
48377.0,0.0,0.0,0.0,1.0,18.0,22.0,9.0,47.0,77.0,39.0
26141.0,0.0,0.0,11.0,0.0,1.0,3.0,6.0,6.0,39.0,83.0
55099.0,0.0,0.0,1.0,1.0,0.0,17.0,17.0,83.0,289.0,149.0
51147.0,0.0,2.0,47.0,85.0,53.0,136.0,165.0,95.0,177.0,51.0
8099.0,0.0,0.0,1.0,13.0,6.0,27.0,38.0,9.0,104.0,143.0
17153.0,0.0,0.0,18.0,38.0,18.0,16.0,31.0,62.0,63.0,65.0
18131.0,0.0,0.0,23.0,23.0,13.0,12.0,29.0,14.0,34.0,172.0
21199.0,0.0,8.0,35.0,15.0,36.0,142.0,300.0,272.0,213.0,172.0
29169.0,0.0,7.0,27.0,0.0,86.0,58.0,214.0,284.0,383.0,152.0
40127.0,0.0,0.0,1.0,1.0,9.0,78.0,37.0,39.0,114.0,67.0
13237.0,0.0,0.0,40.0,50.0,58.0,216.0,247.0,84.0,122.0,127.0
17155.0,0.0,0.0,0.0,1.0,0.0,6.0,13.0,43.0,38.0,61.0
29171.0,0.0,0.0,0.0,0.0,2.0,6.0,15.0,10.0,27.0,23.0
39137.0,0.0,0.0,67.0,25.0,21.0,75.0,147.0,291.0,694.0,594.0
35037.0,0.0,0.0,4.0,1.0,1.0,25.0,32.0,11.0,32.0,42.0
13239.0,0.0,0.0,4.0,8.0,5.0,12.0,2.0,2.0,9.0,32.0
28119.0,0.0,3.0,11.0,19.0,34.0,144.0,111.0,68.0,31.0,17.0
13241.0,0.0,2.0,11.0,7.0,22.0,144.0,92.0,66.0,91.0,60.0
48379.0,0.0,0.0,2.0,1.0,9.0,33.0,14.0,12.0,26.0,21.0
29173.0,0.0,1.0,0.0,4.0,4.0,11.0,92.0,39.0,56.0,81.0
38071.0,0.0,3.0,0.0,5.0,2.0,27.0,84.0,128.0,264.0,350.0
1111.0,0.0,2.0,60.0,65.0,42.0,215.0,94.0,194.0,187.0,80.0
5121.0,0.0,1.0,16.0,9.0,22.0,116.0,147.0,131.0,244.0,140.0
13243.0,0.0,5.0,154.0,20.0,18.0,60.0,55.0,19.0,9.0,24.0
17157.0,0.0,3.0,153.0,114.0,15.0,132.0,322.0,219.0,335.0,459.0
18135.0,0.0,3.0,12.0,32.0,29.0,25.0,71.0,58.0,113.0,567.0
54083.0,0.0,1.0,3.0,127.0,25.0,51.0,17.0,35.0,166.0,110.0
38073.0,0.0,0.0,1.0,7.0,9.0,9.0,15.0,42.0,102.0,158.0
30081.0,0.0,1.0,4.0,9.0,13.0,38.0,42.0,47.0,296.0,324.0
20153.0,0.0,0.0,0.0,0.0,0.0,0.0,1.0,30.0,65.0,58.0
48383.0,0.0,0.0,0.0,2.0,2.0,51.0,28.0,4.0,10.0,26.0
48385.0,0.0,0.0,0.0,0.0,1.0,75.0,28.0,14.0,8.0,2.0
27125.0,0.0,0.0,1.0,3.0,-1.0,13.0,13.0,16.0,42.0,49.0
22081.0,0.0,1.0,24.0,25.0,10.0,119.0,141.0,39.0,46.0,117.0
48387.0,0.0,0.0,1.0,69.0,40.0,24.0,11.0,19.0,38.0,9.0
31145.0,0.0,0.0,3.0,2.0,1.0,9.0,5.0,22.0,171.0,200.0
27127.0,0.0,0.0,2.0,3.0,11.0,14.0,32.0,118.0,134.0,206.0
48389.0,0.0,0.0,5.0,2.0,22.0,100.0,40.0,31.0,89.0,36.0
48391.0,0.0,0.0,0.0,3.0,9.0,171.0,83.0,42.0,-3.0,17.0
27129.0,0.0,1.0,3.0,1.0,19.0,32.0,28.0,79.0,137.0,190.0
38075.0,0.0,0.0,0.0,3.0,2.0,4.0,2.0,58.0,29.0,53.0
20157.0,0.0,0.0,4.0,0.0,7.0,16.0,9.0,12.0,26.0,85.0
29179.0,0.0,2.0,0.0,0.0,0.0,15.0,5.0,17.0,55.0,39.0
20159.0,0.0,0.0,3.0,1.0,0.0,23.0,17.0,41.0,71.0,90.0
49033.0,0.0,0.0,0.0,0.0,0.0,0.0,0.0,0.0,0.0,0.0
31147.0,0.0,0.0,0.0,1.0,4.0,15.0,14.0,23.0,70.0,96.0
17159.0,0.0,0.0,3.0,0.0,1.0,8.0,51.0,157.0,127.0,137.0
22083.0,0.0,2.0,56.0,77.0,53.0,325.0,174.0,95.0,78.0,145.0
30083.0,0.0,0.0,3.0,0.0,9.0,33.0,13.0,29.0,258.0,86.0
55103.0,0.0,2.0,10.0,2.0,1.0,10.0,24.0,98.0,350.0,215.0
37153.0,0.0,0.0,47.0,116.0,115.0,197.0,197.0,365.0,327.0,259.0
51159.0,0.0,0.0,144.0,132.0,22.0,18.0,17.0,21.0,18.0,3.0
19159.0,0.0,0.0,0.0,4.0,10.0,7.0,10.0,22.0,50.0,34.0
8103.0,0.0,0.0,1.0,0.0,3.0,2.0,17.0,3.0,5.0,30.0
8105.0,0.0,5.0,2.0,26.0,43.0,11.0,7.0,2.0,35.0,36.0
18137.0,0.0,31.0,61.0,17.0,3.0,73.0,60.0,64.0,224.0,288.0
29181.0,0.0,2.0,3.0,2.0,10.0,24.0,47.0,82.0,114.0,136.0
54085.0,0.0,0.0,0.0,1.0,1.0,1.0,2.0,8.0,23.0,52.0
54087.0,0.0,2.0,4.0,3.0,2.0,3.0,17.0,22.0,62.0,12.0
46109.0,0.0,1.0,3.0,32.0,11.0,22.0,31.0,117.0,79.0,211.0
48393.0,0.0,0.0,2.0,0.0,1.0,3.0,2.0,3.0,4.0,5.0
21201.0,0.0,0.0,0.0,0.0,0.0,3.0,3.0,6.0,25.0,22.0
27133.0,0.0,0.0,11.0,11.0,8.0,42.0,32.0,80.0,198.0,89.0
31149.0,0.0,0.0,0.0,0.0,1.0,1.0,7.0,35.0,15.0,9.0
51163.0,0.0,2.0,4.0,12.0,12.0,36.0,19.0,34.0,35.0,40.0
21203.0,0.0,1.0,10.0,2.0,8.0,39.0,62.0,56.0,191.0,63.0
40129.0,0.0,0.0,0.0,0.0,0.0,8.0,5.0,46.0,32.0,20.0
38079.0,0.0,0.0,1.0,5.0,4.0,19.0,91.0,85.0,267.0,376.0
20163.0,0.0,0.0,6.0,0.0,1.0,8.0,14.0,77.0,57.0,58.0
30085.0,0.0,1.0,6.0,0.0,0.0,10.0,25.0,352.0,537.0,154.0
35041.0,0.0,1.0,8.0,31.0,19.0,80.0,62.0,84.0,196.0,225.0
26143.0,0.0,1.0,15.0,5.0,5.0,21.0,29.0,26.0,115.0,142.0
27135.0,0.0,0.0,1.0,1.0,4.0,36.0,31.0,52.0,264.0,292.0
30087.0,0.0,0.0,0.0,0.0,9.0,13.0,244.0,380.0,207.0,-37.0
8107.0,0.0,17.0,39.0,6.0,11.0,26.0,35.0,25.0,71.0,149.0
21205.0,0.0,0.0,2.0,5.0,15.0,45.0,92.0,90.0,129.0,187.0
48399.0,0.0,0.0,1.0,2.0,4.0,98.0,86.0,87.0,25.0,15.0
18139.0,0.0,4.0,27.0,16.0,9.0,23.0,54.0,25.0,96.0,174.0
20165.0,0.0,0.0,0.0,0.0,1.0,4.0,12.0,47.0,34.0,42.0
55107.0,0.0,0.0,4.0,1.0,6.0,3.0,10.0,40.0,177.0,317.0
20167.0,0.0,0.0,0.0,0.0,0.0,10.0,8.0,92.0,100.0,127.0
21207.0,0.0,0.0,16.0,8.0,21.0,50.0,80.0,80.0,145.0,41.0
51167.0,0.0,0.0,3.0,5.0,4.0,48.0,127.0,88.0,246.0,164.0
22085.0,0.0,2.0,15.0,29.0,36.0,436.0,225.0,123.0,139.0,116.0
48403.0,0.0,0.0,1.0,13.0,10.0,15.0,33.0,9.0,13.0,19.0
19161.0,0.0,0.0,0.0,19.0,44.0,16.0,35.0,161.0,151.0,227.0
8109.0,0.0,1.0,3.0,77.0,21.0,5.0,4.0,0.0,35.0,47.0
17165.0,0.0,1.0,2.0,4.0,2.0,93.0,62.0,198.0,275.0,235.0
20169.0,0.0,1.0,20.0,4.0,80.0,235.0,141.0,300.0,249.0,573.0
31151.0,0.0,0.0,129.0,368.0,36.0,48.0,53.0,112.0,178.0,233.0
37163.0,0.0,1.0,62.0,416.0,561.0,371.0,198.0,645.0,592.0,342.0
48405.0,0.0,1.0,15.0,22.0,67.0,48.0,37.0,14.0,17.0,20.0
48407.0,0.0,1.0,8.0,5.0,19.0,110.0,59.0,25.0,15.0,6.0
8111.0,0.0,0.0,0.0,1.0,1.0,0.0,4.0,0.0,4.0,5.0
49037.0,0.0,4.0,42.0,251.0,102.0,214.0,54.0,36.0,107.0,96.0
53055.0,0.0,4.0,10.0,1.0,4.0,9.0,1.0,0.0,3.0,12.0
8113.0,0.0,4.0,15.0,4.0,14.0,36.0,20.0,1.0,15.0,35.0
48411.0,0.0,0.0,0.0,1.0,3.0,17.0,17.0,28.0,176.0,14.0
46111.0,0.0,0.0,3.0,10.0,-1.0,1.0,2.0,16.0,83.0,65.0
30089.0,0.0,0.0,0.0,0.0,0.0,9.0,22.0,17.0,60.0,49.0
26151.0,0.0,7.0,28.0,6.0,6.0,45.0,33.0,26.0,59.0,198.0
49039.0,0.0,0.0,0.0,0.0,0.0,0.0,0.0,0.0,0.0,0.0
38081.0,0.0,0.0,1.0,2.0,3.0,2.0,9.0,59.0,41.0,97.0
55113.0,0.0,0.0,3.0,5.0,4.0,22.0,126.0,65.0,192.0,205.0
48413.0,0.0,0.0,0.0,0.0,20.0,14.0,4.0,15.0,2.0,16.0
26153.0,0.0,1.0,2.0,1.0,0.0,4.0,7.0,14.0,73.0,47.0
17169.0,0.0,0.0,2.0,11.0,0.0,2.0,6.0,29.0,51.0,62.0
29197.0,0.0,0.0,0.0,0.0,5.0,4.0,9.0,6.0,21.0,65.0
36097.0,0.0,2.0,5.0,4.0,1.0,9.0,5.0,17.0,104.0,71.0
29199.0,0.0,0.0,4.0,1.0,6.0,1.0,6.0,13.0,42.0,62.0
5127.0,0.0,0.0,1.0,0.0,10.0,30.0,45.0,20.0,126.0,65.0
17171.0,0.0,0.0,0.0,0.0,0.0,9.0,37.0,34.0,36.0,61.0
20171.0,0.0,0.0,0.0,14.0,2.0,12.0,67.0,20.0,69.0,88.0
28123.0,0.0,10.0,306.0,334.0,92.0,205.0,146.0,87.0,118.0,82.0
47151.0,0.0,2.0,9.0,1.0,2.0,77.0,64.0,70.0,169.0,298.0
31157.0,0.0,1.0,28.0,73.0,113.0,69.0,74.0,66.0,174.0,1650.0
13251.0,0.0,1.0,14.0,36.0,41.0,75.0,126.0,124.0,35.0,38.0
48415.0,0.0,0.0,2.0,22.0,8.0,401.0,113.0,100.0,349.0,287.0
5129.0,0.0,2.0,4.0,1.0,0.0,18.0,75.0,48.0,57.0,51.0
8115.0,0.0,0.0,0.0,0.0,0.0,11.0,1.0,3.0,31.0,27.0
13253.0,0.0,8.0,21.0,15.0,7.0,84.0,150.0,76.0,35.0,92.0
40133.0,0.0,1.0,9.0,16.0,14.0,147.0,136.0,149.0,319.0,267.0
5133.0,0.0,1.0,10.0,199.0,490.0,229.0,228.0,50.0,84.0,280.0
49041.0,0.0,0.0,0.0,0.0,0.0,0.0,0.0,0.0,0.0,0.0
20175.0,0.0,0.0,527.0,356.0,128.0,177.0,192.0,358.0,463.0,266.0
48417.0,0.0,0.0,0.0,1.0,0.0,16.0,6.0,7.0,10.0,4.0
29203.0,0.0,0.0,0.0,0.0,6.0,37.0,9.0,58.0,152.0,51.0
28125.0,0.0,1.0,4.0,2.0,17.0,115.0,112.0,16.0,20.0,7.0
5135.0,0.0,0.0,10.0,36.0,7.0,46.0,50.0,90.0,138.0,143.0
17173.0,0.0,0.0,10.0,6.0,2.0,35.0,148.0,207.0,307.0,321.0
19165.0,0.0,3.0,6.0,28.0,69.0,49.0,60.0,63.0,143.0,203.0
29205.0,0.0,1.0,0.0,0.0,2.0,11.0,32.0,22.0,29.0,61.0
48419.0,0.0,2.0,104.0,95.0,76.0,99.0,60.0,47.0,66.0,34.0
51171.0,0.0,7.0,101.0,340.0,114.0,105.0,102.0,39.0,123.0,230.0
20179.0,0.0,0.0,2.0,0.0,2.0,3.0,3.0,20.0,155.0,83.0
30091.0,0.0,0.0,0.0,0.0,0.0,3.0,2.0,11.0,67.0,117.0
31161.0,0.0,0.0,0.0,0.0,4.0,5.0,14.0,26.0,98.0,62.0
38083.0,0.0,0.0,0.0,0.0,1.0,4.0,4.0,6.0,42.0,12.0
56033.0,0.0,10.0,6.0,0.0,11.0,31.0,91.0,147.0,425.0,504.0
20181.0,0.0,0.0,4.0,3.0,0.0,7.0,4.0,23.0,198.0,106.0
31163.0,0.0,0.0,1.0,3.0,1.0,2.0,9.0,11.0,32.0,35.0
41055.0,0.0,0.0,1.0,0.0,0.0,8.0,8.0,1.0,3.0,2.0
48421.0,0.0,0.0,15.0,9.0,6.0,7.0,16.0,13.0,6.0,13.0
16079.0,0.0,0.0,0.0,0.0,0.0,67.0,130.0,19.0,71.0,94.0
6091.0,0.0,0.0,0.0,1.0,0.0,1.0,4.0,0.0,0.0,5.0
35051.0,0.0,0.0,1.0,0.0,10.0,17.0,9.0,10.0,33.0,104.0
30093.0,0.0,10.0,1.0,0.0,3.0,47.0,51.0,158.0,341.0,513.0
21213.0,0.0,9.0,18.0,25.0,25.0,59.0,71.0,77.0,89.0,104.0
19167.0,0.0,3.0,6.0,266.0,180.0,133.0,308.0,857.0,874.0,566.0
31165.0,0.0,0.0,0.0,0.0,6.0,-1.0,1.0,1.0,5.0,2.0
38085.0,0.0,1.0,0.0,1.0,22.0,33.0,64.0,34.0,119.0,66.0
6093.0,0.0,3.0,2.0,2.0,21.0,44.0,65.0,29.0,75.0,131.0
2220.0,0.0,0.0,1.0,1.0,10.0,9.0,17.0,15.0,3.0,63.0
38087.0,0.0,0.0,3.0,0.0,0.0,0.0,3.0,1.0,8.0,1.0
20183.0,0.0,0.0,2.0,0.0,1.0,0.0,1.0,4.0,16.0,48.0
28129.0,0.0,1.0,73.0,78.0,52.0,163.0,100.0,84.0,47.0,60.0
51173.0,0.0,1.0,12.0,2.0,21.0,71.0,166.0,242.0,130.0,139.0
42109.0,0.0,2.0,31.0,12.0,21.0,27.0,71.0,178.0,163.0,173.0
35053.0,0.0,3.0,39.0,8.0,10.0,13.0,4.0,30.0,155.0,121.0
23025.0,0.0,1.0,16.0,5.0,6.0,6.0,17.0,35.0,107.0,131.0
51175.0,0.0,1.0,124.0,22.0,9.0,78.0,117.0,423.0,162.0,11.0
2240.0,0.0,0.0,1.0,2.0,2.0,9.0,4.0,10.0,59.0,38.0
18147.0,0.0,0.0,5.0,15.0,10.0,80.0,48.0,111.0,177.0,212.0
46115.0,0.0,0.0,3.0,2.0,6.0,8.0,33.0,88.0,122.0,171.0
29185.0,0.0,0.0,2.0,1.0,-1.0,15.0,10.0,49.0,45.0,116.0
20185.0,0.0,1.0,0.0,0.0,0.0,2.0,28.0,27.0,35.0,56.0
46117.0,0.0,0.0,7.0,3.0,2.0,2.0,7.0,21.0,48.0,56.0
20187.0,0.0,0.0,6.0,3.0,1.0,6.0,5.0,27.0,4.0,67.0
31167.0,0.0,0.0,5.0,15.0,1.0,5.0,8.0,7.0,44.0,53.0
17175.0,0.0,0.0,1.0,2.0,0.0,4.0,17.0,32.0,40.0,56.0
38089.0,0.0,11.0,38.0,13.0,11.0,109.0,505.0,977.0,664.0,642.0
18149.0,0.0,1.0,15.0,23.0,29.0,88.0,54.0,64.0,235.0,229.0
29186.0,0.0,2.0,5.0,5.0,5.0,29.0,63.0,94.0,195.0,427.0
27147.0,0.0,6.0,10.0,142.0,57.0,106.0,112.0,127.0,173.0,405.0
38091.0,0.0,0.0,0.0,1.0,0.0,9.0,8.0,11.0,36.0,24.0
13257.0,0.0,4.0,74.0,61.0,85.0,318.0,303.0,238.0,210.0,88.0
48429.0,0.0,0.0,1.0,3.0,4.0,21.0,81.0,27.0,17.0,61.0
48431.0,0.0,0.0,0.0,0.0,0.0,1.0,2.0,2.0,16.0,5.0
18151.0,0.0,1.0,22.0,60.0,40.0,70.0,86.0,120.0,319.0,388.0
20189.0,0.0,2.0,7.0,21.0,1.0,12.0,25.0,93.0,84.0,93.0
27149.0,0.0,0.0,0.0,1.0,3.0,11.0,32.0,60.0,94.0,137.0
13259.0,0.0,1.0,23.0,28.0,67.0,126.0,110.0,168.0,48.0,49.0
47161.0,0.0,0.0,7.0,4.0,10.0,44.0,31.0,127.0,136.0,115.0
30095.0,0.0,0.0,1.0,0.0,4.0,13.0,18.0,41.0,83.0,150.0
29207.0,0.0,3.0,16.0,62.0,53.0,74.0,87.0,225.0,356.0,350.0
5137.0,0.0,5.0,2.0,2.0,5.0,38.0,141.0,172.0,31.0,34.0
28131.0,0.0,0.0,22.0,8.0,21.0,93.0,172.0,64.0,127.0,114.0
48433.0,0.0,0.0,0.0,0.0,0.0,4.0,6.0,4.0,7.0,3.0
38093.0,0.0,0.0,6.0,17.0,40.0,42.0,110.0,312.0,219.0,673.0
56035.0,0.0,1.0,2.0,0.0,3.0,28.0,14.0,68.0,44.0,100.0
29211.0,0.0,0.0,0.0,59.0,49.0,26.0,39.0,36.0,162.0,94.0
33019.0,0.0,4.0,8.0,7.0,13.0,7.0,9.0,10.0,33.0,72.0
36105.0,0.0,106.0,732.0,549.0,64.0,29.0,49.0,75.0,161.0,204.0
42113.0,0.0,0.0,1.0,2.0,2.0,5.0,0.0,3.0,6.0,5.0
46119.0,0.0,0.0,1.0,0.0,0.0,0.0,7.0,5.0,26.0,35.0
54089.0,0.0,0.0,1.0,0.0,1.0,5.0,12.0,36.0,54.0,92.0
8117.0,0.0,20.0,108.0,98.0,43.0,53.0,41.0,102.0,288.0,375.0
1119.0,0.0,1.0,63.0,160.0,51.0,85.0,36.0,38.0,53.0,40.0
28133.0,0.0,11.0,42.0,31.0,196.0,613.0,367.0,231.0,149.0,144.0
51181.0,0.0,1.0,3.0,6.0,5.0,20.0,33.0,53.0,16.0,13.0
42115.0,0.0,1.0,83.0,25.0,73.0,27.0,58.0,30.0,119.0,71.0
48435.0,0.0,0.0,0.0,0.0,5.0,53.0,18.0,8.0,30.0,34.0
12121.0,0.0,3.0,127.0,37.0,332.0,632.0,1308.0,300.0,276.0,102.0
37173.0,0.0,0.0,3.0,10.0,45.0,45.0,28.0,19.0,147.0,38.0
30097.0,0.0,0.0,0.0,0.0,0.0,4.0,15.0,28.0,50.0,80.0
56037.0,0.0,2.0,16.0,12.0,60.0,150.0,62.0,37.0,149.0,536.0
27151.0,0.0,0.0,2.0,16.0,2.0,31.0,14.0,80.0,93.0,131.0
48437.0,0.0,1.0,8.0,8.0,14.0,44.0,18.0,14.0,54.0,47.0
18155.0,0.0,3.0,12.0,5.0,4.0,16.0,24.0,4.0,41.0,92.0
13263.0,0.0,1.0,25.0,12.0,35.0,49.0,32.0,12.0,10.0,45.0
13265.0,0.0,0.0,0.0,1.0,1.0,10.0,7.0,3.0,9.0,5.0
28135.0,0.0,2.0,9.0,16.0,67.0,305.0,231.0,153.0,42.0,90.0
1123.0,0.0,12.0,273.0,142.0,133.0,238.0,132.0,243.0,212.0,207.0
19171.0,0.0,11.0,255.0,137.0,42.0,89.0,89.0,134.0,283.0,285.0
35055.0,0.0,11.0,7.0,6.0,18.0,52.0,21.0,31.0,78.0,222.0
13267.0,0.0,2.0,8.0,17.0,111.0,256.0,282.0,164.0,107.0,96.0
12123.0,0.0,0.0,3.0,19.0,57.0,251.0,870.0,129.0,159.0,77.0
13269.0,0.0,2.0,15.0,5.0,6.0,41.0,88.0,56.0,17.0,86.0
19173.0,0.0,1.0,0.0,55.0,22.0,15.0,20.0,30.0,126.0,105.0
21217.0,0.0,2.0,6.0,3.0,30.0,59.0,103.0,100.0,227.0,155.0
55119.0,0.0,0.0,0.0,2.0,10.0,35.0,57.0,98.0,335.0,333.0
51185.0,0.0,2.0,4.0,3.0,6.0,72.0,108.0,126.0,230.0,170.0
13271.0,0.0,0.0,27.0,10.0,81.0,133.0,97.0,43.0,40.0,205.0
22107.0,0.0,0.0,1.0,10.0,15.0,30.0,90.0,16.0,25.0,4.0
48443.0,0.0,0.0,0.0,0.0,2.0,0.0,1.0,0.0,1.0,5.0
48445.0,0.0,4.0,7.0,2.0,4.0,93.0,89.0,43.0,263.0,247.0
16081.0,0.0,2.0,7.0,2.0,6.0,40.0,69.0,59.0,117.0,127.0
30099.0,0.0,0.0,0.0,0.0,0.0,15.0,3.0,8.0,65.0,40.0
56039.0,0.0,20.0,76.0,4.0,29.0,206.0,95.0,147.0,225.0,354.0
29215.0,0.0,1.0,-1.0,1.0,3.0,28.0,66.0,231.0,205.0,296.0
40139.0,0.0,1.0,130.0,786.0,70.0,44.0,112.0,420.0,273.0,236.0
31169.0,0.0,0.0,0.0,1.0,0.0,24.0,2.0,4.0,40.0,84.0
20193.0,0.0,0.0,0.0,0.0,15.0,17.0,21.0,118.0,192.0,173.0
31171.0,0.0,0.0,0.0,1.0,0.0,0.0,2.0,2.0,9.0,10.0
48447.0,0.0,0.0,0.0,0.0,1.0,2.0,1.0,4.0,11.0,1.0
31173.0,0.0,0.0,4.0,42.0,39.0,115.0,23.0,43.0,85.0,101.0
13277.0,0.0,19.0,98.0,139.0,494.0,470.0,281.0,302.0,170.0,280.0
41057.0,0.0,3.0,3.0,0.0,3.0,15.0,14.0,15.0,24.0,23.0
40141.0,0.0,0.0,1.0,22.0,0.0,30.0,15.0,39.0,45.0,79.0
42117.0,0.0,2.0,14.0,1.0,8.0,10.0,14.0,29.0,127.0,280.0
28139.0,0.0,26.0,28.0,19.0,48.0,164.0,263.0,157.0,269.0,128.0
18159.0,0.0,4.0,14.0,7.0,5.0,66.0,91.0,46.0,52.0,143.0
28141.0,0.0,1.0,6.0,25.0,33.0,234.0,257.0,154.0,129.0,132.0
48449.0,0.0,0.0,16.0,435.0,348.0,490.0,213.0,98.0,95.0,77.0
21219.0,0.0,0.0,12.0,5.0,8.0,6.0,108.0,51.0,116.0,39.0
27153.0,0.0,0.0,7.0,309.0,82.0,15.0,36.0,65.0,351.0,524.0
46121.0,0.0,1.0,0.0,26.0,30.0,9.0,12.0,50.0,380.0,186.0
30101.0,0.0,7.0,22.0,0.0,2.0,0.0,16.0,64.0,225.0,230.0
13279.0,0.0,3.0,28.0,25.0,188.0,348.0,480.0,259.0,180.0,108.0
38095.0,0.0,0.0,0.0,0.0,0.0,6.0,2.0,14.0,100.0,45.0
13281.0,0.0,0.0,21.0,3.0,21.0,62.0,102.0,132.0,107.0,72.0
38097.0,0.0,0.0,0.0,13.0,4.0,24.0,29.0,54.0,222.0,185.0
27155.0,0.0,2.0,0.0,1.0,2.0,5.0,11.0,15.0,22.0,37.0
30103.0,0.0,0.0,0.0,0.0,2.0,0.0,1.0,0.0,21.0,4.0
20195.0,0.0,0.0,0.0,1.0,0.0,4.0,21.0,35.0,52.0,39.0
55121.0,0.0,0.0,3.0,22.0,91.0,185.0,110.0,259.0,453.0,591.0
13283.0,0.0,0.0,3.0,7.0,13.0,66.0,119.0,53.0,34.0,78.0
6105.0,0.0,0.0,0.0,1.0,1.0,3.0,8.0,3.0,17.0,35.0
48455.0,0.0,0.0,8.0,7.0,17.0,97.0,49.0,19.0,11.0,5.0
46123.0,0.0,0.0,0.0,6.0,10.0,4.0,2.0,142.0,121.0,101.0
54093.0,0.0,2.0,2.0,0.0,2.0,3.0,2.0,24.0,31.0,5.0
13287.0,0.0,3.0,65.0,50.0,59.0,45.0,55.0,29.0,29.0,73.0
26157.0,0.0,9.0,96.0,82.0,45.0,68.0,154.0,60.0,215.0,420.0
13289.0,0.0,2.0,6.0,9.0,10.0,66.0,73.0,31.0,14.0,31.0
16083.0,0.0,5.0,165.0,249.0,180.0,600.0,486.0,691.0,1940.0,1432.0
48457.0,0.0,1.0,5.0,6.0,13.0,87.0,63.0,53.0,33.0,19.0
54095.0,0.0,0.0,3.0,0.0,1.0,8.0,3.0,1.0,32.0,57.0
37177.0,0.0,0.0,4.0,0.0,6.0,81.0,16.0,9.0,16.0,3.0
56041.0,0.0,0.0,8.0,4.0,164.0,78.0,44.0,59.0,127.0,235.0
49047.0,0.0,1.0,5.0,0.0,0.0,0.0,0.0,0.0,0.0,0.0
5139.0,0.0,8.0,42.0,123.0,75.0,180.0,263.0,220.0,239.0,183.0
12125.0,0.0,1.0,3.0,28.0,30.0,153.0,379.0,375.0,170.0,51.0
13291.0,0.0,0.0,33.0,13.0,25.0,126.0,283.0,297.0,130.0,84.0
17181.0,0.0,0.0,17.0,137.0,34.0,88.0,150.0,98.0,286.0,123.0
19175.0,0.0,0.0,1.0,7.0,17.0,41.0,27.0,53.0,139.0,261.0
21225.0,0.0,2.0,6.0,3.0,18.0,24.0,42.0,255.0,174.0,80.0
28145.0,0.0,3.0,14.0,66.0,89.0,331.0,378.0,131.0,185.0,255.0
35059.0,0.0,0.0,3.0,1.0,3.0,18.0,6.0,0.0,8.0,12.0
41061.0,0.0,1.0,3.0,2.0,331.0,51.0,31.0,27.0,12.0,116.0
54097.0,0.0,1.0,3.0,3.0,12.0,19.0,5.0,44.0,170.0,93.0
48461.0,0.0,0.0,0.0,0.0,3.0,12.0,4.0,6.0,3.0,5.0
48465.0,0.0,5.0,8.0,7.0,204.0,1172.0,516.0,291.0,422.0,155.0
2261.0,0.0,0.0,0.0,0.0,3.0,41.0,29.0,4.0,27.0,110.0
16085.0,0.0,2.0,0.0,0.0,11.0,33.0,38.0,13.0,30.0,64.0
30105.0,0.0,0.0,0.0,0.0,3.0,8.0,29.0,52.0,289.0,107.0
31175.0,0.0,0.0,1.0,3.0,4.0,2.0,9.0,24.0,47.0,38.0
5141.0,0.0,19.0,9.0,0.0,7.0,15.0,68.0,58.0,29.0,61.0
19177.0,0.0,1.0,7.0,1.0,10.0,10.0,71.0,22.0,77.0,87.0
47175.0,0.0,0.0,2.0,2.0,3.0,23.0,41.0,96.0,50.0,57.0
48467.0,0.0,2.0,12.0,17.0,54.0,243.0,188.0,77.0,75.0,151.0
22115.0,0.0,3.0,13.0,10.0,112.0,525.0,291.0,115.0,59.0,57.0
29217.0,0.0,0.0,4.0,5.0,7.0,28.0,38.0,105.0,175.0,175.0
55123.0,0.0,0.0,1.0,20.0,14.0,20.0,52.0,140.0,248.0,273.0
55125.0,0.0,3.0,1.0,3.0,3.0,19.0,76.0,132.0,401.0,320.0
39163.0,0.0,0.0,6.0,15.0,1.0,7.0,9.0,10.0,80.0,42.0
17185.0,0.0,0.0,1.0,1.0,20.0,7.0,79.0,54.0,94.0,120.0
27159.0,0.0,0.0,1.0,9.0,5.0,8.0,26.0,24.0,128.0,303.0
53069.0,0.0,0.0,2.0,2.0,1.0,0.0,1.0,0.0,4.0,1.0
23027.0,0.0,2.0,46.0,3.0,4.0,7.0,7.0,5.0,58.0,60.0
20199.0,0.0,0.0,0.0,0.0,0.0,0.0,4.0,14.0,52.0,46.0
41063.0,0.0,1.0,0.0,1.0,6.0,11.0,3.0,11.0,22.0,14.0
38099.0,0.0,1.0,6.0,6.0,10.0,73.0,45.0,77.0,249.0,680.0
28147.0,0.0,5.0,26.0,25.0,113.0,256.0,139.0,40.0,29.0,72.0
46129.0,0.0,0.0,5.0,0.0,7.0,6.0,25.0,90.0,147.0,75.0
19179.0,0.0,1.0,9.0,583.0,107.0,127.0,258.0,260.0,228.0,527.0
38101.0,0.0,9.0,12.0,16.0,23.0,114.0,328.0,621.0,1552.0,3351.0
48475.0,0.0,0.0,0.0,1.0,18.0,64.0,23.0,28.0,41.0,73.0
13299.0,0.0,9.0,112.0,107.0,196.0,631.0,285.0,169.0,246.0,722.0
13301.0,0.0,3.0,9.0,6.0,4.0,31.0,64.0,35.0,11.0,36.0
17187.0,0.0,0.0,62.0,55.0,19.0,43.0,79.0,76.0,227.0,229.0
18171.0,0.0,2.0,9.0,1.0,2.0,5.0,19.0,3.0,67.0,66.0
37185.0,0.0,0.0,10.0,53.0,98.0,77.0,50.0,60.0,140.0,55.0
27161.0,0.0,3.0,1.0,22.0,31.0,71.0,138.0,456.0,234.0,92.0
56043.0,0.0,1.0,7.0,28.0,3.0,9.0,60.0,8.0,26.0,66.0
55129.0,0.0,0.0,1.0,1.0,2.0,17.0,44.0,49.0,149.0,180.0
1129.0,0.0,3.0,31.0,36.0,28.0,203.0,201.0,58.0,191.0,118.0
8121.0,0.0,1.0,6.0,34.0,4.0,2.0,6.0,12.0,41.0,47.0
12133.0,0.0,1.0,11.0,45.0,56.0,382.0,511.0,78.0,164.0,109.0
13303.0,0.0,2.0,40.0,32.0,31.0,295.0,214.0,62.0,102.0,236.0
16087.0,0.0,0.0,1.0,37.0,64.0,81.0,95.0,90.0,113.0,111.0
17189.0,0.0,1.0,9.0,8.0,1.0,37.0,58.0,105.0,67.0,188.0
20201.0,0.0,0.0,1.0,-1.0,1.0,1.0,7.0,12.0,18.0,167.0
21229.0,0.0,1.0,4.0,1.0,17.0,32.0,67.0,24.0,66.0,148.0
23029.0,0.0,0.0,2.0,0.0,0.0,5.0,8.0,1.0,45.0,80.0
28151.0,0.0,20.0,57.0,101.0,287.0,954.0,570.0,289.0,325.0,270.0
29221.0,0.0,0.0,8.0,3.0,10.0,34.0,183.0,192.0,293.0,412.0
37187.0,0.0,2.0,22.0,5.0,9.0,76.0,63.0,35.0,52.0,19.0
40149.0,0.0,0.0,0.0,2.0,1.0,21.0,18.0,51.0,99.0,60.0
37189.0,0.0,5.0,4.0,14.0,45.0,183.0,183.0,471.0,487.0,179.0
27165.0,0.0,1.0,10.0,63.0,129.0,96.0,144.0,92.0,54.0,64.0
55135.0,0.0,1.0,7.0,33.0,72.0,237.0,313.0,459.0,1464.0,975.0
55137.0,0.0,0.0,2.0,6.0,17.0,74.0,55.0,231.0,706.0,519.0
17191.0,0.0,0.0,2.0,7.0,5.0,26.0,71.0,189.0,232.0,176.0
18177.0,0.0,2.0,32.0,48.0,45.0,177.0,246.0,231.0,928.0,648.0
19185.0,0.0,0.0,0.0,1.0,7.0,7.0,35.0,39.0,72.0,98.0
21231.0,0.0,3.0,6.0,-1.0,7.0,35.0,45.0,63.0,137.0,100.0
28153.0,0.0,0.0,23.0,181.0,311.0,214.0,118.0,68.0,79.0,111.0
29223.0,0.0,0.0,0.0,0.0,3.0,28.0,54.0,141.0,95.0,83.0
31179.0,0.0,0.0,1.0,14.0,13.0,7.0,19.0,115.0,204.0,198.0
42127.0,0.0,10.0,90.0,19.0,21.0,18.0,17.0,63.0,55.0,47.0
47181.0,0.0,1.0,3.0,60.0,13.0,129.0,1073.0,226.0,101.0,67.0
49055.0,0.0,0.0,0.0,0.0,0.0,0.0,0.0,0.0,0.0,0.0
47183.0,0.0,1.0,22.0,3.0,34.0,169.0,613.0,392.0,345.0,272.0
13307.0,0.0,1.0,9.0,3.0,9.0,14.0,2.0,5.0,1.0,15.0
19187.0,0.0,1.0,4.0,35.0,121.0,538.0,324.0,304.0,682.0,864.0
21233.0,0.0,2.0,20.0,10.0,9.0,38.0,20.0,72.0,167.0,116.0
28155.0,0.0,5.0,13.0,51.0,54.0,58.0,123.0,35.0,39.0,20.0
31181.0,0.0,0.0,4.0,1.0,1.0,3.0,4.0,5.0,102.0,32.0
54101.0,0.0,0.0,0.0,0.0,1.0,2.0,4.0,1.0,28.0,8.0
38103.0,0.0,0.0,2.0,1.0,5.0,7.0,13.0,10.0,148.0,86.0
22123.0,0.0,0.0,4.0,58.0,62.0,123.0,68.0,34.0,28.0,43.0
51193.0,0.0,0.0,21.0,44.0,43.0,85.0,30.0,53.0,75.0,28.0
56045.0,0.0,0.0,0.0,1.0,1.0,3.0,6.0,28.0,124.0,173.0
54103.0,0.0,1.0,2.0,5.0,2.0,31.0,4.0,13.0,37.0,219.0
26165.0,0.0,2.0,7.0,2.0,14.0,38.0,39.0,27.0,57.0,155.0
30107.0,0.0,0.0,1.0,0.0,0.0,2.0,0.0,17.0,51.0,10.0
13309.0,0.0,1.0,3.0,9.0,36.0,35.0,65.0,187.0,34.0,49.0
31183.0,0.0,0.0,0.0,0.0,0.0,0.0,1.0,0.0,2.0,4.0
41069.0,0.0,0.0,0.0,0.0,0.0,0.0,0.0,0.0,1.0,0.0
48483.0,0.0,0.0,7.0,8.0,1.0,15.0,11.0,6.0,35.0,80.0
32033.0,0.0,1.0,2.0,1.0,0.0,9.0,12.0,40.0,53.0,86.0
13311.0,0.0,3.0,56.0,42.0,41.0,150.0,225.0,331.0,165.0,88.0
17193.0,0.0,0.0,2.0,0.0,2.0,52.0,67.0,53.0,113.0,121.0
18181.0,0.0,2.0,45.0,188.0,22.0,84.0,99.0,51.0,195.0,268.0
47185.0,0.0,1.0,6.0,26.0,30.0,123.0,378.0,292.0,344.0,299.0
21235.0,0.0,0.0,11.0,2.0,15.0,86.0,83.0,217.0,467.0,301.0
30109.0,0.0,0.0,0.0,0.0,0.0,1.0,4.0,4.0,35.0,13.0
20203.0,0.0,0.0,0.0,1.0,0.0,2.0,1.0,2.0,38.0,46.0
1131.0,0.0,3.0,63.0,82.0,130.0,119.0,82.0,53.0,41.0,32.0
13315.0,0.0,1.0,89.0,21.0,15.0,35.0,61.0,25.0,11.0,77.0
13317.0,0.0,2.0,23.0,8.0,23.0,120.0,49.0,43.0,14.0,111.0
13319.0,0.0,1.0,34.0,34.0,7.0,96.0,119.0,50.0,30.0,41.0
28157.0,0.0,14.0,55.0,19.0,1.0,89.0,99.0,31.0,30.0,22.0
38105.0,0.0,2.0,8.0,15.0,7.0,192.0,205.0,657.0,565.0,806.0
39171.0,0.0,0.0,34.0,21.0,10.0,52.0,41.0,64.0,152.0,397.0
45089.0,0.0,2.0,65.0,169.0,164.0,460.0,340.0,133.0,125.0,94.0
20205.0,0.0,0.0,1.0,0.0,0.0,7.0,8.0,47.0,59.0,81.0
50025.0,0.0,11.0,60.0,10.0,13.0,7.0,22.0,0.0,29.0,19.0
50027.0,0.0,18.0,22.0,11.0,7.0,12.0,9.0,8.0,41.0,22.0
48495.0,0.0,0.0,3.0,0.0,18.0,45.0,27.0,25.0,18.0,66.0
22127.0,0.0,1.0,31.0,132.0,78.0,132.0,174.0,86.0,61.0,61.0
19189.0,0.0,0.0,2.0,9.0,13.0,47.0,89.0,165.0,210.0,217.0
19191.0,0.0,3.0,12.0,9.0,5.0,48.0,142.0,127.0,191.0,196.0
1133.0,0.0,2.0,13.0,75.0,139.0,189.0,127.0,206.0,213.0,166.0
28159.0,0.0,7.0,35.0,75.0,123.0,320.0,135.0,51.0,80.0,179.0
51195.0,0.0,0.0,22.0,3.0,3.0,51.0,250.0,96.0,268.0,299.0
21237.0,0.0,0.0,0.0,1.0,1.0,7.0,18.0,14.0,29.0,62.0
48499.0,0.0,1.0,7.0,21.0,53.0,202.0,114.0,128.0,95.0,101.0
5147.0,0.0,1.0,0.0,0.0,5.0,12.0,9.0,28.0,76.0,36.0
40151.0,0.0,0.0,3.0,0.0,4.0,8.0,10.0,90.0,69.0,72.0
20207.0,0.0,2.0,3.0,1.0,4.0,1.0,1.0,5.0,10.0,20.0
40153.0,0.0,0.0,1.0,4.0,7.0,20.0,65.0,1004.0,150.0,181.0
19195.0,0.0,0.0,1.0,2.0,11.0,45.0,20.0,31.0,49.0,100.0
29227.0,0.0,0.0,1.0,3.0,0.0,4.0,4.0,9.0,13.0,10.0
19197.0,0.0,1.0,2.0,166.0,201.0,69.0,80.0,84.0,186.0,227.0
29229.0,0.0,4.0,6.0,1.0,3.0,42.0,33.0,270.0,230.0,98.0
39175.0,0.0,2.0,22.0,17.0,17.0,61.0,67.0,29.0,92.0,211.0
36121.0,0.0,8.0,59.0,19.0,9.0,17.0,14.0,11.0,62.0,141.0
54109.0,0.0,0.0,1.0,2.0,4.0,14.0,46.0,52.0,68.0,308.0
51197.0,0.0,1.0,10.0,12.0,27.0,50.0,60.0,85.0,106.0,98.0
2282.0,0.0,0.0,0.0,0.0,0.0,7.0,11.0,6.0,5.0,12.0
28161.0,0.0,6.0,13.0,74.0,59.0,156.0,57.0,79.0,131.0,54.0
37199.0,0.0,0.0,0.0,14.0,30.0,50.0,-2.0,124.0,122.0,79.0
46135.0,0.0,6.0,20.0,25.0,26.0,24.0,130.0,204.0,496.0,360.0
27173.0,0.0,0.0,3.0,3.0,23.0,18.0,40.0,113.0,92.0,157.0
48501.0,0.0,0.0,1.0,2.0,21.0,53.0,68.0,79.0,114.0,150.0
31185.0,0.0,1.0,11.0,24.0,5.0,28.0,44.0,69.0,232.0,393.0
48503.0,0.0,1.0,3.0,0.0,20.0,109.0,111.0,88.0,165.0,246.0
2290.0,0.0,0.0,1.0,0.0,2.0,42.0,26.0,10.0,39.0,14.0
8125.0,0.0,2.0,6.0,27.0,17.0,10.0,1.0,62.0,102.0,36.0
48507.0,0.0,0.0,1.0,10.0,10.0,149.0,91.0,108.0,94.0,64.0
46137.0,0.0,0.0,0.0,1.0,1.0,6.0,40.0,15.0,45.0,41.0
