,dates,Ohio_UnitedStates.CTP_CovidCases_Unknown.data,Ohio_UnitedStates.CTP_CovidCases_Unknown.missing,Ohio_UnitedStates.CTP_CovidCases_White.data,Ohio_UnitedStates.CTP_CovidCases_White.missing,Pennsylvania_UnitedStates.CTP_CovidCases_Unknown.data,Pennsylvania_UnitedStates.CTP_CovidCases_Unknown.missing,Pennsylvania_UnitedStates.CTP_CovidCases_White.data,Pennsylvania_UnitedStates.CTP_CovidCases_White.missing,RhodeIsland_UnitedStates.CTP_CovidCases_Unknown.data,RhodeIsland_UnitedStates.CTP_CovidCases_Unknown.missing,RhodeIsland_UnitedStates.CTP_CovidCases_White.data,RhodeIsland_UnitedStates.CTP_CovidCases_White.missing,Oklahoma_UnitedStates.CTP_CovidCases_Unknown.data,Oklahoma_UnitedStates.CTP_CovidCases_Unknown.missing,Oklahoma_UnitedStates.CTP_CovidCases_White.data,Oklahoma_UnitedStates.CTP_CovidCases_White.missing,Oregon_UnitedStates.CTP_CovidCases_Unknown.data,Oregon_UnitedStates.CTP_CovidCases_Unknown.missing,Oregon_UnitedStates.CTP_CovidCases_White.data,Oregon_UnitedStates.CTP_CovidCases_White.missing,NorthDakota_UnitedStates.CTP_CovidCases_Unknown.data,NorthDakota_UnitedStates.CTP_CovidCases_Unknown.missing,NorthDakota_UnitedStates.CTP_CovidCases_White.data,NorthDakota_UnitedStates.CTP_CovidCases_White.missing,NewMexico_UnitedStates.CTP_CovidCases_Unknown.data,NewMexico_UnitedStates.CTP_CovidCases_Unknown.missing,NewMexico_UnitedStates.CTP_CovidCases_White.data,NewMexico_UnitedStates.CTP_CovidCases_White.missing,NewYork_UnitedStates.CTP_CovidCases_Unknown.data,NewYork_UnitedStates.CTP_CovidCases_Unknown.missing,NewYork_UnitedStates.CTP_CovidCases_White.data,NewYork_UnitedStates.CTP_CovidCases_White.missing,NewJersey_UnitedStates.CTP_CovidCases_Unknown.data,NewJersey_UnitedStates.CTP_CovidCases_Unknown.missing,NewJersey_UnitedStates.CTP_CovidCases_White.data,NewJersey_UnitedStates.CTP_CovidCases_White.missing,NorthCarolina_UnitedStates.CTP_CovidCases_Unknown.data,NorthCarolina_UnitedStates.CTP_CovidCases_Unknown.missing,NorthCarolina_UnitedStates.CTP_CovidCases_White.data,NorthCarolina_UnitedStates.CTP_CovidCases_White.missing
0,2020-01-01,0.0,100,0.0,100,0.0,100,0.0,100,0.0,100,0.0,100,0.0,100,0.0,100,0.0,100,0.0,100,0.0,100,0.0,100,0.0,100,0.0,100,0.0,100,0.0,100,0.0,100,0.0,100,0.0,100,0.0,100
0,2020-01-02,0.0,100,0.0,100,0.0,100,0.0,100,0.0,100,0.0,100,0.0,100,0.0,100,0.0,100,0.0,100,0.0,100,0.0,100,0.0,100,0.0,100,0.0,100,0.0,100,0.0,100,0.0,100,0.0,100,0.0,100
0,2020-01-03,0.0,100,0.0,100,0.0,100,0.0,100,0.0,100,0.0,100,0.0,100,0.0,100,0.0,100,0.0,100,0.0,100,0.0,100,0.0,100,0.0,100,0.0,100,0.0,100,0.0,100,0.0,100,0.0,100,0.0,100
0,2020-01-04,0.0,100,0.0,100,0.0,100,0.0,100,0.0,100,0.0,100,0.0,100,0.0,100,0.0,100,0.0,100,0.0,100,0.0,100,0.0,100,0.0,100,0.0,100,0.0,100,0.0,100,0.0,100,0.0,100,0.0,100
0,2020-01-05,0.0,100,0.0,100,0.0,100,0.0,100,0.0,100,0.0,100,0.0,100,0.0,100,0.0,100,0.0,100,0.0,100,0.0,100,0.0,100,0.0,100,0.0,100,0.0,100,0.0,100,0.0,100,0.0,100,0.0,100
0,2020-01-06,0.0,100,0.0,100,0.0,100,0.0,100,0.0,100,0.0,100,0.0,100,0.0,100,0.0,100,0.0,100,0.0,100,0.0,100,0.0,100,0.0,100,0.0,100,0.0,100,0.0,100,0.0,100,0.0,100,0.0,100
0,2020-01-07,0.0,100,0.0,100,0.0,100,0.0,100,0.0,100,0.0,100,0.0,100,0.0,100,0.0,100,0.0,100,0.0,100,0.0,100,0.0,100,0.0,100,0.0,100,0.0,100,0.0,100,0.0,100,0.0,100,0.0,100
0,2020-01-08,0.0,100,0.0,100,0.0,100,0.0,100,0.0,100,0.0,100,0.0,100,0.0,100,0.0,100,0.0,100,0.0,100,0.0,100,0.0,100,0.0,100,0.0,100,0.0,100,0.0,100,0.0,100,0.0,100,0.0,100
0,2020-01-09,0.0,100,0.0,100,0.0,100,0.0,100,0.0,100,0.0,100,0.0,100,0.0,100,0.0,100,0.0,100,0.0,100,0.0,100,0.0,100,0.0,100,0.0,100,0.0,100,0.0,100,0.0,100,0.0,100,0.0,100
0,2020-01-10,0.0,100,0.0,100,0.0,100,0.0,100,0.0,100,0.0,100,0.0,100,0.0,100,0.0,100,0.0,100,0.0,100,0.0,100,0.0,100,0.0,100,0.0,100,0.0,100,0.0,100,0.0,100,0.0,100,0.0,100
0,2020-01-11,0.0,100,0.0,100,0.0,100,0.0,100,0.0,100,0.0,100,0.0,100,0.0,100,0.0,100,0.0,100,0.0,100,0.0,100,0.0,100,0.0,100,0.0,100,0.0,100,0.0,100,0.0,100,0.0,100,0.0,100
0,2020-01-12,0.0,100,0.0,100,0.0,100,0.0,100,0.0,100,0.0,100,0.0,100,0.0,100,0.0,100,0.0,100,0.0,100,0.0,100,0.0,100,0.0,100,0.0,100,0.0,100,0.0,100,0.0,100,0.0,100,0.0,100
0,2020-01-13,0.0,100,0.0,100,0.0,100,0.0,100,0.0,100,0.0,100,0.0,100,0.0,100,0.0,100,0.0,100,0.0,100,0.0,100,0.0,100,0.0,100,0.0,100,0.0,100,0.0,100,0.0,100,0.0,100,0.0,100
0,2020-01-14,0.0,100,0.0,100,0.0,100,0.0,100,0.0,100,0.0,100,0.0,100,0.0,100,0.0,100,0.0,100,0.0,100,0.0,100,0.0,100,0.0,100,0.0,100,0.0,100,0.0,100,0.0,100,0.0,100,0.0,100
0,2020-01-15,0.0,100,0.0,100,0.0,100,0.0,100,0.0,100,0.0,100,0.0,100,0.0,100,0.0,100,0.0,100,0.0,100,0.0,100,0.0,100,0.0,100,0.0,100,0.0,100,0.0,100,0.0,100,0.0,100,0.0,100
0,2020-01-16,0.0,100,0.0,100,0.0,100,0.0,100,0.0,100,0.0,100,0.0,100,0.0,100,0.0,100,0.0,100,0.0,100,0.0,100,0.0,100,0.0,100,0.0,100,0.0,100,0.0,100,0.0,100,0.0,100,0.0,100
0,2020-01-17,0.0,100,0.0,100,0.0,100,0.0,100,0.0,100,0.0,100,0.0,100,0.0,100,0.0,100,0.0,100,0.0,100,0.0,100,0.0,100,0.0,100,0.0,100,0.0,100,0.0,100,0.0,100,0.0,100,0.0,100
0,2020-01-18,0.0,100,0.0,100,0.0,100,0.0,100,0.0,100,0.0,100,0.0,100,0.0,100,0.0,100,0.0,100,0.0,100,0.0,100,0.0,100,0.0,100,0.0,100,0.0,100,0.0,100,0.0,100,0.0,100,0.0,100
0,2020-01-19,0.0,100,0.0,100,0.0,100,0.0,100,0.0,100,0.0,100,0.0,100,0.0,100,0.0,100,0.0,100,0.0,100,0.0,100,0.0,100,0.0,100,0.0,100,0.0,100,0.0,100,0.0,100,0.0,100,0.0,100
0,2020-01-20,0.0,100,0.0,100,0.0,100,0.0,100,0.0,100,0.0,100,0.0,100,0.0,100,0.0,100,0.0,100,0.0,100,0.0,100,0.0,100,0.0,100,0.0,100,0.0,100,0.0,100,0.0,100,0.0,100,0.0,100
0,2020-01-21,0.0,100,0.0,100,0.0,100,0.0,100,0.0,100,0.0,100,0.0,100,0.0,100,0.0,100,0.0,100,0.0,100,0.0,100,0.0,100,0.0,100,0.0,100,0.0,100,0.0,100,0.0,100,0.0,100,0.0,100
0,2020-01-22,0.0,100,0.0,100,0.0,100,0.0,100,0.0,100,0.0,100,0.0,100,0.0,100,0.0,100,0.0,100,0.0,100,0.0,100,0.0,100,0.0,100,0.0,100,0.0,100,0.0,100,0.0,100,0.0,100,0.0,100
0,2020-01-23,0.0,100,0.0,100,0.0,100,0.0,100,0.0,100,0.0,100,0.0,100,0.0,100,0.0,100,0.0,100,0.0,100,0.0,100,0.0,100,0.0,100,0.0,100,0.0,100,0.0,100,0.0,100,0.0,100,0.0,100
0,2020-01-24,0.0,100,0.0,100,0.0,100,0.0,100,0.0,100,0.0,100,0.0,100,0.0,100,0.0,100,0.0,100,0.0,100,0.0,100,0.0,100,0.0,100,0.0,100,0.0,100,0.0,100,0.0,100,0.0,100,0.0,100
0,2020-01-25,0.0,100,0.0,100,0.0,100,0.0,100,0.0,100,0.0,100,0.0,100,0.0,100,0.0,100,0.0,100,0.0,100,0.0,100,0.0,100,0.0,100,0.0,100,0.0,100,0.0,100,0.0,100,0.0,100,0.0,100
0,2020-01-26,0.0,100,0.0,100,0.0,100,0.0,100,0.0,100,0.0,100,0.0,100,0.0,100,0.0,100,0.0,100,0.0,100,0.0,100,0.0,100,0.0,100,0.0,100,0.0,100,0.0,100,0.0,100,0.0,100,0.0,100
0,2020-01-27,0.0,100,0.0,100,0.0,100,0.0,100,0.0,100,0.0,100,0.0,100,0.0,100,0.0,100,0.0,100,0.0,100,0.0,100,0.0,100,0.0,100,0.0,100,0.0,100,0.0,100,0.0,100,0.0,100,0.0,100
0,2020-01-28,0.0,100,0.0,100,0.0,100,0.0,100,0.0,100,0.0,100,0.0,100,0.0,100,0.0,100,0.0,100,0.0,100,0.0,100,0.0,100,0.0,100,0.0,100,0.0,100,0.0,100,0.0,100,0.0,100,0.0,100
0,2020-01-29,0.0,100,0.0,100,0.0,100,0.0,100,0.0,100,0.0,100,0.0,100,0.0,100,0.0,100,0.0,100,0.0,100,0.0,100,0.0,100,0.0,100,0.0,100,0.0,100,0.0,100,0.0,100,0.0,100,0.0,100
0,2020-01-30,0.0,100,0.0,100,0.0,100,0.0,100,0.0,100,0.0,100,0.0,100,0.0,100,0.0,100,0.0,100,0.0,100,0.0,100,0.0,100,0.0,100,0.0,100,0.0,100,0.0,100,0.0,100,0.0,100,0.0,100
0,2020-01-31,0.0,100,0.0,100,0.0,100,0.0,100,0.0,100,0.0,100,0.0,100,0.0,100,0.0,100,0.0,100,0.0,100,0.0,100,0.0,100,0.0,100,0.0,100,0.0,100,0.0,100,0.0,100,0.0,100,0.0,100
0,2020-02-01,0.0,100,0.0,100,0.0,100,0.0,100,0.0,100,0.0,100,0.0,100,0.0,100,0.0,100,0.0,100,0.0,100,0.0,100,0.0,100,0.0,100,0.0,100,0.0,100,0.0,100,0.0,100,0.0,100,0.0,100
0,2020-02-02,0.0,100,0.0,100,0.0,100,0.0,100,0.0,100,0.0,100,0.0,100,0.0,100,0.0,100,0.0,100,0.0,100,0.0,100,0.0,100,0.0,100,0.0,100,0.0,100,0.0,100,0.0,100,0.0,100,0.0,100
0,2020-02-03,0.0,100,0.0,100,0.0,100,0.0,100,0.0,100,0.0,100,0.0,100,0.0,100,0.0,100,0.0,100,0.0,100,0.0,100,0.0,100,0.0,100,0.0,100,0.0,100,0.0,100,0.0,100,0.0,100,0.0,100
0,2020-02-04,0.0,100,0.0,100,0.0,100,0.0,100,0.0,100,0.0,100,0.0,100,0.0,100,0.0,100,0.0,100,0.0,100,0.0,100,0.0,100,0.0,100,0.0,100,0.0,100,0.0,100,0.0,100,0.0,100,0.0,100
0,2020-02-05,0.0,100,0.0,100,0.0,100,0.0,100,0.0,100,0.0,100,0.0,100,0.0,100,0.0,100,0.0,100,0.0,100,0.0,100,0.0,100,0.0,100,0.0,100,0.0,100,0.0,100,0.0,100,0.0,100,0.0,100
0,2020-02-06,0.0,100,0.0,100,0.0,100,0.0,100,0.0,100,0.0,100,0.0,100,0.0,100,0.0,100,0.0,100,0.0,100,0.0,100,0.0,100,0.0,100,0.0,100,0.0,100,0.0,100,0.0,100,0.0,100,0.0,100
0,2020-02-07,0.0,100,0.0,100,0.0,100,0.0,100,0.0,100,0.0,100,0.0,100,0.0,100,0.0,100,0.0,100,0.0,100,0.0,100,0.0,100,0.0,100,0.0,100,0.0,100,0.0,100,0.0,100,0.0,100,0.0,100
0,2020-02-08,0.0,100,0.0,100,0.0,100,0.0,100,0.0,100,0.0,100,0.0,100,0.0,100,0.0,100,0.0,100,0.0,100,0.0,100,0.0,100,0.0,100,0.0,100,0.0,100,0.0,100,0.0,100,0.0,100,0.0,100
0,2020-02-09,0.0,100,0.0,100,0.0,100,0.0,100,0.0,100,0.0,100,0.0,100,0.0,100,0.0,100,0.0,100,0.0,100,0.0,100,0.0,100,0.0,100,0.0,100,0.0,100,0.0,100,0.0,100,0.0,100,0.0,100
0,2020-02-10,0.0,100,0.0,100,0.0,100,0.0,100,0.0,100,0.0,100,0.0,100,0.0,100,0.0,100,0.0,100,0.0,100,0.0,100,0.0,100,0.0,100,0.0,100,0.0,100,0.0,100,0.0,100,0.0,100,0.0,100
0,2020-02-11,0.0,100,0.0,100,0.0,100,0.0,100,0.0,100,0.0,100,0.0,100,0.0,100,0.0,100,0.0,100,0.0,100,0.0,100,0.0,100,0.0,100,0.0,100,0.0,100,0.0,100,0.0,100,0.0,100,0.0,100
0,2020-02-12,0.0,100,0.0,100,0.0,100,0.0,100,0.0,100,0.0,100,0.0,100,0.0,100,0.0,100,0.0,100,0.0,100,0.0,100,0.0,100,0.0,100,0.0,100,0.0,100,0.0,100,0.0,100,0.0,100,0.0,100
0,2020-02-13,0.0,100,0.0,100,0.0,100,0.0,100,0.0,100,0.0,100,0.0,100,0.0,100,0.0,100,0.0,100,0.0,100,0.0,100,0.0,100,0.0,100,0.0,100,0.0,100,0.0,100,0.0,100,0.0,100,0.0,100
0,2020-02-14,0.0,100,0.0,100,0.0,100,0.0,100,0.0,100,0.0,100,0.0,100,0.0,100,0.0,100,0.0,100,0.0,100,0.0,100,0.0,100,0.0,100,0.0,100,0.0,100,0.0,100,0.0,100,0.0,100,0.0,100
0,2020-02-15,0.0,100,0.0,100,0.0,100,0.0,100,0.0,100,0.0,100,0.0,100,0.0,100,0.0,100,0.0,100,0.0,100,0.0,100,0.0,100,0.0,100,0.0,100,0.0,100,0.0,100,0.0,100,0.0,100,0.0,100
0,2020-02-16,0.0,100,0.0,100,0.0,100,0.0,100,0.0,100,0.0,100,0.0,100,0.0,100,0.0,100,0.0,100,0.0,100,0.0,100,0.0,100,0.0,100,0.0,100,0.0,100,0.0,100,0.0,100,0.0,100,0.0,100
0,2020-02-17,0.0,100,0.0,100,0.0,100,0.0,100,0.0,100,0.0,100,0.0,100,0.0,100,0.0,100,0.0,100,0.0,100,0.0,100,0.0,100,0.0,100,0.0,100,0.0,100,0.0,100,0.0,100,0.0,100,0.0,100
0,2020-02-18,0.0,100,0.0,100,0.0,100,0.0,100,0.0,100,0.0,100,0.0,100,0.0,100,0.0,100,0.0,100,0.0,100,0.0,100,0.0,100,0.0,100,0.0,100,0.0,100,0.0,100,0.0,100,0.0,100,0.0,100
0,2020-02-19,0.0,100,0.0,100,0.0,100,0.0,100,0.0,100,0.0,100,0.0,100,0.0,100,0.0,100,0.0,100,0.0,100,0.0,100,0.0,100,0.0,100,0.0,100,0.0,100,0.0,100,0.0,100,0.0,100,0.0,100
0,2020-02-20,0.0,100,0.0,100,0.0,100,0.0,100,0.0,100,0.0,100,0.0,100,0.0,100,0.0,100,0.0,100,0.0,100,0.0,100,0.0,100,0.0,100,0.0,100,0.0,100,0.0,100,0.0,100,0.0,100,0.0,100
0,2020-02-21,0.0,100,0.0,100,0.0,100,0.0,100,0.0,100,0.0,100,0.0,100,0.0,100,0.0,100,0.0,100,0.0,100,0.0,100,0.0,100,0.0,100,0.0,100,0.0,100,0.0,100,0.0,100,0.0,100,0.0,100
0,2020-02-22,0.0,100,0.0,100,0.0,100,0.0,100,0.0,100,0.0,100,0.0,100,0.0,100,0.0,100,0.0,100,0.0,100,0.0,100,0.0,100,0.0,100,0.0,100,0.0,100,0.0,100,0.0,100,0.0,100,0.0,100
0,2020-02-23,0.0,100,0.0,100,0.0,100,0.0,100,0.0,100,0.0,100,0.0,100,0.0,100,0.0,100,0.0,100,0.0,100,0.0,100,0.0,100,0.0,100,0.0,100,0.0,100,0.0,100,0.0,100,0.0,100,0.0,100
0,2020-02-24,0.0,100,0.0,100,0.0,100,0.0,100,0.0,100,0.0,100,0.0,100,0.0,100,0.0,100,0.0,100,0.0,100,0.0,100,0.0,100,0.0,100,0.0,100,0.0,100,0.0,100,0.0,100,0.0,100,0.0,100
0,2020-02-25,0.0,100,0.0,100,0.0,100,0.0,100,0.0,100,0.0,100,0.0,100,0.0,100,0.0,100,0.0,100,0.0,100,0.0,100,0.0,100,0.0,100,0.0,100,0.0,100,0.0,100,0.0,100,0.0,100,0.0,100
0,2020-02-26,0.0,100,0.0,100,0.0,100,0.0,100,0.0,100,0.0,100,0.0,100,0.0,100,0.0,100,0.0,100,0.0,100,0.0,100,0.0,100,0.0,100,0.0,100,0.0,100,0.0,100,0.0,100,0.0,100,0.0,100
0,2020-02-27,0.0,100,0.0,100,0.0,100,0.0,100,0.0,100,0.0,100,0.0,100,0.0,100,0.0,100,0.0,100,0.0,100,0.0,100,0.0,100,0.0,100,0.0,100,0.0,100,0.0,100,0.0,100,0.0,100,0.0,100
0,2020-02-28,0.0,100,0.0,100,0.0,100,0.0,100,0.0,100,0.0,100,0.0,100,0.0,100,0.0,100,0.0,100,0.0,100,0.0,100,0.0,100,0.0,100,0.0,100,0.0,100,0.0,100,0.0,100,0.0,100,0.0,100
0,2020-02-29,0.0,100,0.0,100,0.0,100,0.0,100,0.0,100,0.0,100,0.0,100,0.0,100,0.0,100,0.0,100,0.0,100,0.0,100,0.0,100,0.0,100,0.0,100,0.0,100,0.0,100,0.0,100,0.0,100,0.0,100
0,2020-03-01,0.0,100,0.0,100,0.0,100,0.0,100,0.0,100,0.0,100,0.0,100,0.0,100,0.0,100,0.0,100,0.0,100,0.0,100,0.0,100,0.0,100,0.0,100,0.0,100,0.0,100,0.0,100,0.0,100,0.0,100
0,2020-03-02,0.0,100,0.0,100,0.0,100,0.0,100,0.0,100,0.0,100,0.0,100,0.0,100,0.0,100,0.0,100,0.0,100,0.0,100,0.0,100,0.0,100,0.0,100,0.0,100,0.0,100,0.0,100,0.0,100,0.0,100
0,2020-03-03,0.0,100,0.0,100,0.0,100,0.0,100,0.0,100,0.0,100,0.0,100,0.0,100,0.0,100,0.0,100,0.0,100,0.0,100,0.0,100,0.0,100,0.0,100,0.0,100,0.0,100,0.0,100,0.0,100,0.0,100
0,2020-03-04,0.0,100,0.0,100,0.0,100,0.0,100,0.0,100,0.0,100,0.0,100,0.0,100,0.0,100,0.0,100,0.0,100,0.0,100,0.0,100,0.0,100,0.0,100,0.0,100,0.0,100,0.0,100,0.0,100,0.0,100
0,2020-03-05,0.0,100,0.0,100,0.0,100,0.0,100,0.0,100,0.0,100,0.0,100,0.0,100,0.0,100,0.0,100,0.0,100,0.0,100,0.0,100,0.0,100,0.0,100,0.0,100,0.0,100,0.0,100,0.0,100,0.0,100
0,2020-03-06,0.0,100,0.0,100,0.0,100,0.0,100,0.0,100,0.0,100,0.0,100,0.0,100,0.0,100,0.0,100,0.0,100,0.0,100,0.0,100,0.0,100,0.0,100,0.0,100,0.0,100,0.0,100,0.0,100,0.0,100
0,2020-03-07,0.0,100,0.0,100,0.0,100,0.0,100,0.0,100,0.0,100,0.0,100,0.0,100,0.0,100,0.0,100,0.0,100,0.0,100,0.0,100,0.0,100,0.0,100,0.0,100,0.0,100,0.0,100,0.0,100,0.0,100
0,2020-03-08,0.0,100,0.0,100,0.0,100,0.0,100,0.0,100,0.0,100,0.0,100,0.0,100,0.0,100,0.0,100,0.0,100,0.0,100,0.0,100,0.0,100,0.0,100,0.0,100,0.0,100,0.0,100,0.0,100,0.0,100
0,2020-03-09,0.0,100,0.0,100,0.0,100,0.0,100,0.0,100,0.0,100,0.0,100,0.0,100,0.0,100,0.0,100,0.0,100,0.0,100,0.0,100,0.0,100,0.0,100,0.0,100,0.0,100,0.0,100,0.0,100,0.0,100
0,2020-03-10,0.0,100,0.0,100,0.0,100,0.0,100,0.0,100,0.0,100,0.0,100,0.0,100,0.0,100,0.0,100,0.0,100,0.0,100,0.0,100,0.0,100,0.0,100,0.0,100,0.0,100,0.0,100,0.0,100,0.0,100
0,2020-03-11,0.0,100,0.0,100,0.0,100,0.0,100,0.0,100,0.0,100,0.0,100,0.0,100,0.0,100,0.0,100,0.0,100,0.0,100,0.0,100,0.0,100,0.0,100,0.0,100,0.0,100,0.0,100,0.0,100,0.0,100
0,2020-03-12,0.0,100,0.0,100,0.0,100,0.0,100,0.0,100,0.0,100,0.0,100,0.0,100,0.0,100,0.0,100,0.0,100,0.0,100,0.0,100,0.0,100,0.0,100,0.0,100,0.0,100,0.0,100,0.0,100,0.0,100
0,2020-03-13,0.0,100,0.0,100,0.0,100,0.0,100,0.0,100,0.0,100,0.0,100,0.0,100,0.0,100,0.0,100,0.0,100,0.0,100,0.0,100,0.0,100,0.0,100,0.0,100,0.0,100,0.0,100,0.0,100,0.0,100
0,2020-03-14,0.0,100,0.0,100,0.0,100,0.0,100,0.0,100,0.0,100,0.0,100,0.0,100,0.0,100,0.0,100,0.0,100,0.0,100,0.0,100,0.0,100,0.0,100,0.0,100,0.0,100,0.0,100,0.0,100,0.0,100
0,2020-03-15,0.0,100,0.0,100,0.0,100,0.0,100,0.0,100,0.0,100,0.0,100,0.0,100,0.0,100,0.0,100,0.0,100,0.0,100,0.0,100,0.0,100,0.0,100,0.0,100,0.0,100,0.0,100,0.0,100,0.0,100
0,2020-03-16,0.0,100,0.0,100,0.0,100,0.0,100,0.0,100,0.0,100,0.0,100,0.0,100,0.0,100,0.0,100,0.0,100,0.0,100,0.0,100,0.0,100,0.0,100,0.0,100,0.0,100,0.0,100,0.0,100,0.0,100
0,2020-03-17,0.0,100,0.0,100,0.0,100,0.0,100,0.0,100,0.0,100,0.0,100,0.0,100,0.0,100,0.0,100,0.0,100,0.0,100,0.0,100,0.0,100,0.0,100,0.0,100,0.0,100,0.0,100,0.0,100,0.0,100
0,2020-03-18,0.0,100,0.0,100,0.0,100,0.0,100,0.0,100,0.0,100,0.0,100,0.0,100,0.0,100,0.0,100,0.0,100,0.0,100,0.0,100,0.0,100,0.0,100,0.0,100,0.0,100,0.0,100,0.0,100,0.0,100
0,2020-03-19,0.0,100,0.0,100,0.0,100,0.0,100,0.0,100,0.0,100,0.0,100,0.0,100,0.0,100,0.0,100,0.0,100,0.0,100,0.0,100,0.0,100,0.0,100,0.0,100,0.0,100,0.0,100,0.0,100,0.0,100
0,2020-03-20,0.0,100,0.0,100,0.0,100,0.0,100,0.0,100,0.0,100,0.0,100,0.0,100,0.0,100,0.0,100,0.0,100,0.0,100,0.0,100,0.0,100,0.0,100,0.0,100,0.0,100,0.0,100,0.0,100,0.0,100
0,2020-03-21,0.0,100,0.0,100,0.0,100,0.0,100,0.0,100,0.0,100,0.0,100,0.0,100,0.0,100,0.0,100,0.0,100,0.0,100,0.0,100,0.0,100,0.0,100,0.0,100,0.0,100,0.0,100,0.0,100,0.0,100
0,2020-03-22,0.0,100,0.0,100,0.0,100,0.0,100,0.0,100,0.0,100,0.0,100,0.0,100,0.0,100,0.0,100,0.0,100,0.0,100,0.0,100,0.0,100,0.0,100,0.0,100,0.0,100,0.0,100,0.0,100,0.0,100
0,2020-03-23,0.0,100,0.0,100,0.0,100,0.0,100,0.0,100,0.0,100,0.0,100,0.0,100,0.0,100,0.0,100,0.0,100,0.0,100,0.0,100,0.0,100,0.0,100,0.0,100,0.0,100,0.0,100,0.0,100,0.0,100
0,2020-03-24,0.0,100,0.0,100,0.0,100,0.0,100,0.0,100,0.0,100,0.0,100,0.0,100,0.0,100,0.0,100,0.0,100,0.0,100,0.0,100,0.0,100,0.0,100,0.0,100,0.0,100,0.0,100,0.0,100,0.0,100
0,2020-03-25,0.0,100,0.0,100,0.0,100,0.0,100,0.0,100,0.0,100,0.0,100,0.0,100,0.0,100,0.0,100,0.0,100,0.0,100,0.0,100,0.0,100,0.0,100,0.0,100,0.0,100,0.0,100,0.0,100,0.0,100
0,2020-03-26,0.0,100,0.0,100,0.0,100,0.0,100,0.0,100,0.0,100,0.0,100,0.0,100,0.0,100,0.0,100,0.0,100,0.0,100,0.0,100,0.0,100,0.0,100,0.0,100,0.0,100,0.0,100,0.0,100,0.0,100
0,2020-03-27,0.0,100,0.0,100,0.0,100,0.0,100,0.0,100,0.0,100,0.0,100,0.0,100,0.0,100,0.0,100,0.0,100,0.0,100,0.0,100,0.0,100,0.0,100,0.0,100,0.0,100,0.0,100,0.0,100,0.0,100
0,2020-03-28,0.0,100,0.0,100,0.0,100,0.0,100,0.0,100,0.0,100,0.0,100,0.0,100,0.0,100,0.0,100,0.0,100,0.0,100,0.0,100,0.0,100,0.0,100,0.0,100,0.0,100,0.0,100,0.0,100,0.0,100
0,2020-03-29,0.0,100,0.0,100,0.0,100,0.0,100,0.0,100,0.0,100,0.0,100,0.0,100,0.0,100,0.0,100,0.0,100,0.0,100,0.0,100,0.0,100,0.0,100,0.0,100,0.0,100,0.0,100,0.0,100,0.0,100
0,2020-03-30,0.0,100,0.0,100,0.0,100,0.0,100,0.0,100,0.0,100,0.0,100,0.0,100,0.0,100,0.0,100,0.0,100,0.0,100,0.0,100,0.0,100,0.0,100,0.0,100,0.0,100,0.0,100,0.0,100,0.0,100
0,2020-03-31,0.0,100,0.0,100,0.0,100,0.0,100,0.0,100,0.0,100,0.0,100,0.0,100,0.0,100,0.0,100,0.0,100,0.0,100,0.0,100,0.0,100,0.0,100,0.0,100,0.0,100,0.0,100,0.0,100,0.0,100
0,2020-04-01,0.0,100,0.0,100,0.0,100,0.0,100,0.0,100,0.0,100,0.0,100,0.0,100,0.0,100,0.0,100,0.0,100,0.0,100,0.0,100,0.0,100,0.0,100,0.0,100,0.0,100,0.0,100,0.0,100,0.0,100
0,2020-04-02,0.0,100,0.0,100,0.0,100,0.0,100,0.0,100,0.0,100,0.0,100,0.0,100,0.0,100,0.0,100,0.0,100,0.0,100,0.0,100,0.0,100,0.0,100,0.0,100,0.0,100,0.0,100,0.0,100,0.0,100
0,2020-04-03,0.0,100,0.0,100,0.0,100,0.0,100,0.0,100,0.0,100,0.0,100,0.0,100,0.0,100,0.0,100,0.0,100,0.0,100,0.0,100,0.0,100,0.0,100,0.0,100,0.0,100,0.0,100,0.0,100,0.0,100
0,2020-04-04,0.0,100,0.0,100,0.0,100,0.0,100,0.0,100,0.0,100,0.0,100,0.0,100,0.0,100,0.0,100,0.0,100,0.0,100,0.0,100,0.0,100,0.0,100,0.0,100,0.0,100,0.0,100,0.0,100,0.0,100
0,2020-04-05,0.0,100,0.0,100,0.0,100,0.0,100,0.0,100,0.0,100,0.0,100,0.0,100,0.0,100,0.0,100,0.0,100,0.0,100,0.0,100,0.0,100,0.0,100,0.0,100,0.0,100,0.0,100,0.0,100,0.0,100
0,2020-04-06,0.0,100,0.0,100,0.0,100,0.0,100,0.0,100,0.0,100,0.0,100,0.0,100,0.0,100,0.0,100,0.0,100,0.0,100,0.0,100,0.0,100,0.0,100,0.0,100,0.0,100,0.0,100,0.0,100,0.0,100
0,2020-04-07,0.0,100,0.0,100,0.0,100,0.0,100,0.0,100,0.0,100,0.0,100,0.0,100,0.0,100,0.0,100,0.0,100,0.0,100,0.0,100,0.0,100,0.0,100,0.0,100,0.0,100,0.0,100,0.0,100,0.0,100
0,2020-04-08,0.0,100,0.0,100,0.0,100,0.0,100,0.0,100,0.0,100,0.0,100,0.0,100,0.0,100,0.0,100,0.0,100,0.0,100,0.0,100,0.0,100,0.0,100,0.0,100,0.0,100,0.0,100,0.0,100,0.0,100
0,2020-04-09,0.0,100,0.0,100,0.0,100,0.0,100,0.0,100,0.0,100,0.0,100,0.0,100,0.0,100,0.0,100,0.0,100,0.0,100,0.0,100,0.0,100,0.0,100,0.0,100,0.0,100,0.0,100,0.0,100,0.0,100
0,2020-04-10,0.0,100,0.0,100,0.0,100,0.0,100,0.0,100,0.0,100,0.0,100,0.0,100,0.0,100,0.0,100,0.0,100,0.0,100,0.0,100,0.0,100,0.0,100,0.0,100,0.0,100,0.0,100,0.0,100,0.0,100
0,2020-04-11,0.0,100,0.0,100,0.0,100,0.0,100,0.0,100,0.0,100,0.0,100,0.0,100,0.0,100,0.0,100,0.0,100,0.0,100,0.0,100,0.0,100,0.0,100,0.0,100,0.0,100,0.0,100,0.0,100,0.0,100
0,2020-04-12,1259.0,0,3524.0,0,0.0,100,0.0,100,0.0,100,0.0,100,0.0,100,0.0,100,0.0,100,0.0,100,0.0,100,0.0,100,0.0,100,0.0,100,0.0,100,0.0,100,0.0,100,0.0,100,1315.0,0,1768.0,0
0,2020-04-13,1259.0,0,3524.0,0,0.0,100,0.0,100,0.0,100,0.0,100,0.0,100,0.0,100,0.0,100,0.0,100,0.0,100,0.0,100,0.0,100,0.0,100,0.0,100,0.0,100,0.0,100,0.0,100,1315.0,0,1768.0,0
0,2020-04-14,1259.0,0,3524.0,0,0.0,100,0.0,100,0.0,100,0.0,100,0.0,100,0.0,100,0.0,100,0.0,100,0.0,100,0.0,100,0.0,100,0.0,100,0.0,100,0.0,100,0.0,100,0.0,100,1315.0,0,1768.0,0
0,2020-04-15,1313.0,0,4198.0,0,0.0,100,0.0,100,0.0,100,0.0,100,0.0,100,0.0,100,0.0,100,0.0,100,0.0,100,0.0,100,122.0,0,348.0,0,0.0,100,0.0,100,0.0,100,0.0,100,1191.0,0,2177.0,0
0,2020-04-16,1313.0,0,4198.0,0,0.0,100,0.0,100,0.0,100,0.0,100,0.0,100,0.0,100,0.0,100,0.0,100,0.0,100,0.0,100,122.0,0,348.0,0,0.0,100,0.0,100,0.0,100,0.0,100,1191.0,0,2177.0,0
0,2020-04-17,1313.0,0,4198.0,0,0.0,100,0.0,100,0.0,100,0.0,100,0.0,100,0.0,100,0.0,100,0.0,100,0.0,100,0.0,100,122.0,0,348.0,0,0.0,100,0.0,100,0.0,100,0.0,100,1191.0,0,2177.0,0
0,2020-04-18,1313.0,0,4198.0,0,0.0,100,0.0,100,0.0,100,0.0,100,0.0,100,0.0,100,0.0,100,0.0,100,0.0,100,0.0,100,122.0,0,348.0,0,0.0,100,0.0,100,0.0,100,0.0,100,1191.0,0,2177.0,0
0,2020-04-19,1434.0,0,5758.0,0,0.0,100,0.0,100,0.0,100,0.0,100,0.0,100,0.0,100,392.0,0,766.0,0,0.0,100,0.0,100,226.0,0,376.0,0,0.0,100,0.0,100,0.0,100,0.0,100,1573.0,0,2664.0,0
0,2020-04-20,1434.0,0,5758.0,0,0.0,100,0.0,100,0.0,100,0.0,100,0.0,100,0.0,100,392.0,0,766.0,0,0.0,100,0.0,100,226.0,0,376.0,0,0.0,100,0.0,100,0.0,100,0.0,100,1573.0,0,2664.0,0
0,2020-04-21,1434.0,0,5758.0,0,0.0,100,0.0,100,0.0,100,0.0,100,0.0,100,0.0,100,392.0,0,766.0,0,0.0,100,0.0,100,226.0,0,376.0,0,0.0,100,0.0,100,0.0,100,0.0,100,1573.0,0,2664.0,0
0,2020-04-22,1450.0,0,6915.0,0,25289.0,0,6639.0,0,61.0,0,2394.0,0,315.0,0,2057.0,0,244.0,0,1065.0,0,0.0,100,0.0,100,216.0,0,426.0,0,0.0,100,0.0,100,0.0,100,0.0,100,1772.0,0,2898.0,0
0,2020-04-23,1450.0,0,6915.0,0,25289.0,0,6639.0,0,61.0,0,2394.0,0,315.0,0,2057.0,0,244.0,0,1065.0,0,0.0,100,0.0,100,216.0,0,426.0,0,0.0,100,0.0,100,0.0,100,0.0,100,1772.0,0,2898.0,0
0,2020-04-24,1450.0,0,6915.0,0,25289.0,0,6639.0,0,61.0,0,2394.0,0,315.0,0,2057.0,0,244.0,0,1065.0,0,0.0,100,0.0,100,216.0,0,426.0,0,0.0,100,0.0,100,0.0,100,0.0,100,1772.0,0,2898.0,0
0,2020-04-25,1450.0,0,6915.0,0,25289.0,0,6639.0,0,61.0,0,2394.0,0,315.0,0,2057.0,0,244.0,0,1065.0,0,0.0,100,0.0,100,216.0,0,426.0,0,0.0,100,0.0,100,0.0,100,0.0,100,1772.0,0,2898.0,0
0,2020-04-26,1784.0,0,7976.0,0,28250.0,0,8292.0,0,1.0,0,2901.0,0,344.0,0,2295.0,0,244.0,0,1065.0,0,0.0,100,0.0,100,217.0,0,502.0,0,0.0,100,0.0,100,0.0,100,0.0,100,2234.0,0,3485.0,0
0,2020-04-27,1784.0,0,7976.0,0,28250.0,0,8292.0,0,1.0,0,2901.0,0,344.0,0,2295.0,0,244.0,0,1065.0,0,0.0,100,0.0,100,217.0,0,502.0,0,0.0,100,0.0,100,0.0,100,0.0,100,2234.0,0,3485.0,0
0,2020-04-28,1784.0,0,7976.0,0,28250.0,0,8292.0,0,1.0,0,2901.0,0,344.0,0,2295.0,0,244.0,0,1065.0,0,0.0,100,0.0,100,217.0,0,502.0,0,0.0,100,0.0,100,0.0,100,0.0,100,2234.0,0,3485.0,0
0,2020-04-29,1971.0,0,8931.0,0,29831.0,0,9327.0,0,84.0,0,3216.0,0,382.0,0,2438.0,0,265.0,0,1280.0,0,0.0,100,0.0,100,215.0,0,518.0,0,0.0,100,0.0,100,0.0,100,0.0,100,2616.0,0,3816.0,0
0,2020-04-30,1971.0,0,8931.0,0,29831.0,0,9327.0,0,84.0,0,3216.0,0,382.0,0,2438.0,0,265.0,0,1280.0,0,0.0,100,0.0,100,215.0,0,518.0,0,0.0,100,0.0,100,0.0,100,0.0,100,2616.0,0,3816.0,0
0,2020-05-01,1971.0,0,8931.0,0,29831.0,0,9327.0,0,84.0,0,3216.0,0,382.0,0,2438.0,0,265.0,0,1280.0,0,0.0,100,0.0,100,215.0,0,518.0,0,0.0,100,0.0,100,0.0,100,0.0,100,2616.0,0,3816.0,0
0,2020-05-02,1971.0,0,8931.0,0,29831.0,0,9327.0,0,84.0,0,3216.0,0,382.0,0,2438.0,0,265.0,0,1280.0,0,0.0,100,0.0,100,215.0,0,518.0,0,0.0,100,0.0,100,0.0,100,0.0,100,2616.0,0,3816.0,0
0,2020-05-03,2331.0,0,10337.0,0,32306.0,0,10889.0,0,1.0,0,3696.0,0,438.0,0,2780.0,0,265.0,0,1280.0,0,0.0,100,0.0,100,235.0,0,608.0,0,0.0,100,0.0,100,0.0,100,0.0,100,3012.0,0,4526.0,0
0,2020-05-04,2331.0,0,10337.0,0,32306.0,0,10889.0,0,1.0,0,3696.0,0,438.0,0,2780.0,0,265.0,0,1280.0,0,0.0,100,0.0,100,235.0,0,608.0,0,0.0,100,0.0,100,0.0,100,0.0,100,3012.0,0,4526.0,0
0,2020-05-05,2331.0,0,10337.0,0,32306.0,0,10889.0,0,1.0,0,3696.0,0,438.0,0,2780.0,0,265.0,0,1280.0,0,0.0,100,0.0,100,235.0,0,608.0,0,0.0,100,0.0,100,0.0,100,0.0,100,3012.0,0,4526.0,0
0,2020-05-06,2525.0,0,11143.0,0,33341.0,0,11937.0,0,2.0,0,3764.0,0,394.0,0,2994.0,0,287.0,0,1456.0,0,0.0,100,0.0,100,133.0,0,659.0,0,0.0,100,0.0,100,0.0,100,0.0,100,3271.0,0,4979.0,0
0,2020-05-07,2525.0,0,11143.0,0,33341.0,0,11937.0,0,2.0,0,3764.0,0,394.0,0,2994.0,0,287.0,0,1456.0,0,0.0,100,0.0,100,133.0,0,659.0,0,0.0,100,0.0,100,0.0,100,0.0,100,3271.0,0,4979.0,0
0,2020-05-08,2525.0,0,11143.0,0,33341.0,0,11937.0,0,2.0,0,3764.0,0,394.0,0,2994.0,0,287.0,0,1456.0,0,0.0,100,0.0,100,133.0,0,659.0,0,0.0,100,0.0,100,0.0,100,0.0,100,3271.0,0,4979.0,0
0,2020-05-09,2525.0,0,11143.0,0,33341.0,0,11937.0,0,2.0,0,3764.0,0,394.0,0,2994.0,0,287.0,0,1456.0,0,0.0,100,0.0,100,133.0,0,659.0,0,0.0,100,0.0,100,0.0,100,0.0,100,3271.0,0,4979.0,0
0,2020-05-10,2869.0,0,12337.0,0,35708.0,0,13526.0,0,1624.0,0,3764.0,0,480.0,0,3194.0,0,773.0,0,1456.0,0,1491.0,0,0.0,100,134.0,0,696.0,0,335395.0,0,0.0,100,138532.0,0,0.0,100,3889.0,0,5761.0,0
0,2020-05-11,2869.0,0,12337.0,0,35708.0,0,13526.0,0,1624.0,0,3764.0,0,480.0,0,3194.0,0,773.0,0,1456.0,0,1491.0,0,0.0,100,134.0,0,696.0,0,335395.0,0,0.0,100,138532.0,0,0.0,100,3889.0,0,5761.0,0
0,2020-05-12,2869.0,0,12337.0,0,35708.0,0,13526.0,0,1624.0,0,3764.0,0,480.0,0,3194.0,0,773.0,0,1456.0,0,1491.0,0,0.0,100,134.0,0,696.0,0,335395.0,0,0.0,100,138532.0,0,0.0,100,3889.0,0,5761.0,0
0,2020-05-13,2933.0,0,13240.0,0,36577.0,0,14386.0,0,2185.0,0,3764.0,0,544.0,0,3315.0,0,505.0,0,1679.0,0,1647.0,0,0.0,100,183.0,0,726.0,0,340661.0,0,0.0,100,69567.0,0,26169.0,0,4076.0,0,6266.0,0
0,2020-05-14,2933.0,0,13240.0,0,36577.0,0,14386.0,0,2185.0,0,3764.0,0,544.0,0,3315.0,0,505.0,0,1679.0,0,1647.0,0,0.0,100,183.0,0,726.0,0,340661.0,0,0.0,100,69567.0,0,26169.0,0,4076.0,0,6266.0,0
0,2020-05-15,2933.0,0,13240.0,0,36577.0,0,14386.0,0,2185.0,0,3764.0,0,544.0,0,3315.0,0,505.0,0,1679.0,0,1647.0,0,0.0,100,183.0,0,726.0,0,340661.0,0,0.0,100,69567.0,0,26169.0,0,4076.0,0,6266.0,0
0,2020-05-16,2933.0,0,13240.0,0,36577.0,0,14386.0,0,2185.0,0,3764.0,0,544.0,0,3315.0,0,505.0,0,1679.0,0,1647.0,0,0.0,100,183.0,0,726.0,0,340661.0,0,0.0,100,69567.0,0,26169.0,0,4076.0,0,6266.0,0
0,2020-05-17,3170.0,0,14273.0,0,37982.0,0,15850.0,0,6979.0,0,1042.0,0,642.0,0,3546.0,0,712.0,0,1679.0,0,1900.0,0,0.0,100,226.0,0,756.0,0,350121.0,0,0.0,100,70166.0,0,27639.0,0,4864.0,0,7352.0,0
0,2020-05-18,3170.0,0,14273.0,0,37982.0,0,15850.0,0,6979.0,0,1042.0,0,642.0,0,3546.0,0,712.0,0,1679.0,0,1900.0,0,0.0,100,226.0,0,756.0,0,350121.0,0,0.0,100,70166.0,0,27639.0,0,4864.0,0,7352.0,0
0,2020-05-19,3170.0,0,14273.0,0,37982.0,0,15850.0,0,6979.0,0,1042.0,0,642.0,0,3546.0,0,712.0,0,1679.0,0,1900.0,0,0.0,100,226.0,0,756.0,0,350121.0,0,0.0,100,70166.0,0,27639.0,0,4864.0,0,7352.0,0
0,2020-05-20,3256.0,0,15052.0,0,38845.0,0,16731.0,0,5399.0,0,2994.0,0,694.0,0,3654.0,0,531.0,0,1842.0,0,2095.0,0,0.0,100,253.0,0,784.0,0,354370.0,0,0.0,100,71732.0,0,28389.0,0,5039.0,0,8074.0,0
0,2020-05-21,3256.0,0,15052.0,0,38845.0,0,16731.0,0,5399.0,0,2994.0,0,694.0,0,3654.0,0,531.0,0,1842.0,0,2095.0,0,0.0,100,253.0,0,784.0,0,354370.0,0,0.0,100,71732.0,0,28389.0,0,5039.0,0,8074.0,0
0,2020-05-22,3256.0,0,15052.0,0,38845.0,0,16731.0,0,5399.0,0,2994.0,0,694.0,0,3654.0,0,531.0,0,1842.0,0,2095.0,0,0.0,100,253.0,0,784.0,0,354370.0,0,0.0,100,71732.0,0,28389.0,0,5039.0,0,8074.0,0
0,2020-05-23,3256.0,0,15052.0,0,38845.0,0,16731.0,0,5399.0,0,2994.0,0,694.0,0,3654.0,0,531.0,0,1842.0,0,2095.0,0,0.0,100,253.0,0,784.0,0,354370.0,0,0.0,100,71732.0,0,28389.0,0,5039.0,0,8074.0,0
0,2020-05-24,3418.0,0,16386.0,0,40214.0,0,18069.0,0,5687.0,0,3153.0,0,787.0,0,3921.0,0,657.0,0,1842.0,0,2418.0,0,0.0,100,285.0,0,825.0,0,361515.0,0,0.0,100,70690.0,0,29952.0,0,5905.0,0,9266.0,0
0,2020-05-25,3418.0,0,16386.0,0,40214.0,0,18069.0,0,5687.0,0,3153.0,0,787.0,0,3921.0,0,657.0,0,1842.0,0,2418.0,0,0.0,100,285.0,0,825.0,0,361515.0,0,0.0,100,70690.0,0,29952.0,0,5905.0,0,9266.0,0
0,2020-05-26,3418.0,0,16386.0,0,40214.0,0,18069.0,0,5687.0,0,3153.0,0,787.0,0,3921.0,0,657.0,0,1842.0,0,2418.0,0,0.0,100,285.0,0,825.0,0,361515.0,0,0.0,100,70690.0,0,29952.0,0,5905.0,0,9266.0,0
0,2020-05-27,3368.0,0,17219.0,0,40852.0,0,18760.0,0,5687.0,0,5310.0,0,818.0,0,4036.0,0,495.0,0,1946.0,0,2439.0,0,0.0,100,277.0,0,865.0,0,364965.0,0,0.0,100,71087.0,0,30504.0,0,6319.0,0,9804.0,0
0,2020-05-28,3368.0,0,17219.0,0,40852.0,0,18760.0,0,5687.0,0,5310.0,0,818.0,0,4036.0,0,495.0,0,1946.0,0,2439.0,0,0.0,100,277.0,0,865.0,0,364965.0,0,0.0,100,71087.0,0,30504.0,0,6319.0,0,9804.0,0
0,2020-05-29,3368.0,0,17219.0,0,40852.0,0,18760.0,0,5687.0,0,5310.0,0,818.0,0,4036.0,0,495.0,0,1946.0,0,2439.0,0,0.0,100,277.0,0,865.0,0,364965.0,0,0.0,100,71087.0,0,30504.0,0,6319.0,0,9804.0,0
0,2020-05-30,3368.0,0,17219.0,0,40852.0,0,18760.0,0,5687.0,0,5310.0,0,818.0,0,4036.0,0,495.0,0,1946.0,0,2439.0,0,0.0,100,277.0,0,865.0,0,364965.0,0,0.0,100,71087.0,0,30504.0,0,6319.0,0,9804.0,0
0,2020-05-31,3574.0,0,18091.0,0,41830.0,0,19847.0,0,5687.0,0,5374.0,0,837.0,0,4210.0,0,700.0,0,1946.0,0,2577.0,0,0.0,100,265.0,0,910.0,0,370770.0,0,0.0,100,71484.0,0,31593.0,0,7483.0,0,11370.0,0
0,2020-06-01,3574.0,0,18091.0,0,41830.0,0,19847.0,0,5687.0,0,5374.0,0,837.0,0,4210.0,0,700.0,0,1946.0,0,2577.0,0,0.0,100,265.0,0,910.0,0,370770.0,0,0.0,100,71484.0,0,31593.0,0,7483.0,0,11370.0,0
0,2020-06-02,3574.0,0,18091.0,0,41830.0,0,19847.0,0,5687.0,0,5374.0,0,837.0,0,4210.0,0,700.0,0,1946.0,0,2577.0,0,0.0,100,265.0,0,910.0,0,370770.0,0,0.0,100,71484.0,0,31593.0,0,7483.0,0,11370.0,0
0,2020-06-03,3589.0,0,18790.0,0,42226.0,0,20563.0,0,4056.0,0,4052.0,0,835.0,0,4435.0,0,472.0,0,2115.0,0,2679.0,0,0.0,100,310.0,0,969.0,0,374085.0,0,0.0,100,71317.0,0,32150.0,0,8114.0,0,12165.0,0
0,2020-06-04,3589.0,0,18790.0,0,42226.0,0,20563.0,0,4056.0,0,4052.0,0,835.0,0,4435.0,0,472.0,0,2115.0,0,2679.0,0,0.0,100,310.0,0,969.0,0,374085.0,0,0.0,100,71317.0,0,32150.0,0,8114.0,0,12165.0,0
0,2020-06-05,3589.0,0,18790.0,0,42226.0,0,20563.0,0,4056.0,0,4052.0,0,835.0,0,4435.0,0,472.0,0,2115.0,0,2679.0,0,0.0,100,310.0,0,969.0,0,374085.0,0,0.0,100,71317.0,0,32150.0,0,8114.0,0,12165.0,0
0,2020-06-06,3589.0,0,18790.0,0,42226.0,0,20563.0,0,4056.0,0,4052.0,0,835.0,0,4435.0,0,472.0,0,2115.0,0,2679.0,0,0.0,100,310.0,0,969.0,0,374085.0,0,0.0,100,71317.0,0,32150.0,0,8114.0,0,12165.0,0
0,2020-06-07,3623.0,0,19655.0,0,43209.0,0,21375.0,0,4278.0,0,4052.0,0,849.0,0,4650.0,0,724.0,0,2161.0,0,2861.0,0,0.0,100,438.0,0,1020.0,0,378097.0,0,0.0,100,70800.0,0,33159.0,0,9956.0,0,13788.0,0
0,2020-06-08,3623.0,0,19655.0,0,43209.0,0,21375.0,0,4278.0,0,4052.0,0,849.0,0,4650.0,0,724.0,0,2161.0,0,2861.0,0,0.0,100,438.0,0,1020.0,0,378097.0,0,0.0,100,70800.0,0,33159.0,0,9956.0,0,13788.0,0
0,2020-06-09,3623.0,0,19655.0,0,43209.0,0,21375.0,0,4278.0,0,4052.0,0,849.0,0,4650.0,0,724.0,0,2161.0,0,2861.0,0,0.0,100,438.0,0,1020.0,0,378097.0,0,0.0,100,70800.0,0,33159.0,0,9956.0,0,13788.0,0
0,2020-06-10,3626.0,0,20180.0,0,41563.0,0,21900.0,0,3990.0,0,4209.0,0,889.0,0,4813.0,0,622.0,0,2283.0,0,2941.0,0,0.0,100,396.0,0,1060.0,0,380156.0,0,0.0,100,70668.0,0,33627.0,0,10870.0,0,14636.0,0
0,2020-06-11,3626.0,0,20180.0,0,41563.0,0,21900.0,0,3990.0,0,4209.0,0,889.0,0,4813.0,0,622.0,0,2283.0,0,2941.0,0,0.0,100,396.0,0,1060.0,0,380156.0,0,0.0,100,70668.0,0,33627.0,0,10870.0,0,14636.0,0
0,2020-06-12,3626.0,0,20180.0,0,41563.0,0,21900.0,0,3990.0,0,4209.0,0,889.0,0,4813.0,0,622.0,0,2283.0,0,2941.0,0,0.0,100,396.0,0,1060.0,0,380156.0,0,0.0,100,70668.0,0,33627.0,0,10870.0,0,14636.0,0
0,2020-06-13,3626.0,0,20180.0,0,41563.0,0,21900.0,0,3990.0,0,4209.0,0,889.0,0,4813.0,0,622.0,0,2283.0,0,2941.0,0,0.0,100,396.0,0,1060.0,0,380156.0,0,0.0,100,70668.0,0,33627.0,0,10870.0,0,14636.0,0
0,2020-06-14,3771.0,0,20907.0,0,44469.0,0,22700.0,0,4181.0,0,4209.0,0,1038.0,0,5154.0,0,1184.0,0,2224.0,0,3080.0,0,0.0,100,421.0,0,1124.0,0,383324.0,0,0.0,100,70668.0,0,59409.0,0,13638.0,0,16413.0,0
0,2020-06-15,3771.0,0,20907.0,0,44469.0,0,22700.0,0,4181.0,0,4209.0,0,1038.0,0,5154.0,0,1184.0,0,2224.0,0,3080.0,0,0.0,100,421.0,0,1124.0,0,383324.0,0,0.0,100,70668.0,0,59409.0,0,13638.0,0,16413.0,0
0,2020-06-16,3771.0,0,20907.0,0,44469.0,0,22700.0,0,4181.0,0,4209.0,0,1038.0,0,5154.0,0,1184.0,0,2224.0,0,3080.0,0,0.0,100,421.0,0,1124.0,0,383324.0,0,0.0,100,70668.0,0,59409.0,0,13638.0,0,16413.0,0
0,2020-06-17,3845.0,0,21470.0,0,44873.0,0,23100.0,0,4113.0,0,4303.0,0,1195.0,0,5479.0,0,787.0,0,2689.0,0,3166.0,0,0.0,100,455.0,0,1165.0,0,385142.0,0,0.0,100,70668.0,0,59534.0,0,14309.0,0,17687.0,0
0,2020-06-18,3845.0,0,21470.0,0,44873.0,0,23100.0,0,4113.0,0,4303.0,0,1195.0,0,5479.0,0,787.0,0,2689.0,0,3166.0,0,0.0,100,455.0,0,1165.0,0,385142.0,0,0.0,100,70668.0,0,59534.0,0,14309.0,0,17687.0,0
0,2020-06-19,3845.0,0,21470.0,0,44873.0,0,23100.0,0,4113.0,0,4303.0,0,1195.0,0,5479.0,0,787.0,0,2689.0,0,3166.0,0,0.0,100,455.0,0,1165.0,0,385142.0,0,0.0,100,70668.0,0,59534.0,0,14309.0,0,17687.0,0
0,2020-06-20,3845.0,0,21470.0,0,44873.0,0,23100.0,0,4113.0,0,4303.0,0,1195.0,0,5479.0,0,787.0,0,2689.0,0,3166.0,0,0.0,100,455.0,0,1165.0,0,385142.0,0,0.0,100,70668.0,0,59534.0,0,14309.0,0,17687.0,0
0,2020-06-21,4267.0,0,22379.0,0,45550.0,0,24000.0,0,4237.0,0,4303.0,0,1587.0,0,6219.0,0,1214.0,0,2793.0,0,3288.0,0,0.0,100,557.0,0,1217.0,0,387936.0,0,0.0,100,70806.0,0,34869.0,0,16860.0,0,19627.0,0
0,2020-06-22,4267.0,0,22379.0,0,45550.0,0,24000.0,0,4237.0,0,4303.0,0,1587.0,0,6219.0,0,1214.0,0,2793.0,0,3288.0,0,0.0,100,557.0,0,1217.0,0,387936.0,0,0.0,100,70806.0,0,34869.0,0,16860.0,0,19627.0,0
0,2020-06-23,4267.0,0,22379.0,0,45550.0,0,24000.0,0,4237.0,0,4303.0,0,1587.0,0,6219.0,0,1214.0,0,2793.0,0,3288.0,0,0.0,100,557.0,0,1217.0,0,387936.0,0,0.0,100,70806.0,0,34869.0,0,16860.0,0,19627.0,0
0,2020-06-24,4511.0,0,23208.0,0,46204.0,0,24600.0,0,4138.0,0,4430.0,0,1752.0,0,6721.0,0,951.0,0,3073.0,0,3362.0,0,0.0,100,584.0,0,1263.0,0,389666.0,0,0.0,100,70358.0,0,35380.0,0,17966.0,0,20914.0,0
0,2020-06-25,4511.0,0,23208.0,0,46204.0,0,24600.0,0,4138.0,0,4430.0,0,1752.0,0,6721.0,0,951.0,0,3073.0,0,3362.0,0,0.0,100,584.0,0,1263.0,0,389666.0,0,0.0,100,70358.0,0,35380.0,0,17966.0,0,20914.0,0
0,2020-06-26,4511.0,0,23208.0,0,46204.0,0,24600.0,0,4138.0,0,4430.0,0,1752.0,0,6721.0,0,951.0,0,3073.0,0,3362.0,0,0.0,100,584.0,0,1263.0,0,389666.0,0,0.0,100,70358.0,0,35380.0,0,17966.0,0,20914.0,0
0,2020-06-27,4511.0,0,23208.0,0,46204.0,0,24600.0,0,4138.0,0,4430.0,0,1752.0,0,6721.0,0,951.0,0,3073.0,0,3362.0,0,0.0,100,584.0,0,1263.0,0,389666.0,0,0.0,100,70358.0,0,35380.0,0,17966.0,0,20914.0,0
0,2020-06-28,5340.0,0,24486.0,0,46574.0,0,25100.0,0,4193.0,0,4430.0,0,2014.0,0,7465.0,0,1715.0,0,3120.0,0,3495.0,0,0.0,100,741.0,0,1373.0,0,392539.0,0,0.0,100,70269.0,0,35908.0,0,19946.0,0,23307.0,0
0,2020-06-29,5340.0,0,24486.0,0,46574.0,0,25100.0,0,4193.0,0,4430.0,0,2014.0,0,7465.0,0,1715.0,0,3120.0,0,3495.0,0,0.0,100,741.0,0,1373.0,0,392539.0,0,0.0,100,70269.0,0,35908.0,0,19946.0,0,23307.0,0
0,2020-06-30,5340.0,0,24486.0,0,46574.0,0,25100.0,0,4193.0,0,4430.0,0,2014.0,0,7465.0,0,1715.0,0,3120.0,0,3495.0,0,0.0,100,741.0,0,1373.0,0,392539.0,0,0.0,100,70269.0,0,35908.0,0,19946.0,0,23307.0,0
0,2020-07-01,5550.0,0,25602.0,0,47812.0,0,26300.0,0,4100.0,0,4534.0,0,2211.0,0,8108.0,0,1063.0,0,3704.0,0,3615.0,0,0.0,100,816.0,0,1416.0,0,394079.0,0,0.0,100,70195.0,0,36216.0,0,21153.0,0,25212.0,0
0,2020-07-02,5550.0,0,25602.0,0,47812.0,0,26300.0,0,4100.0,0,4534.0,0,2211.0,0,8108.0,0,1063.0,0,3704.0,0,3615.0,0,0.0,100,816.0,0,1416.0,0,394079.0,0,0.0,100,70195.0,0,36216.0,0,21153.0,0,25212.0,0
0,2020-07-03,5550.0,0,25602.0,0,47812.0,0,26300.0,0,4100.0,0,4534.0,0,2211.0,0,8108.0,0,1063.0,0,3704.0,0,3615.0,0,0.0,100,816.0,0,1416.0,0,394079.0,0,0.0,100,70195.0,0,36216.0,0,21153.0,0,25212.0,0
0,2020-07-04,5550.0,0,25602.0,0,47812.0,0,26300.0,0,4100.0,0,4534.0,0,2211.0,0,8108.0,0,1063.0,0,3704.0,0,3615.0,0,0.0,100,816.0,0,1416.0,0,394079.0,0,0.0,100,70195.0,0,36216.0,0,21153.0,0,25212.0,0
0,2020-07-05,6728.0,0,27100.0,0,48748.0,0,27500.0,0,4041.0,0,4616.0,0,2674.0,0,9048.0,0,2100.0,0,3838.0,0,3816.0,0,0.0,100,911.0,0,1560.0,0,397131.0,0,0.0,100,70582.0,0,36658.0,0,23550.0,0,27518.0,0
0,2020-07-06,6728.0,0,27100.0,0,48748.0,0,27500.0,0,4041.0,0,4616.0,0,2674.0,0,9048.0,0,2100.0,0,3838.0,0,3816.0,0,0.0,100,911.0,0,1560.0,0,397131.0,0,0.0,100,70582.0,0,36658.0,0,23550.0,0,27518.0,0
0,2020-07-07,6728.0,0,27100.0,0,48748.0,0,27500.0,0,4041.0,0,4616.0,0,2674.0,0,9048.0,0,2100.0,0,3838.0,0,3816.0,0,0.0,100,911.0,0,1560.0,0,397131.0,0,0.0,100,70582.0,0,36658.0,0,23550.0,0,27518.0,0
0,2020-07-08,7096.0,0,28536.0,0,50005.0,0,28200.0,0,4254.0,0,4616.0,0,3213.0,0,10045.0,0,1241.0,0,4484.0,0,3971.0,0,0.0,100,918.0,0,1711.0,0,398929.0,0,0.0,100,70429.0,0,37034.0,0,24554.0,0,29473.0,0
0,2020-07-09,7096.0,0,28536.0,0,50005.0,0,28200.0,0,4254.0,0,4616.0,0,3213.0,0,10045.0,0,1241.0,0,4484.0,0,3971.0,0,0.0,100,918.0,0,1711.0,0,398929.0,0,0.0,100,70429.0,0,37034.0,0,24554.0,0,29473.0,0
0,2020-07-10,7096.0,0,28536.0,0,50005.0,0,28200.0,0,4254.0,0,4616.0,0,3213.0,0,10045.0,0,1241.0,0,4484.0,0,3971.0,0,0.0,100,918.0,0,1711.0,0,398929.0,0,0.0,100,70429.0,0,37034.0,0,24554.0,0,29473.0,0
0,2020-07-11,7096.0,0,28536.0,0,50005.0,0,28200.0,0,4254.0,0,4616.0,0,3213.0,0,10045.0,0,1241.0,0,4484.0,0,3971.0,0,0.0,100,918.0,0,1711.0,0,398929.0,0,0.0,100,70429.0,0,37034.0,0,24554.0,0,29473.0,0
0,2020-07-12,8119.0,0,31118.0,0,50005.0,0,28200.0,0,4362.0,0,4616.0,0,3692.0,0,11379.0,0,1350.0,0,4760.0,0,4334.0,0,0.0,100,865.0,0,1911.0,0,401706.0,0,0.0,100,70569.0,0,37558.0,0,27534.0,0,32417.0,0
0,2020-07-13,8119.0,0,31118.0,0,50005.0,0,28200.0,0,4362.0,0,4616.0,0,3692.0,0,11379.0,0,1350.0,0,4760.0,0,4334.0,0,0.0,100,865.0,0,1911.0,0,401706.0,0,0.0,100,70569.0,0,37558.0,0,27534.0,0,32417.0,0
0,2020-07-14,8119.0,0,31118.0,0,50005.0,0,28200.0,0,4362.0,0,4616.0,0,3692.0,0,11379.0,0,1350.0,0,4760.0,0,4334.0,0,0.0,100,865.0,0,1911.0,0,401706.0,0,0.0,100,70569.0,0,37558.0,0,27534.0,0,32417.0,0
0,2020-07-15,8653.0,0,32910.0,0,51386.0,0,30800.0,0,4574.0,0,4878.0,0,4418.0,0,12722.0,0,1490.0,0,5447.0,0,4565.0,0,0.0,100,1037.0,0,2030.0,0,404006.0,0,0.0,100,70682.0,0,37910.0,0,29590.0,0,34499.0,0
0,2020-07-16,8653.0,0,32910.0,0,51386.0,0,30800.0,0,4574.0,0,4878.0,0,4418.0,0,12722.0,0,1490.0,0,5447.0,0,4565.0,0,0.0,100,1037.0,0,2030.0,0,404006.0,0,0.0,100,70682.0,0,37910.0,0,29590.0,0,34499.0,0
0,2020-07-17,8653.0,0,32910.0,0,51386.0,0,30800.0,0,4574.0,0,4878.0,0,4418.0,0,12722.0,0,1490.0,0,5447.0,0,4565.0,0,0.0,100,1037.0,0,2030.0,0,404006.0,0,0.0,100,70682.0,0,37910.0,0,29590.0,0,34499.0,0
0,2020-07-18,8653.0,0,32910.0,0,51386.0,0,30800.0,0,4574.0,0,4878.0,0,4418.0,0,12722.0,0,1490.0,0,5447.0,0,4565.0,0,0.0,100,1037.0,0,2030.0,0,404006.0,0,0.0,100,70682.0,0,37910.0,0,29590.0,0,34499.0,0
0,2020-07-19,9878.0,0,35500.0,0,52785.0,0,32200.0,0,4727.0,0,4878.0,0,4823.0,0,14214.0,0,2409.0,0,5710.0,0,5019.0,0,0.0,100,1078.0,0,2216.0,0,406807.0,0,0.0,100,70071.0,0,38404.0,0,32149.0,0,37950.0,0
0,2020-07-20,9878.0,0,35500.0,0,52785.0,0,32200.0,0,4727.0,0,4878.0,0,4823.0,0,14214.0,0,2409.0,0,5710.0,0,5019.0,0,0.0,100,1078.0,0,2216.0,0,406807.0,0,0.0,100,70071.0,0,38404.0,0,32149.0,0,37950.0,0
0,2020-07-21,9878.0,0,35500.0,0,52785.0,0,32200.0,0,4727.0,0,4878.0,0,4823.0,0,14214.0,0,2409.0,0,5710.0,0,5019.0,0,0.0,100,1078.0,0,2216.0,0,406807.0,0,0.0,100,70071.0,0,38404.0,0,32149.0,0,37950.0,0
0,2020-07-22,10436.0,0,37618.0,0,54723.0,0,32200.0,0,4788.0,0,4939.0,0,5215.0,0,15339.0,0,1834.0,0,6378.0,0,5367.0,0,0.0,100,1153.0,0,2347.0,0,408886.0,0,0.0,100,70173.0,0,38813.0,0,32827.0,0,40399.0,0
0,2020-07-23,10436.0,0,37618.0,0,54723.0,0,32200.0,0,4788.0,0,4939.0,0,5215.0,0,15339.0,0,1834.0,0,6378.0,0,5367.0,0,0.0,100,1153.0,0,2347.0,0,408886.0,0,0.0,100,70173.0,0,38813.0,0,32827.0,0,40399.0,0
0,2020-07-24,10436.0,0,37618.0,0,54723.0,0,32200.0,0,4788.0,0,4939.0,0,5215.0,0,15339.0,0,1834.0,0,6378.0,0,5367.0,0,0.0,100,1153.0,0,2347.0,0,408886.0,0,0.0,100,70173.0,0,38813.0,0,32827.0,0,40399.0,0
0,2020-07-25,10436.0,0,37618.0,0,54723.0,0,32200.0,0,4788.0,0,4939.0,0,5215.0,0,15339.0,0,1834.0,0,6378.0,0,5367.0,0,0.0,100,1153.0,0,2347.0,0,408886.0,0,0.0,100,70173.0,0,38813.0,0,32827.0,0,40399.0,0
0,2020-07-26,11345.0,0,40577.0,0,55325.0,0,34900.0,0,4950.0,0,4939.0,0,5926.0,0,17629.0,0,2629.0,0,6636.0,0,5876.0,0,0.0,100,1282.0,0,2494.0,0,411736.0,0,0.0,100,70802.0,0,39327.0,0,33326.0,0,44435.0,0
0,2020-07-27,11345.0,0,40577.0,0,55325.0,0,34900.0,0,4950.0,0,4939.0,0,5926.0,0,17629.0,0,2629.0,0,6636.0,0,5876.0,0,0.0,100,1282.0,0,2494.0,0,411736.0,0,0.0,100,70802.0,0,39327.0,0,33326.0,0,44435.0,0
0,2020-07-28,11345.0,0,40577.0,0,55325.0,0,34900.0,0,4950.0,0,4939.0,0,5926.0,0,17629.0,0,2629.0,0,6636.0,0,5876.0,0,0.0,100,1282.0,0,2494.0,0,411736.0,0,0.0,100,70802.0,0,39327.0,0,33326.0,0,44435.0,0
0,2020-07-29,11846.0,0,42839.0,0,56149.0,0,36166.0,0,5024.0,0,5128.0,0,6967.0,0,19227.0,0,2126.0,0,7261.0,0,6227.0,0,0.0,100,1492.0,0,2661.0,0,413593.0,0,0.0,100,71688.0,0,39523.0,0,33592.0,0,47213.0,0
0,2020-07-30,11846.0,0,42839.0,0,56149.0,0,36166.0,0,5024.0,0,5128.0,0,6967.0,0,19227.0,0,2126.0,0,7261.0,0,6227.0,0,0.0,100,1492.0,0,2661.0,0,413593.0,0,0.0,100,71688.0,0,39523.0,0,33592.0,0,47213.0,0
0,2020-07-31,11846.0,0,42839.0,0,56149.0,0,36166.0,0,5024.0,0,5128.0,0,6967.0,0,19227.0,0,2126.0,0,7261.0,0,6227.0,0,0.0,100,1492.0,0,2661.0,0,413593.0,0,0.0,100,71688.0,0,39523.0,0,33592.0,0,47213.0,0
0,2020-08-01,11846.0,0,42839.0,0,56149.0,0,36166.0,0,5024.0,0,5128.0,0,6967.0,0,19227.0,0,2126.0,0,7261.0,0,6227.0,0,0.0,100,1492.0,0,2661.0,0,413593.0,0,0.0,100,71688.0,0,39523.0,0,33592.0,0,47213.0,0
0,2020-08-02,12729.0,0,45720.0,0,57489.0,0,37619.0,0,5246.0,0,5128.0,0,7989.0,0,21060.0,0,2834.0,0,7555.0,0,6660.0,0,0.0,100,1578.0,0,2793.0,0,416298.0,0,0.0,100,70038.0,0,40862.0,0,34535.0,0,50822.0,0
0,2020-08-03,12729.0,0,45720.0,0,57489.0,0,37619.0,0,5246.0,0,5128.0,0,7989.0,0,21060.0,0,2834.0,0,7555.0,0,6660.0,0,0.0,100,1578.0,0,2793.0,0,416298.0,0,0.0,100,70038.0,0,40862.0,0,34535.0,0,50822.0,0
0,2020-08-04,12729.0,0,45720.0,0,57489.0,0,37619.0,0,5246.0,0,5128.0,0,7989.0,0,21060.0,0,2834.0,0,7555.0,0,6660.0,0,0.0,100,1578.0,0,2793.0,0,416298.0,0,0.0,100,70038.0,0,40862.0,0,34535.0,0,50822.0,0
0,2020-08-05,12888.0,0,47879.0,0,58244.0,0,38575.0,0,4710.0,0,5304.0,0,8737.0,0,22142.0,0,2490.0,0,8117.0,0,7057.0,0,0.0,100,1531.0,0,2898.0,0,418225.0,0,0.0,100,70066.0,0,41368.0,0,35154.0,0,52788.0,0
0,2020-08-06,12888.0,0,47879.0,0,58244.0,0,38575.0,0,4710.0,0,5304.0,0,8737.0,0,22142.0,0,2490.0,0,8117.0,0,7057.0,0,0.0,100,1531.0,0,2898.0,0,418225.0,0,0.0,100,70066.0,0,41368.0,0,35154.0,0,52788.0,0
0,2020-08-07,12888.0,0,47879.0,0,58244.0,0,38575.0,0,4710.0,0,5304.0,0,8737.0,0,22142.0,0,2490.0,0,8117.0,0,7057.0,0,0.0,100,1531.0,0,2898.0,0,418225.0,0,0.0,100,70066.0,0,41368.0,0,35154.0,0,52788.0,0
0,2020-08-08,12888.0,0,47879.0,0,58244.0,0,38575.0,0,4710.0,0,5304.0,0,8737.0,0,22142.0,0,2490.0,0,8117.0,0,7057.0,0,0.0,100,1531.0,0,2898.0,0,418225.0,0,0.0,100,70066.0,0,41368.0,0,35154.0,0,52788.0,0
0,2020-08-09,13156.0,0,50817.0,0,59487.0,0,40001.0,0,5445.0,0,5304.0,0,9383.0,0,23741.0,0,3212.0,0,8383.0,0,7596.0,0,0.0,100,1636.0,0,3016.0,0,420860.0,0,0.0,100,69840.0,0,41950.0,0,36639.0,0,55951.0,0
0,2020-08-10,13156.0,0,50817.0,0,59487.0,0,40001.0,0,5445.0,0,5304.0,0,9383.0,0,23741.0,0,3212.0,0,8383.0,0,7596.0,0,0.0,100,1636.0,0,3016.0,0,420860.0,0,0.0,100,69840.0,0,41950.0,0,36639.0,0,55951.0,0
0,2020-08-11,13156.0,0,50817.0,0,59487.0,0,40001.0,0,5445.0,0,5304.0,0,9383.0,0,23741.0,0,3212.0,0,8383.0,0,7596.0,0,0.0,100,1636.0,0,3016.0,0,420860.0,0,0.0,100,69840.0,0,41950.0,0,36639.0,0,55951.0,0
0,2020-08-12,13065.0,0,53183.0,0,60443.0,0,41012.0,0,5231.0,0,5483.0,0,9653.0,0,24803.0,0,2761.0,0,8906.0,0,7970.0,0,0.0,100,1632.0,0,3132.0,0,422703.0,0,0.0,100,69972.0,0,42359.0,0,36577.0,0,57667.0,0
0,2020-08-13,13065.0,0,53183.0,0,60443.0,0,41012.0,0,5231.0,0,5483.0,0,9653.0,0,24803.0,0,2761.0,0,8906.0,0,7970.0,0,0.0,100,1632.0,0,3132.0,0,422703.0,0,0.0,100,69972.0,0,42359.0,0,36577.0,0,57667.0,0
0,2020-08-14,13065.0,0,53183.0,0,60443.0,0,41012.0,0,5231.0,0,5483.0,0,9653.0,0,24803.0,0,2761.0,0,8906.0,0,7970.0,0,0.0,100,1632.0,0,3132.0,0,422703.0,0,0.0,100,69972.0,0,42359.0,0,36577.0,0,57667.0,0
0,2020-08-15,13065.0,0,53183.0,0,60443.0,0,41012.0,0,5231.0,0,5483.0,0,9653.0,0,24803.0,0,2761.0,0,8906.0,0,7970.0,0,0.0,100,1632.0,0,3132.0,0,422703.0,0,0.0,100,69972.0,0,42359.0,0,36577.0,0,57667.0,0
0,2020-08-16,13492.0,0,55693.0,0,61851.0,0,42447.0,0,5437.0,0,5483.0,0,10237.0,0,26392.0,0,3508.0,0,9119.0,0,8587.0,0,0.0,100,1662.0,0,3244.0,0,425508.0,0,0.0,100,70132.0,0,42950.0,0,37273.0,0,60684.0,0
0,2020-08-17,13492.0,0,55693.0,0,61851.0,0,42447.0,0,5437.0,0,5483.0,0,10237.0,0,26392.0,0,3508.0,0,9119.0,0,8587.0,0,0.0,100,1662.0,0,3244.0,0,425508.0,0,0.0,100,70132.0,0,42950.0,0,37273.0,0,60684.0,0
0,2020-08-18,13492.0,0,55693.0,0,61851.0,0,42447.0,0,5437.0,0,5483.0,0,10237.0,0,26392.0,0,3508.0,0,9119.0,0,8587.0,0,0.0,100,1662.0,0,3244.0,0,425508.0,0,0.0,100,70132.0,0,42950.0,0,37273.0,0,60684.0,0
0,2020-08-19,13338.0,0,57645.0,0,62470.0,0,43289.0,0,4854.0,0,5655.0,0,10331.0,0,27448.0,0,2955.0,0,9616.0,0,2899.0,0,4212.0,0,1719.0,0,3308.0,0,427202.0,0,0.0,100,70180.0,0,43287.0,0,37237.0,0,62514.0,0
0,2020-08-20,13338.0,0,57645.0,0,62470.0,0,43289.0,0,4854.0,0,5655.0,0,10331.0,0,27448.0,0,2955.0,0,9616.0,0,2899.0,0,4212.0,0,1719.0,0,3308.0,0,427202.0,0,0.0,100,70180.0,0,43287.0,0,37237.0,0,62514.0,0
0,2020-08-21,13338.0,0,57645.0,0,62470.0,0,43289.0,0,4854.0,0,5655.0,0,10331.0,0,27448.0,0,2955.0,0,9616.0,0,2899.0,0,4212.0,0,1719.0,0,3308.0,0,427202.0,0,0.0,100,70180.0,0,43287.0,0,37237.0,0,62514.0,0
0,2020-08-22,13338.0,0,57645.0,0,62470.0,0,43289.0,0,4854.0,0,5655.0,0,10331.0,0,27448.0,0,2955.0,0,9616.0,0,2899.0,0,4212.0,0,1719.0,0,3308.0,0,427202.0,0,0.0,100,70180.0,0,43287.0,0,37237.0,0,62514.0,0
0,2020-08-23,13694.0,0,60115.0,0,62361.0,0,45110.0,0,5081.0,0,5655.0,0,11245.0,0,29056.0,0,3567.0,0,9807.0,0,3144.0,0,4777.0,0,1878.0,0,3395.0,0,429737.0,0,0.0,100,70087.0,0,43774.0,0,38190.0,0,66296.0,0
0,2020-08-24,13694.0,0,60115.0,0,62361.0,0,45110.0,0,5081.0,0,5655.0,0,11245.0,0,29056.0,0,3567.0,0,9807.0,0,3144.0,0,4777.0,0,1878.0,0,3395.0,0,429737.0,0,0.0,100,70087.0,0,43774.0,0,38190.0,0,66296.0,0
0,2020-08-25,13694.0,0,60115.0,0,62361.0,0,45110.0,0,5081.0,0,5655.0,0,11245.0,0,29056.0,0,3567.0,0,9807.0,0,3144.0,0,4777.0,0,1878.0,0,3395.0,0,429737.0,0,0.0,100,70087.0,0,43774.0,0,38190.0,0,66296.0,0
0,2020-08-26,13850.0,0,62085.0,0,62810.0,0,45941.0,0,5432.0,0,5887.0,0,11428.0,0,30093.0,0,3199.0,0,10215.0,0,3276.0,0,5166.0,0,1830.0,0,3492.0,0,431340.0,0,0.0,100,69932.0,0,44121.0,0,38396.0,0,68434.0,0
0,2020-08-27,13850.0,0,62085.0,0,62810.0,0,45941.0,0,5432.0,0,5887.0,0,11428.0,0,30093.0,0,3199.0,0,10215.0,0,3276.0,0,5166.0,0,1830.0,0,3492.0,0,431340.0,0,0.0,100,69932.0,0,44121.0,0,38396.0,0,68434.0,0
0,2020-08-28,13850.0,0,62085.0,0,62810.0,0,45941.0,0,5432.0,0,5887.0,0,11428.0,0,30093.0,0,3199.0,0,10215.0,0,3276.0,0,5166.0,0,1830.0,0,3492.0,0,431340.0,0,0.0,100,69932.0,0,44121.0,0,38396.0,0,68434.0,0
0,2020-08-29,13850.0,0,62085.0,0,62810.0,0,45941.0,0,5432.0,0,5887.0,0,11428.0,0,30093.0,0,3199.0,0,10215.0,0,3276.0,0,5166.0,0,1830.0,0,3492.0,0,431340.0,0,0.0,100,69932.0,0,44121.0,0,38396.0,0,68434.0,0
0,2020-08-30,14745.0,0,64849.0,0,64062.0,0,47191.0,0,5661.0,0,5887.0,0,11922.0,0,31968.0,0,3767.0,0,10416.0,0,3622.0,0,5939.0,0,1884.0,0,3572.0,0,434100.0,0,0.0,100,70443.0,0,44163.0,0,39430.0,0,71976.0,0
0,2020-08-31,14745.0,0,64849.0,0,64062.0,0,47191.0,0,5661.0,0,5887.0,0,11922.0,0,31968.0,0,3767.0,0,10416.0,0,3622.0,0,5939.0,0,1884.0,0,3572.0,0,434100.0,0,0.0,100,70443.0,0,44163.0,0,39430.0,0,71976.0,0
0,2020-09-01,14745.0,0,64849.0,0,64062.0,0,47191.0,0,5661.0,0,5887.0,0,11922.0,0,31968.0,0,3767.0,0,10416.0,0,3622.0,0,5939.0,0,1884.0,0,3572.0,0,434100.0,0,0.0,100,70443.0,0,44163.0,0,39430.0,0,71976.0,0
0,2020-09-02,15259.0,0,67180.0,0,64483.0,0,48535.0,0,6056.0,0,5887.0,0,12235.0,0,33229.0,0,3349.0,0,10822.0,0,3747.0,0,6311.0,0,1886.0,0,3649.0,0,436218.0,0,0.0,100,69996.0,0,45083.0,0,39881.0,0,74290.0,0
0,2020-09-03,15259.0,0,67180.0,0,64483.0,0,48535.0,0,6056.0,0,5887.0,0,12235.0,0,33229.0,0,3349.0,0,10822.0,0,3747.0,0,6311.0,0,1886.0,0,3649.0,0,436218.0,0,0.0,100,69996.0,0,45083.0,0,39881.0,0,74290.0,0
0,2020-09-04,15259.0,0,67180.0,0,64483.0,0,48535.0,0,6056.0,0,5887.0,0,12235.0,0,33229.0,0,3349.0,0,10822.0,0,3747.0,0,6311.0,0,1886.0,0,3649.0,0,436218.0,0,0.0,100,69996.0,0,45083.0,0,39881.0,0,74290.0,0
0,2020-09-05,15259.0,0,67180.0,0,64483.0,0,48535.0,0,6056.0,0,5887.0,0,12235.0,0,33229.0,0,3349.0,0,10822.0,0,3747.0,0,6311.0,0,1886.0,0,3649.0,0,436218.0,0,0.0,100,69996.0,0,45083.0,0,39881.0,0,74290.0,0
0,2020-09-06,15631.0,0,70301.0,0,65700.0,0,50065.0,0,5575.0,0,6151.0,0,12780.0,0,35353.0,0,3902.0,0,11029.0,0,4145.0,0,7151.0,0,1906.0,0,3730.0,0,439501.0,0,0.0,100,70095.0,0,45715.0,0,40587.0,0,77710.0,0
0,2020-09-07,15631.0,0,70301.0,0,65700.0,0,50065.0,0,5575.0,0,6151.0,0,12780.0,0,35353.0,0,3902.0,0,11029.0,0,4145.0,0,7151.0,0,1906.0,0,3730.0,0,439501.0,0,0.0,100,70095.0,0,45715.0,0,40587.0,0,77710.0,0
0,2020-09-08,15631.0,0,70301.0,0,65700.0,0,50065.0,0,5575.0,0,6151.0,0,12780.0,0,35353.0,0,3902.0,0,11029.0,0,4145.0,0,7151.0,0,1906.0,0,3730.0,0,439501.0,0,0.0,100,70095.0,0,45715.0,0,40587.0,0,77710.0,0
0,2020-09-09,15693.0,0,71981.0,0,66118.0,0,51166.0,0,5574.0,0,6326.0,0,13241.0,0,36772.0,0,3454.0,0,11468.0,0,4250.0,0,7481.0,0,1906.0,0,3764.0,0,441154.0,0,0.0,100,70265.0,0,46034.0,0,40814.0,0,79184.0,0
0,2020-09-10,15693.0,0,71981.0,0,66118.0,0,51166.0,0,5574.0,0,6326.0,0,13241.0,0,36772.0,0,3454.0,0,11468.0,0,4250.0,0,7481.0,0,1906.0,0,3764.0,0,441154.0,0,0.0,100,70265.0,0,46034.0,0,40814.0,0,79184.0,0
0,2020-09-11,15693.0,0,71981.0,0,66118.0,0,51166.0,0,5574.0,0,6326.0,0,13241.0,0,36772.0,0,3454.0,0,11468.0,0,4250.0,0,7481.0,0,1906.0,0,3764.0,0,441154.0,0,0.0,100,70265.0,0,46034.0,0,40814.0,0,79184.0,0
0,2020-09-12,15693.0,0,71981.0,0,66118.0,0,51166.0,0,5574.0,0,6326.0,0,13241.0,0,36772.0,0,3454.0,0,11468.0,0,4250.0,0,7481.0,0,1906.0,0,3764.0,0,441154.0,0,0.0,100,70265.0,0,46034.0,0,40814.0,0,79184.0,0
0,2020-09-13,16086.0,0,75220.0,0,66967.0,0,52533.0,0,5803.0,0,6326.0,0,13794.0,0,38827.0,0,3998.0,0,11646.0,0,4631.0,0,8430.0,0,2064.0,0,3850.0,0,444365.0,0,0.0,100,70319.0,0,46775.0,0,41025.0,0,82264.0,0
0,2020-09-14,16086.0,0,75220.0,0,66967.0,0,52533.0,0,5803.0,0,6326.0,0,13794.0,0,38827.0,0,3998.0,0,11646.0,0,4631.0,0,8430.0,0,2064.0,0,3850.0,0,444365.0,0,0.0,100,70319.0,0,46775.0,0,41025.0,0,82264.0,0
0,2020-09-15,16086.0,0,75220.0,0,66967.0,0,52533.0,0,5803.0,0,6326.0,0,13794.0,0,38827.0,0,3998.0,0,11646.0,0,4631.0,0,8430.0,0,2064.0,0,3850.0,0,444365.0,0,0.0,100,70319.0,0,46775.0,0,41025.0,0,82264.0,0
0,2020-09-16,16245.0,0,77635.0,0,67900.0,0,54174.0,0,5765.0,0,6549.0,0,14201.0,0,40613.0,0,3550.0,0,12169.0,0,4792.0,0,8956.0,0,1965.0,0,3931.0,0,446366.0,0,0.0,100,70587.0,0,47270.0,0,41024.0,0,84156.0,0
0,2020-09-17,16245.0,0,77635.0,0,67900.0,0,54174.0,0,5765.0,0,6549.0,0,14201.0,0,40613.0,0,3550.0,0,12169.0,0,4792.0,0,8956.0,0,1965.0,0,3931.0,0,446366.0,0,0.0,100,70587.0,0,47270.0,0,41024.0,0,84156.0,0
0,2020-09-18,16245.0,0,77635.0,0,67900.0,0,54174.0,0,5765.0,0,6549.0,0,14201.0,0,40613.0,0,3550.0,0,12169.0,0,4792.0,0,8956.0,0,1965.0,0,3931.0,0,446366.0,0,0.0,100,70587.0,0,47270.0,0,41024.0,0,84156.0,0
0,2020-09-19,16245.0,0,77635.0,0,67900.0,0,54174.0,0,5765.0,0,6549.0,0,14201.0,0,40613.0,0,3550.0,0,12169.0,0,4792.0,0,8956.0,0,1965.0,0,3931.0,0,446366.0,0,0.0,100,70587.0,0,47270.0,0,41024.0,0,84156.0,0
0,2020-09-20,16768.0,0,80216.0,0,69130.0,0,55974.0,0,6027.0,0,6549.0,0,14981.0,0,43217.0,0,4060.0,0,12403.0,0,5305.0,0,9864.0,0,2055.0,0,4029.0,0,449900.0,0,0.0,100,70688.0,0,48200.0,0,41762.0,0,87065.0,0
0,2020-09-21,16768.0,0,80216.0,0,69130.0,0,55974.0,0,6027.0,0,6549.0,0,14981.0,0,43217.0,0,4060.0,0,12403.0,0,5305.0,0,9864.0,0,2055.0,0,4029.0,0,449900.0,0,0.0,100,70688.0,0,48200.0,0,41762.0,0,87065.0,0
0,2020-09-22,16768.0,0,80216.0,0,69130.0,0,55974.0,0,6027.0,0,6549.0,0,14981.0,0,43217.0,0,4060.0,0,12403.0,0,5305.0,0,9864.0,0,2055.0,0,4029.0,0,449900.0,0,0.0,100,70688.0,0,48200.0,0,41762.0,0,87065.0,0
0,2020-09-23,16905.0,0,82075.0,0,70312.0,0,57739.0,0,6027.0,0,6830.0,0,15325.0,0,45362.0,0,3733.0,0,13044.0,0,5536.0,0,10573.0,0,2056.0,0,4128.0,0,451892.0,0,0.0,100,70821.0,0,48737.0,0,41687.0,0,88868.0,0
0,2020-09-24,16905.0,0,82075.0,0,70312.0,0,57739.0,0,6027.0,0,6830.0,0,15325.0,0,45362.0,0,3733.0,0,13044.0,0,5536.0,0,10573.0,0,2056.0,0,4128.0,0,451892.0,0,0.0,100,70821.0,0,48737.0,0,41687.0,0,88868.0,0
0,2020-09-25,16905.0,0,82075.0,0,70312.0,0,57739.0,0,6027.0,0,6830.0,0,15325.0,0,45362.0,0,3733.0,0,13044.0,0,5536.0,0,10573.0,0,2056.0,0,4128.0,0,451892.0,0,0.0,100,70821.0,0,48737.0,0,41687.0,0,88868.0,0
0,2020-09-26,16905.0,0,82075.0,0,70312.0,0,57739.0,0,6027.0,0,6830.0,0,15325.0,0,45362.0,0,3733.0,0,13044.0,0,5536.0,0,10573.0,0,2056.0,0,4128.0,0,451892.0,0,0.0,100,70821.0,0,48737.0,0,41687.0,0,88868.0,0
0,2020-09-27,17344.0,0,84916.0,0,71626.0,0,59648.0,0,6031.0,0,6830.0,0,15968.0,0,47971.0,0,4390.0,0,13435.0,0,6046.0,0,11622.0,0,1872.0,0,3642.0,0,455626.0,0,0.0,100,71256.0,0,49888.0,0,43999.0,0,94624.0,0
0,2020-09-28,17344.0,0,84916.0,0,71626.0,0,59648.0,0,6031.0,0,6830.0,0,15968.0,0,47971.0,0,4390.0,0,13435.0,0,6046.0,0,11622.0,0,1872.0,0,3642.0,0,455626.0,0,0.0,100,71256.0,0,49888.0,0,43999.0,0,94624.0,0
0,2020-09-29,17344.0,0,84916.0,0,71626.0,0,59648.0,0,6031.0,0,6830.0,0,15968.0,0,47971.0,0,4390.0,0,13435.0,0,6046.0,0,11622.0,0,1872.0,0,3642.0,0,455626.0,0,0.0,100,71256.0,0,49888.0,0,43999.0,0,94624.0,0
0,2020-09-30,17699.0,0,87136.0,0,72642.0,0,61097.0,0,4820.0,0,7539.0,0,16381.0,0,49768.0,0,3947.0,0,14067.0,0,6276.0,0,12404.0,0,2358.0,0,4350.0,0,458649.0,0,0.0,100,71628.0,0,50663.0,0,43932.0,0,96728.0,0
0,2020-10-01,17699.0,0,87136.0,0,72642.0,0,61097.0,0,4820.0,0,7539.0,0,16381.0,0,49768.0,0,3947.0,0,14067.0,0,6276.0,0,12404.0,0,2358.0,0,4350.0,0,458649.0,0,0.0,100,71628.0,0,50663.0,0,43932.0,0,96728.0,0
0,2020-10-02,17699.0,0,87136.0,0,72642.0,0,61097.0,0,4820.0,0,7539.0,0,16381.0,0,49768.0,0,3947.0,0,14067.0,0,6276.0,0,12404.0,0,2358.0,0,4350.0,0,458649.0,0,0.0,100,71628.0,0,50663.0,0,43932.0,0,96728.0,0
0,2020-10-03,17699.0,0,87136.0,0,72642.0,0,61097.0,0,4820.0,0,7539.0,0,16381.0,0,49768.0,0,3947.0,0,14067.0,0,6276.0,0,12404.0,0,2358.0,0,4350.0,0,458649.0,0,0.0,100,71628.0,0,50663.0,0,43932.0,0,96728.0,0
0,2020-10-04,18515.0,0,90398.0,0,74271.0,0,63526.0,0,5148.0,0,7539.0,0,16982.0,0,52340.0,0,4675.0,0,14383.0,0,6785.0,0,13422.0,0,2394.0,0,4538.0,0,464582.0,0,0.0,100,72184.0,0,51872.0,0,44891.0,0,100535.0,0
0,2020-10-05,18515.0,0,90398.0,0,74271.0,0,63526.0,0,5148.0,0,7539.0,0,16982.0,0,52340.0,0,4675.0,0,14383.0,0,6785.0,0,13422.0,0,2394.0,0,4538.0,0,464582.0,0,0.0,100,72184.0,0,51872.0,0,44891.0,0,100535.0,0
0,2020-10-06,18515.0,0,90398.0,0,74271.0,0,63526.0,0,5148.0,0,7539.0,0,16982.0,0,52340.0,0,4675.0,0,14383.0,0,6785.0,0,13422.0,0,2394.0,0,4538.0,0,464582.0,0,0.0,100,72184.0,0,51872.0,0,44891.0,0,100535.0,0
0,2020-10-07,18871.0,0,93130.0,0,75257.0,0,65245.0,0,5019.0,0,7958.0,0,17283.0,0,54355.0,0,4252.0,0,15169.0,0,7135.0,0,14278.0,0,2603.0,0,4674.0,0,468268.0,0,0.0,100,72475.0,0,52549.0,0,45849.0,0,103467.0,0
0,2020-10-08,18871.0,0,93130.0,0,75257.0,0,65245.0,0,5019.0,0,7958.0,0,17283.0,0,54355.0,0,4252.0,0,15169.0,0,7135.0,0,14278.0,0,2603.0,0,4674.0,0,468268.0,0,0.0,100,72475.0,0,52549.0,0,45849.0,0,103467.0,0
0,2020-10-09,18871.0,0,93130.0,0,75257.0,0,65245.0,0,5019.0,0,7958.0,0,17283.0,0,54355.0,0,4252.0,0,15169.0,0,7135.0,0,14278.0,0,2603.0,0,4674.0,0,468268.0,0,0.0,100,72475.0,0,52549.0,0,45849.0,0,103467.0,0
0,2020-10-10,18871.0,0,93130.0,0,75257.0,0,65245.0,0,5019.0,0,7958.0,0,17283.0,0,54355.0,0,4252.0,0,15169.0,0,7135.0,0,14278.0,0,2603.0,0,4674.0,0,468268.0,0,0.0,100,72475.0,0,52549.0,0,45849.0,0,103467.0,0
0,2020-10-11,19900.0,0,97016.0,0,77755.0,0,67883.0,0,5537.0,0,7958.0,0,18310.0,0,57321.0,0,5170.0,0,15589.0,0,7906.0,0,15731.0,0,3097.0,0,4927.0,0,474286.0,0,0.0,100,73174.0,0,54139.0,0,47107.0,0,108194.0,0
0,2020-10-12,19900.0,0,97016.0,0,77755.0,0,67883.0,0,5537.0,0,7958.0,0,18310.0,0,57321.0,0,5170.0,0,15589.0,0,7906.0,0,15731.0,0,3097.0,0,4927.0,0,474286.0,0,0.0,100,73174.0,0,54139.0,0,47107.0,0,108194.0,0
0,2020-10-13,19900.0,0,97016.0,0,77755.0,0,67883.0,0,5537.0,0,7958.0,0,18310.0,0,57321.0,0,5170.0,0,15589.0,0,7906.0,0,15731.0,0,3097.0,0,4927.0,0,474286.0,0,0.0,100,73174.0,0,54139.0,0,47107.0,0,108194.0,0
0,2020-10-14,20649.0,0,100225.0,0,79294.0,0,69653.0,0,5313.0,0,8577.0,0,18860.0,0,59329.0,0,4632.0,0,16378.0,0,8368.0,0,16804.0,0,3144.0,0,5170.0,0,477940.0,0,0.0,100,73608.0,0,54987.0,0,47513.0,0,111136.0,0
0,2020-10-15,20649.0,0,100225.0,0,79294.0,0,69653.0,0,5313.0,0,8577.0,0,18860.0,0,59329.0,0,4632.0,0,16378.0,0,8368.0,0,16804.0,0,3144.0,0,5170.0,0,477940.0,0,0.0,100,73608.0,0,54987.0,0,47513.0,0,111136.0,0
0,2020-10-16,20649.0,0,100225.0,0,79294.0,0,69653.0,0,5313.0,0,8577.0,0,18860.0,0,59329.0,0,4632.0,0,16378.0,0,8368.0,0,16804.0,0,3144.0,0,5170.0,0,477940.0,0,0.0,100,73608.0,0,54987.0,0,47513.0,0,111136.0,0
0,2020-10-17,20649.0,0,100225.0,0,79294.0,0,69653.0,0,5313.0,0,8577.0,0,18860.0,0,59329.0,0,4632.0,0,16378.0,0,8368.0,0,16804.0,0,3144.0,0,5170.0,0,477940.0,0,0.0,100,73608.0,0,54987.0,0,47513.0,0,111136.0,0
0,2020-10-18,22313.0,0,105451.0,0,81437.0,0,72892.0,0,5840.0,0,8577.0,0,19950.0,0,62043.0,0,5303.0,0,16794.0,0,9578.0,0,18388.0,0,4226.0,0,5433.0,0,484281.0,0,0.0,100,77598.0,0,54987.0,0,49177.0,0,116228.0,0
0,2020-10-19,22313.0,0,105451.0,0,81437.0,0,72892.0,0,5840.0,0,8577.0,0,19950.0,0,62043.0,0,5303.0,0,16794.0,0,9578.0,0,18388.0,0,4226.0,0,5433.0,0,484281.0,0,0.0,100,77598.0,0,54987.0,0,49177.0,0,116228.0,0
0,2020-10-20,22313.0,0,105451.0,0,81437.0,0,72892.0,0,5840.0,0,8577.0,0,19950.0,0,62043.0,0,5303.0,0,16794.0,0,9578.0,0,18388.0,0,4226.0,0,5433.0,0,484281.0,0,0.0,100,77598.0,0,54987.0,0,49177.0,0,116228.0,0
0,2020-10-21,23286.0,0,109581.0,0,82600.0,0,75133.0,0,6094.0,0,9206.0,0,20491.0,0,64265.0,0,4858.0,0,17499.0,0,10468.0,0,19501.0,0,5090.0,0,5652.0,0,488506.0,0,0.0,100,75017.0,0,57349.0,0,49548.0,0,118893.0,0
0,2020-10-22,23286.0,0,109581.0,0,82600.0,0,75133.0,0,6094.0,0,9206.0,0,20491.0,0,64265.0,0,4858.0,0,17499.0,0,10468.0,0,19501.0,0,5090.0,0,5652.0,0,488506.0,0,0.0,100,75017.0,0,57349.0,0,49548.0,0,118893.0,0
0,2020-10-23,23286.0,0,109581.0,0,82600.0,0,75133.0,0,6094.0,0,9206.0,0,20491.0,0,64265.0,0,4858.0,0,17499.0,0,10468.0,0,19501.0,0,5090.0,0,5652.0,0,488506.0,0,0.0,100,75017.0,0,57349.0,0,49548.0,0,118893.0,0
0,2020-10-24,23286.0,0,109581.0,0,82600.0,0,75133.0,0,6094.0,0,9206.0,0,20491.0,0,64265.0,0,4858.0,0,17499.0,0,10468.0,0,19501.0,0,5090.0,0,5652.0,0,488506.0,0,0.0,100,75017.0,0,57349.0,0,49548.0,0,118893.0,0
0,2020-10-25,25285.0,0,115934.0,0,85429.0,0,79280.0,0,7089.0,0,9206.0,0,21580.0,0,67804.0,0,5762.0,0,17895.0,0,12168.0,0,21079.0,0,6378.0,0,5994.0,0,495464.0,0,0.0,100,76321.0,0,58810.0,0,50998.0,0,123935.0,0
0,2020-10-26,25285.0,0,115934.0,0,85429.0,0,79280.0,0,7089.0,0,9206.0,0,21580.0,0,67804.0,0,5762.0,0,17895.0,0,12168.0,0,21079.0,0,6378.0,0,5994.0,0,495464.0,0,0.0,100,76321.0,0,58810.0,0,50998.0,0,123935.0,0
0,2020-10-27,25285.0,0,115934.0,0,85429.0,0,79280.0,0,7089.0,0,9206.0,0,21580.0,0,67804.0,0,5762.0,0,17895.0,0,12168.0,0,21079.0,0,6378.0,0,5994.0,0,495464.0,0,0.0,100,76321.0,0,58810.0,0,50998.0,0,123935.0,0
0,2020-10-28,26496.0,0,120697.0,0,87965.0,0,82223.0,0,7213.0,0,10051.0,0,21580.0,0,67804.0,0,5277.0,0,18749.0,0,13049.0,0,22235.0,0,7217.0,0,6218.0,0,500677.0,0,0.0,100,77376.0,0,59954.0,0,51692.0,0,127308.0,0
0,2020-10-29,26496.0,0,120697.0,0,87965.0,0,82223.0,0,7213.0,0,10051.0,0,21580.0,0,67804.0,0,5277.0,0,18749.0,0,13049.0,0,22235.0,0,7217.0,0,6218.0,0,500677.0,0,0.0,100,77376.0,0,59954.0,0,51692.0,0,127308.0,0
0,2020-10-30,26496.0,0,120697.0,0,87965.0,0,82223.0,0,7213.0,0,10051.0,0,21580.0,0,67804.0,0,5277.0,0,18749.0,0,13049.0,0,22235.0,0,7217.0,0,6218.0,0,500677.0,0,0.0,100,77376.0,0,59954.0,0,51692.0,0,127308.0,0
0,2020-10-31,26496.0,0,120697.0,0,87965.0,0,82223.0,0,7213.0,0,10051.0,0,21580.0,0,67804.0,0,5277.0,0,18749.0,0,13049.0,0,22235.0,0,7217.0,0,6218.0,0,500677.0,0,0.0,100,77376.0,0,59954.0,0,51692.0,0,127308.0,0
0,2020-11-01,29642.0,0,128953.0,0,91675.0,0,86635.0,0,8143.0,0,10051.0,0,23198.0,0,72059.0,0,6433.0,0,19329.0,0,15405.0,0,24629.0,0,8537.0,0,6565.0,0,509735.0,0,0.0,100,78276.0,0,61927.0,0,52890.0,0,133455.0,0
0,2020-11-02,29642.0,100,128953.0,100,91675.0,100,86635.0,100,8143.0,100,10051.0,100,23198.0,100,72059.0,100,6433.0,100,19329.0,100,15405.0,100,24629.0,100,8537.0,100,6565.0,100,509735.0,100,0.0,100,78276.0,100,61927.0,100,52890.0,100,133455.0,100
0,2020-11-03,29642.0,100,128953.0,100,91675.0,100,86635.0,100,8143.0,100,10051.0,100,23198.0,100,72059.0,100,6433.0,100,19329.0,100,15405.0,100,24629.0,100,8537.0,100,6565.0,100,509735.0,100,0.0,100,78276.0,100,61927.0,100,52890.0,100,133455.0,100
